station,96002,96102,97302,97602,97304,97604,96302,97306,96602,97308,96304,95902,96104,97002,96604,97310
Kasara,"03:51
06:57
08:18",,"04:59
17:02
20:15",06:10,21:21,"13:31
18:17","12:19
15:35
22:00",,,,10:18,07:22,11:10,"14:42
16:16",,
Umbermali,"04:02
07:08
08:29",,"05:10
17:13
20:26",06:21,21:32,"13:42
18:28","12:30
15:46
22:11",,,,10:29,07:33,11:21,"14:53
16:27",,
Khardi,"04:08
07:14
08:35",,"05:16
17:19
20:32",06:27,21:38,"13:48
18:34","12:36
15:52
22:17",,,,10:35,07:39,11:27,"14:59
16:33",,
Thansit,"04:13
07:19
08:40",,"05:21
17:24
20:37",06:32,21:43,"13:53
18:39","12:41
15:57
22:22",,,,10:40,07:44,11:32,"15:04
16:38",,
Atgaon,"04:18
07:24
08:45",,"05:26
17:29
20:42",06:37,21:48,"13:58
18:44","12:46
16:02
22:27",,,,10:45,07:49,11:37,"15:09
16:43",,
Asangaon,"04:28
07:35
08:30
08:55
18:15
22:10","06:11
09:18
19:42","05:36
08:47
17:39
20:52","06:47
15:43","16:36
21:57","14:08
18:54","12:56
16:12
22:36",13:16,"15:02
17:50",,"10:55
20:33","07:28
07:59
23:08",11:47,"10:03
11:16
15:18
16:54
19:10",07:08,
Vasind,"04:34
07:43
08:39
09:01
18:23
22:18","06:20
09:26
19:50","05:42
08:56
17:45
20:58","06:53
15:51","16:44
22:03","14:14
19:00","13:02
16:18
22:42",13:24,"15:10
17:58",,"11:01
20:41","07:36
08:05
23:15",11:53,"10:12
11:24
15:24
17:00
19:18",07:17,
Khadavli,"04:41
07:50
08:46
09:08
18:30
22:25","06:27
09:33
19:57","05:49
09:03
17:52
21:05","07:00
15:58","16:51
22:10","14:21
19:07","13:09
16:25
22:49",13:31,"15:17
18:05",,"11:08
15:58
20:48","07:43
08:12
23:22",12:00,"10:19
11:31
15:31
17:07
19:25",07:24,
Titwala,"04:48
07:57
08:53
09:15
10:45
13:20
15:35
18:37
22:33","06:34
08:33
09:40
15:58
20:04","05:56
09:04
09:10
11:54
14:44
17:59
18:30
21:12","07:07
12:44
16:05","16:58
20:14
22:17","08:09
09:53
14:28
15:35
19:14
21:00","05:11
06:46
07:45
11:18
13:16
15:58
16:32
22:57","12:58
13:38
22:06","03:56
15:24
17:36
18:12","06:13
17:07
23:14","11:15
15:08
16:05
19:45
20:55","07:50
08:19
19:01
23:29","10:20
12:07
12:21
13:51
21:24","05:34
07:21
10:25
10:58
11:38
15:39
17:14
19:32","04:32
07:31
16:47
20:37
22:25",
Ambivli,"04:54
08:03
08:59
09:21
10:51
13:26
15:41
18:43
22:41","06:40
08:40
09:46
16:04
20:10","06:02
09:10
09:16
12:00
14:50
18:05
18:36
21:18","07:13
12:50
16:11","17:04
20:23
22:23","08:15
09:59
14:34
15:41
19:20
21:06","05:17
06:52
07:51
11:24
13:22
16:04
16:38
23:05","13:04
13:44
22:12","04:02
15:30
17:42
18:18","06:19
17:13
23:20","11:21
15:14
16:11
19:51
21:01","07:56
08:25
19:07
23:35","10:26
12:13
12:27
13:57
21:30","05:40
07:27
10:31
11:04
11:44
15:45
17:20
19:38","04:38
07:37
16:53
20:43
22:31",
Shahad,"04:57
08:07
09:02
09:24
10:55
13:29
15:45
18:46
22:44","06:43
08:44
09:49
16:07
20:13","06:05
09:13
09:19
12:04
14:54
18:08
18:40
21:21","07:16
12:54
16:14","17:07
20:27
22:26","08:19
10:03
14:37
15:45
19:23
21:10","05:21
06:56
07:55
11:28
13:25
16:07
16:41
23:08","13:08
13:47
22:16","04:06
15:33
17:46
18:21","06:23
17:17
23:24","11:24
15:18
16:14
19:55
21:04","08:00
08:29
19:11
23:38","10:30
12:16
12:31
14:01
21:34","05:44
07:31
10:34
11:08
11:47
15:49
17:23
19:41","04:42
07:40
16:57
20:47
22:35",
Khopoli,00:30,,"07:20
14:55","12:40
20:03",,05:10,,"14:55
16:30",08:40,11:20,"06:16
22:15","10:00
21:09","04:50
13:48",,"18:02
23:20",
Lowjee,00:34,,07:24,"12:44
20:07",,05:14,,"14:59
16:34",08:44,11:24,"06:20
22:19","10:04
21:13","04:54
13:52",,"18:06
23:24",
Dolavli,00:38,,07:28,"12:48
20:11",,05:18,,"15:03
16:38",08:48,11:28,"06:24
22:23","10:08
21:17","04:58
13:56",,"18:10
23:28",
Kelavli,00:41,,07:31,"12:51
20:14",,05:21,,"15:06
16:41",08:51,11:31,"06:27
22:26","10:11
21:20","05:01
13:59",,"18:13
23:31",
Palasdhari,00:48,,07:38,"12:58
20:21",,05:28,,"15:13
16:48",08:58,11:38,"06:34
22:33","10:18
21:27","05:08
14:06",,"18:20
23:38",
Karjat,"00:55
12:23",02:30,07:45,"07:52
13:05
20:28","04:27
13:27
20:38","04:53
05:35
06:33
07:00
17:56","05:50
08:27
13:55
17:33","09:45
15:20
16:57
18:40","09:06
15:26
16:00","11:19
11:45
22:03","06:42
12:00
21:10
22:41","10:25
21:34","03:35
05:20
10:43
14:14
21:43",07:19,"18:28
23:45",
Bhivpuri road,12:32,02:39,,"08:01
20:47","04:36
13:36
20:47","05:02
05:59
06:42
07:09
18:05","05:59
08:36
14:04
17:42","09:54
15:35
17:06
18:49","09:15
15:35
16:09","11:28
12:09
21:19
22:12","06:51
12:09
21:19
22:50",10:52,"03:44
05:29
10:52
14:23
21:52",07:28,18:37,
Neral,12:39,02:46,08:08,"08:08
20:54","04:43
13:43
20:54","05:09
06:06
06:49
07:16
18:12","06:06
08:43
14:11
17:49","10:01
15:42
17:13
18:56","09:22
15:42
16:16","11:35
12:16
21:26
22:19","06:58
12:16
21:26
22:57",10:59,"03:51
05:36
10:59
14:30
21:59",07:35,18:44,
Shelu,12:43,02:50,08:12,"08:12
20:58","04:47
13:47
20:58","05:13
06:10
06:53
07:20
18:16","06:10
08:47
14:15
17:53","10:05
15:46
17:17
19:00","09:26
15:46
16:20","11:39
12:20
21:30
22:23","07:02
12:20
21:30
23:01",11:03,"03:55
05:40
11:03
14:34
22:03",07:39,18:48,
Vangani,12:47,02:54,08:16,"08:16
21:02","04:51
13:51
21:02","05:17
06:14
06:57
07:24
18:20","06:14
08:51
14:19
17:57","10:09
15:50
17:21
19:04","09:30
15:50
16:24","11:43
12:24
21:34
22:27","07:06
12:24
21:34
23:05",11:07,"03:59
05:44
11:07
14:38
22:07",07:43,18:52,
Badlapur,"05:40
11:41
12:55
14:57
16:47
17:16
19:34","03:03
10:42
15:47
21:58","08:25
10:26","08:25
12:15
13:59
16:18
21:10
22:40","05:00
10:58
13:48
13:59
21:10","05:25
06:22
07:06
07:33
09:29
12:00
14:27
18:28","06:22
08:59
14:27
17:00
18:05","06:46
08:10
10:18
15:58
17:29
19:12
21:06","09:38
12:27
15:58
16:32
20:46
21:37
21:06
23:04","11:51
12:32
20:03
20:22
21:42
21:37
22:35","06:15
07:14
11:25
12:32
21:42
23:14","06:15
11:15
14:11
14:46
15:32","04:07
05:52
11:15
14:46
18:55
22:15","06:52
07:51
08:45
08:52
23:29","06:52
08:45
19:00",
Ambernath,"05:47
11:49
13:02
15:05
16:21
16:56
17:24
19:42","03:10
10:51
14:00
15:55
18:30
22:05","04:55
08:32
10:35
11:38","07:35
08:10
08:32
12:24
14:06
15:12
16:26
18:03
19:12
21:18
22:48","05:07
10:15
11:09
12:03
12:50
13:56
14:06
17:32
21:18","05:32
06:29
07:13
07:40
09:37
11:17
12:08
13:35
14:34
18:35
20:50","03:43
06:29
09:06
14:34
17:08
18:12
19:37
22:01","05:18
06:10
06:53
08:18
10:25
16:05
17:36
19:19
20:05
21:14","06:10
07:17
09:45
12:36
16:05
16:39
20:54
21:45
21:14
23:13","11:58
12:39
14:45
20:11
20:30
21:49
21:45
22:42","04:08
06:22
07:21
07:51
11:34
12:19
12:39
14:45
21:49
22:15
23:21","06:22
08:49
11:22
12:19
14:19
14:53
15:40","04:14
05:59
08:49
09:52
11:22
14:53
16:45
19:03
22:22","07:00
07:58
08:54
09:01
11:03
17:49
21:07
21:35
23:37","07:00
08:54
19:07
21:35",
Ulhas nagar,"05:51
11:53
13:06
15:09
16:26
17:00
17:28
19:46","03:14
10:55
14:05
15:59
18:35
22:10","05:00
08:36
10:39
11:43","07:40
08:15
08:36
12:28
14:10
15:17
16:30
18:08
19:17
21:23
22:52","05:11
10:20
11:14
12:08
12:55
14:00
14:10
17:37
21:23","05:36
06:33
07:17
07:44
09:41
11:22
12:12
13:40
14:38
18:40
20:55","03:48
06:33
09:10
14:38
17:12
18:16
19:42
22:06","05:23
06:15
06:57
08:22
10:29
16:09
17:41
19:23
20:10
21:19","06:15
07:22
09:49
12:40
16:09
16:43
20:58
21:49
21:19
23:17","12:02
12:43
14:50
20:15
20:34
21:53
21:49
22:46","04:13
06:26
07:25
07:56
11:38
12:24
12:43
14:50
21:53
22:20
23:25","06:26
08:54
11:27
12:24
14:23
14:57
15:44","04:18
06:03
08:54
09:57
11:27
14:57
16:50
19:07
22:26","07:04
08:02
08:58
09:05
11:08
17:55
21:12
21:40
23:41","07:04
08:58
19:11
21:40",
Vithalwadi,"05:54
11:56
13:09
15:12
16:29
17:03
17:31
19:49","03:17
10:58
14:08
16:02
18:38
22:13","05:03
08:39
10:42
11:46","07:43
08:18
08:39
12:31
14:13
15:20
16:33
18:11
19:20
21:26
22:55","05:14
10:23
11:17
12:11
12:58
14:03
14:13
17:40
21:26","05:39
06:36
07:20
07:47
09:44
11:25
12:15
13:43
14:41
18:43
20:58","03:51
06:36
09:13
14:41
17:15
18:19
19:45
22:09","05:26
06:18
07:00
08:25
10:32
16:12
17:44
19:26
20:13
21:22","06:18
07:25
09:52
12:43
16:12
16:46
21:01
21:52
21:22
23:20","12:05
12:46
14:53
20:18
20:37
21:56
21:52
22:49","04:16
06:29
07:28
07:59
11:41
12:27
12:46
14:53
21:56
22:23
23:28","06:29
08:57
11:30
12:27
14:26
15:00
15:47","04:21
06:06
08:57
10:00
11:30
15:00
16:53
19:10
22:29","07:07
08:05
09:01
09:08
11:11
17:58
21:15
21:43
23:44","07:07
09:01
19:14
21:43",
Kalyan,"05:03
05:59
06:47
07:26
08:14
09:32
09:50
11:02
11:22
12:01
13:16
13:35
15:17
16:34
17:09
17:36
18:21
18:54
19:55
21:04
22:52","03:23
06:03
06:51
08:20
09:09
09:23
09:55
11:05
11:46
12:05
12:53
14:15
16:07
16:38
18:43
20:21
22:21
22:56","05:09
06:11
06:54
07:21
08:46
08:51
09:26
10:47
11:52
12:10
14:02
15:00
15:37
16:17
17:39
18:14
18:46
18:58
19:38
21:26
21:59
23:15","06:32
07:22
07:49
08:23
08:46
09:02
10:50
12:37
13:00
13:43
14:20
15:25
16:38
17:13
18:18
19:25
20:29
21:33
22:06
23:00","05:20
06:14
07:18
07:57
08:25
09:47
10:28
11:25
12:16
13:04
14:09
14:44
14:20
15:47
16:42
17:12
17:45
18:22
19:02
19:45
20:34
21:16
21:33
22:33
23:04","05:45
06:41
07:26
07:53
08:14
08:25
08:54
09:50
10:09
11:31
12:20
13:09
13:48
14:47
14:44
15:10
15:51
18:49
19:29
19:48
21:04
21:19
21:16","03:57
05:28
06:41
07:02
07:42
08:01
08:54
09:19
09:43
11:02
11:35
13:32
14:25
14:47
15:14
16:15
16:48
17:20
18:25
18:34
19:51
20:38
21:19
22:14
23:15","05:31
06:23
07:05
07:34
08:30
08:46
09:29
10:39
12:24
13:14
13:52
14:33
14:25
16:18
16:24
17:50
18:00
19:32
20:19
20:43
21:27
22:22
23:19","04:12
05:39
06:29
06:23
07:30
08:46
09:58
10:15
11:22
11:42
12:48
13:55
14:33
15:40
16:18
16:54
16:57
17:53
18:28
19:08
19:56
21:08
21:57
21:27
22:26
23:26","05:43
06:29
07:09
08:33
08:36
09:07
11:10
12:11
12:52
14:58
16:21
17:23
17:27
18:40
19:12
20:23
20:46
22:02
21:57
22:54
23:30","04:21
06:35
07:34
08:04
08:09
08:36
09:20
10:02
10:25
11:31
11:47
12:32
12:52
14:04
14:41
14:58
15:24
16:21
15:58
20:03
21:12
21:36
22:02
22:29
23:36","06:35
08:07
08:36
09:02
11:36
11:50
12:37
12:32
14:31
15:06
14:41
15:52
15:58
16:04
17:27
18:48
19:17
21:40
21:36
23:43","04:27
06:12
06:43
07:15
09:02
10:06
10:36
11:15
11:36
12:22
12:40
12:37
14:08
15:06
16:04
16:10
16:58
17:37
19:15
20:50
21:40
22:34
23:47","04:39
05:50
07:12
06:43
07:37
08:10
09:06
09:13
10:40
11:19
11:15
11:54
12:40
15:56
16:10
16:28
17:30
18:05
18:51
19:47
21:21
21:48
23:52","04:48
07:12
07:47
09:06
17:03
19:21
20:55
21:48
22:42",
Thakurli,"05:08
06:06
06:54
07:32
09:38
09:56
11:29
12:08
13:41
18:27
19:00
21:10
22:57","03:30
06:10
06:58
08:27
09:28
10:00
12:12
12:59
14:23
16:44
20:27
23:01","05:14
06:16
07:01
07:27
08:56
09:31
10:53
12:16
15:05
15:43
16:23
19:04
19:44
22:06","09:08
10:57
13:06
13:49
14:27
17:19
20:35
22:12
23:06","05:26
06:20
08:03
08:31
11:32
12:23
13:10
14:27
15:53
19:08
19:51
20:40
21:21
23:09","08:20
08:31
10:15
11:38
12:27
13:14
13:54
15:16
15:57
19:54
21:25
21:21","04:02
05:34
07:07
07:48
08:07
09:49
11:08
11:41
14:32
15:20
18:40
19:58
20:44
21:25
22:20
23:22","05:38
06:30
07:11
07:40
08:52
09:34
12:31
13:19
13:58
14:39
14:32
16:30
18:07
20:49
21:34
22:28
23:24","04:18
05:46
06:34
06:30
08:52
10:21
11:49
14:01
14:39
17:02
19:15
20:03
21:34
22:32
23:33","05:50
06:34
07:15
08:42
09:12
11:16
17:34
18:46
19:19
20:52
23:36","04:28
06:42
08:15
08:42
09:25
10:31
11:54
12:37
14:10
14:47
15:29
16:04
20:10
21:42
22:36
23:42","06:42
11:57
12:42
12:37
14:47
16:04
16:09
18:54
19:22
21:46
21:42
23:50","04:34
06:50
07:21
10:41
11:20
12:46
12:42
14:13
16:09
16:15
17:44
20:57
21:46
22:41
23:54","04:45
05:56
06:50
09:20
10:45
11:24
11:20
12:01
12:46
16:15
18:57
21:54
23:58","04:53
07:52
21:02
21:54
22:50",
Dombivli,"05:11
06:09
06:57
07:35
08:20
09:41
09:59
11:09
11:32
12:12
13:22
13:44
15:23
16:40
17:15
17:42
17:58
18:30
19:03
20:02
21:13
22:00
23:00","03:34
06:13
07:01
08:14
08:30
09:16
09:31
10:03
11:12
11:53
12:16
13:02
13:48
14:26
16:13
16:47
18:49
20:30
22:28
23:04","05:17
06:19
07:04
07:32
08:52
08:59
09:34
10:56
11:58
12:20
14:09
15:08
15:46
16:26
17:47
18:21
18:53
19:07
19:47
20:33
21:34
22:10
23:22","06:37
07:28
07:55
08:29
08:52
09:11
11:00
12:43
13:09
13:52
14:30
15:31
16:45
16:55
17:22
18:25
19:32
19:50
20:38
21:40
22:15
23:09","05:29
06:23
07:25
08:06
08:34
09:55
10:34
11:35
12:26
13:13
14:15
14:51
14:30
15:56
16:50
17:19
17:51
18:29
18:37
19:11
19:54
20:43
21:24
21:40
22:41
23:12","05:51
06:47
07:32
07:59
08:23
08:34
08:59
09:04
09:58
10:18
11:06
11:41
12:30
13:17
13:57
14:54
14:51
15:19
16:00
18:57
19:36
19:57
21:11
21:28
21:24
22:18","04:05
05:37
06:47
07:10
07:51
08:10
08:59
09:25
09:52
11:11
11:44
13:38
14:35
14:54
15:23
16:21
16:55
17:26
17:32
18:32
18:43
20:01
20:47
21:28
22:23
23:25","05:41
06:33
07:14
07:43
08:36
08:55
09:37
10:46
11:48
12:34
13:22
14:01
14:42
14:35
16:24
16:33
17:56
18:10
19:39
20:25
20:52
21:37
22:31
23:27","04:21
05:49
06:37
06:33
07:36
08:55
08:41
10:04
10:24
11:29
11:53
12:54
14:04
14:42
15:47
16:24
17:00
17:05
17:59
18:35
19:18
20:07
21:15
22:03
21:37
22:35
23:36","05:53
06:37
07:18
07:47
08:39
08:41
08:45
09:15
11:19
12:17
12:59
14:08
15:05
16:29
17:29
17:37
18:49
19:22
20:29
20:55
22:08
22:03
23:00
23:39","04:31
06:14
06:45
07:40
08:10
08:18
08:45
09:28
10:07
10:34
11:38
11:58
12:40
12:59
14:13
14:50
15:05
15:32
16:29
16:07
16:38
18:52
20:14
21:20
21:45
22:08
22:39
23:45","05:56
06:45
08:13
08:42
09:08
09:47
10:40
11:43
12:01
12:45
12:40
14:37
15:12
14:50
15:58
16:07
16:12
17:33
18:57
19:25
21:49
21:45
23:53","04:37
06:18
06:53
07:24
09:08
10:13
10:44
11:23
11:43
12:28
12:49
12:45
14:16
14:56
15:12
15:35
16:12
16:18
17:04
17:13
17:47
19:21
19:28
21:00
21:49
22:44
23:57","04:48
06:00
07:18
06:53
07:44
08:16
09:13
09:23
10:48
11:27
11:23
12:05
12:56
12:49
14:56
16:03
16:18
16:36
17:36
18:12
19:00
19:54
21:29
21:57
22:48
00:01","04:56
07:18
07:29
07:55
09:13
17:09
19:27
21:05
21:57
22:53",
Kopar,"05:14
06:12
07:00
07:39
09:44
10:03
11:35
12:16
13:47
18:01
18:34
19:06
21:16
22:04
23:03","03:38
06:16
07:04
08:18
08:33
09:34
10:07
12:20
13:05
13:52
14:29
16:51
20:33
23:08","05:20
06:22
07:07
07:35
09:02
09:37
10:59
12:24
15:11
15:49
16:29
19:10
19:50
20:37
22:13","09:14
11:03
13:12
13:56
14:33
16:59
17:25
19:54
20:41
22:18
23:12","05:32
06:26
08:09
08:37
11:38
12:29
13:16
14:33
15:59
18:41
19:15
19:57
20:46
21:27
23:15","08:26
08:37
09:07
10:21
11:10
11:44
12:33
13:20
14:00
15:22
16:03
20:01
21:31
21:27
22:22","04:08
05:40
07:13
07:54
08:13
09:55
11:14
11:47
14:38
15:26
17:36
18:46
20:05
20:50
21:31
22:26
23:28","05:44
06:36
07:17
07:46
08:58
09:40
11:52
12:37
13:25
14:04
14:45
14:38
16:36
18:13
20:55
21:40
22:34
23:30","04:24
05:52
06:40
06:36
08:58
08:45
10:27
11:56
14:07
14:45
17:08
19:22
20:10
21:40
22:39
23:39","05:56
06:40
07:21
07:51
08:45
08:48
09:18
11:22
14:12
17:40
18:52
19:26
20:58
23:42","04:34
06:48
08:21
08:48
09:31
10:37
12:01
12:43
14:16
14:53
15:35
16:10
16:42
18:56
20:17
21:48
22:43
23:48","06:00
06:48
09:51
10:44
12:04
12:48
12:43
14:53
16:10
16:15
19:00
19:29
21:52
21:48
23:56","04:40
06:56
07:27
10:47
11:26
12:52
12:48
14:19
14:59
15:39
16:15
16:21
17:17
17:50
19:33
21:04
21:52
22:47
00:00","04:51
06:04
06:56
09:26
10:51
11:30
11:26
12:08
13:00
12:52
14:59
16:21
19:03
22:00
22:52
00:04","04:59
07:32
07:58
21:08
22:00
22:56",
Diwa,"05:19
06:17
07:05
07:43
09:49
10:08
11:40
12:21
13:27
13:52
18:06
18:38
19:11
21:21
22:09
23:08","03:42
06:21
07:09
08:23
08:38
09:39
10:12
11:17
12:25
13:10
13:57
14:34
16:56
20:38
23:13","05:25
06:27
07:12
07:40
09:07
09:42
11:04
12:29
15:16
15:54
16:34
18:26
19:15
19:55
20:42
22:18","07:33
09:19
11:08
13:17
14:01
14:38
17:04
17:30
19:37
19:59
20:46
22:23
23:17","05:37
06:31
08:14
08:42
11:43
12:34
13:21
14:56
14:38
16:04
18:46
19:20
20:02
20:51
21:32
23:20","06:52
08:31
08:42
09:12
10:26
11:15
11:49
12:38
13:25
14:05
14:56
15:27
16:08
20:06
21:36
21:32
22:27","04:13
05:45
06:52
07:18
07:59
08:18
10:00
11:19
11:52
13:43
14:43
15:31
17:00
17:31
17:41
18:51
20:10
20:55
21:36
22:31
23:33","05:49
06:41
07:22
07:51
09:03
09:45
10:51
11:57
12:42
13:30
14:09
14:50
14:43
16:41
18:18
21:00
21:45
22:39
23:35","04:29
05:57
06:45
06:41
09:03
08:50
10:32
11:34
12:01
14:12
14:50
17:13
18:40
19:27
20:15
21:45
22:44
23:44","06:01
06:45
07:26
07:56
08:50
08:53
09:23
11:27
12:22
13:04
14:17
17:45
18:57
19:31
21:03
23:05
23:47","04:39
06:53
08:26
08:53
09:36
10:42
11:43
12:06
12:48
13:04
14:21
14:58
15:40
16:15
16:47
19:01
20:22
21:25
21:53
22:48
23:53","06:05
06:53
08:46
09:13
09:56
10:49
12:09
12:53
12:48
14:58
16:15
16:20
19:05
19:34
21:57
21:53
00:01","04:45
06:23
07:01
07:32
09:13
10:18
10:52
11:31
12:57
12:53
14:24
15:04
15:44
16:20
16:26
17:22
17:55
19:38
21:09
21:57
22:52
00:05","04:56
06:09
07:01
09:18
09:31
10:56
11:35
11:31
12:13
13:05
12:57
15:04
16:08
16:26
19:08
22:05
22:57
00:09","05:04
07:37
08:03
09:18
21:13
22:05
23:01",
Mumbra,"05:23
06:21
07:09
07:48
09:53
10:12
11:44
12:25
13:56
18:10
18:42
19:15
21:25
22:13
23:12","03:48
06:25
07:13
08:27
08:42
09:23
09:43
10:16
12:29
13:14
14:01
14:38
17:00
20:42
23:17","05:29
06:31
07:16
07:44
09:11
09:46
11:08
12:33
15:20
15:58
16:38
19:19
19:59
20:46
22:22","09:23
11:12
13:21
14:05
14:42
17:08
17:34
20:03
20:50
22:27
23:21","05:41
06:35
08:18
08:46
11:47
12:38
13:25
14:42
16:08
18:50
19:24
20:06
20:55
21:36
23:24","08:35
08:46
09:16
10:30
11:19
11:53
12:42
13:29
14:09
15:31
16:12
20:10
21:40
21:36
22:31","04:17
05:49
07:22
08:03
08:22
10:04
11:23
11:56
14:47
15:35
17:45
18:55
20:14
20:59
21:40
22:35
23:37","05:53
06:45
07:26
07:55
09:07
09:49
12:01
12:46
13:34
14:13
14:54
14:47
16:45
18:22
21:04
21:49
22:43
23:39","04:33
06:01
06:49
06:45
09:07
08:54
10:36
12:05
14:16
14:54
17:17
19:31
20:19
21:49
22:48
23:48","06:05
06:49
07:30
08:00
08:54
08:57
09:27
11:31
14:21
17:49
19:01
19:35
21:07
23:51","04:43
06:57
08:30
08:57
09:40
10:46
12:10
12:52
14:25
15:02
15:44
16:19
16:51
19:05
20:26
21:57
22:52
23:57","06:09
06:57
10:00
10:53
12:13
12:57
12:52
15:02
16:19
16:24
19:09
19:38
22:01
21:57
00:05","04:49
07:05
07:36
10:56
11:35
13:01
12:57
14:28
15:08
15:48
16:24
16:30
17:26
17:59
19:42
21:13
22:01
22:56
00:09","05:00
06:13
07:05
09:35
11:00
11:39
11:35
12:17
13:09
13:01
15:08
16:30
19:12
22:09
23:01
00:13","05:08
07:41
08:07
21:18
22:09
23:05",
Kalva,"05:29
06:27
07:15
07:54
09:59
10:18
11:50
12:31
14:02
18:16
18:48
19:21
21:31
22:19
23:18","03:55
06:31
07:19
08:33
08:48
09:49
10:22
12:35
13:20
14:07
14:44
17:06
20:48
23:23","05:35
06:37
07:22
07:50
09:17
09:52
11:14
12:39
15:26
16:04
16:44
19:25
20:05
20:52
22:28","09:29
11:18
13:27
14:11
14:48
17:14
17:40
20:09
20:56
22:33
23:27","05:47
06:41
08:24
08:52
11:53
12:44
13:31
14:48
16:14
18:56
19:30
20:12
21:01
21:42
23:30","08:41
08:52
09:22
10:36
11:25
11:59
12:48
13:35
14:15
15:37
16:18
20:16
21:46
21:42
22:37","04:23
05:55
07:28
08:09
08:28
10:10
11:29
12:02
14:53
15:41
17:51
19:01
20:20
21:05
21:46
22:41
23:43","05:59
06:51
07:32
08:01
09:13
09:55
12:07
12:52
13:40
14:19
15:00
14:53
16:51
18:28
21:10
21:55
22:49
23:45","04:39
06:07
06:55
06:51
09:13
09:00
10:42
12:11
14:22
15:00
17:23
19:37
20:25
21:55
22:54
23:54","06:11
06:55
07:36
08:06
09:00
09:03
09:33
11:37
14:27
17:55
19:07
19:41
21:13
23:57","04:49
07:03
08:36
09:03
09:46
10:52
12:16
12:58
14:31
15:08
15:50
16:25
16:57
19:11
20:32
22:03
22:58
00:03","06:15
07:03
10:06
10:59
12:19
13:03
12:58
15:08
16:25
16:30
19:15
19:44
22:07
22:03
00:11","04:55
07:11
07:42
11:02
11:41
13:07
13:03
14:34
15:14
15:54
16:30
16:36
17:32
18:05
19:48
21:19
22:07
23:02
00:15","05:06
06:19
07:11
09:41
11:06
11:45
11:41
12:23
13:15
13:07
15:14
16:36
19:18
22:15
23:07
00:19","05:14
07:47
08:13
21:24
22:15
23:11",
Thane,"05:34
06:32
07:20
08:02
08:36
09:03
09:16
10:05
10:23
11:25
11:55
12:37
13:38
14:07
15:03
15:38
16:55
17:30
17:57
18:21
18:53
19:26
20:17
20:50
21:36
22:24
23:23","04:00
05:37
06:36
07:24
08:05
08:39
08:53
09:32
09:54
10:27
11:29
12:09
12:41
13:25
14:12
14:49
16:28
16:43
17:11
17:41
18:24
19:04
19:29
20:01
20:53
21:39
22:44
23:28","04:04
05:40
06:42
07:28
07:55
08:25
09:07
09:22
09:57
10:46
11:19
12:14
12:45
13:28
14:24
14:52
15:31
16:09
16:49
17:13
18:02
18:37
19:08
19:30
20:10
20:57
21:50
22:33
23:40","05:47
06:55
07:43
08:10
08:44
09:07
09:35
09:57
10:33
11:23
11:56
13:00
13:32
14:16
14:53
15:46
16:12
17:00
17:19
17:45
18:41
18:57
19:48
20:14
21:01
21:55
22:38
23:32","04:16
05:52
06:46
07:40
08:01
08:29
08:57
10:10
10:50
11:25
11:59
12:49
13:36
14:30
15:08
14:53
15:36
16:19
17:05
17:34
18:06
18:44
19:01
19:35
20:17
21:06
21:47
21:55
22:58
23:35","06:06
07:03
07:47
08:14
08:47
08:57
09:16
09:27
10:13
10:41
11:30
12:05
12:53
13:40
14:20
15:11
15:08
15:42
16:23
17:21
17:52
19:12
19:51
20:21
21:26
21:51
21:47
22:42
23:40","04:28
06:00
06:50
07:03
07:33
08:16
08:33
09:16
09:00
09:43
10:16
10:44
11:34
12:08
12:56
13:55
14:22
14:58
15:11
15:46
16:37
17:10
17:41
17:56
18:47
19:06
19:38
20:26
21:10
21:51
22:46
23:49","04:40
06:04
06:56
06:50
07:37
08:06
08:51
09:00
09:19
09:30
10:00
11:03
11:36
12:13
12:57
13:45
14:24
15:05
14:58
16:40
16:56
17:25
18:11
18:33
19:54
20:40
21:15
22:00
22:54
23:50","04:44
06:12
07:00
06:56
07:51
08:20
08:36
09:19
09:05
10:20
10:48
11:45
12:17
13:10
14:28
15:08
15:05
16:02
16:40
16:30
17:15
17:28
18:14
18:51
19:10
19:42
20:30
21:30
22:19
22:00
22:59
23:59","04:48
06:16
07:04
07:00
07:41
08:11
08:54
09:05
09:08
09:38
10:06
10:52
11:42
12:33
13:16
14:32
15:22
15:08
15:51
16:30
16:45
16:59
17:44
18:00
19:12
19:46
20:44
21:18
22:24
22:19
23:15
00:03","04:54
06:30
07:08
07:04
07:55
08:26
08:42
09:08
09:51
10:23
10:58
11:55
12:22
13:03
13:16
14:36
15:13
15:22
15:55
16:45
16:30
17:02
17:31
19:16
19:49
20:37
21:35
22:08
22:24
23:03
00:09","05:08
06:20
07:08
07:44
08:29
08:58
09:08
09:25
09:54
10:11
11:04
11:59
12:25
13:08
13:03
14:52
15:27
15:13
16:13
16:30
16:35
17:06
17:49
18:07
19:20
19:49
21:21
22:12
22:08
00:16","05:00
06:34
07:16
07:47
08:14
09:25
09:41
10:29
11:07
11:46
11:59
12:43
13:12
13:08
14:39
15:19
15:27
15:59
16:35
16:41
17:19
17:37
18:11
19:36
19:53
21:24
22:15
22:12
23:07
00:20","05:11
06:24
07:33
07:16
07:59
08:32
09:29
09:46
11:11
11:50
11:46
12:29
13:20
13:12
15:19
16:19
16:41
16:52
17:10
17:52
18:27
19:23
20:09
21:44
22:20
22:15
23:12
00:24","05:19
06:28
07:33
07:52
08:18
09:29
09:50
10:20
15:23
17:24
19:42
21:29
22:20
23:16",05:24
Mulund,"05:38
06:36
07:25
08:40
09:09
09:22
10:10
10:28
12:42
14:12
15:42
18:01
18:26
18:58
19:31
20:56
21:41
22:29
23:27","04:04
05:41
06:40
07:29
08:10
08:57
10:00
10:32
12:46
13:29
14:17
14:54
16:32
16:48
17:47
18:30
19:08
19:36
20:07
20:59
21:45
22:48
23:33","04:08
05:45
06:46
07:33
08:01
08:30
09:26
10:52
11:23
12:18
12:50
13:33
14:58
15:36
16:15
16:53
17:18
18:06
18:41
19:12
20:14
21:03
21:54
22:37
23:44","05:52
08:48
09:40
10:03
10:39
11:27
12:02
13:37
14:21
16:18
17:04
17:23
17:51
19:03
19:52
20:19
21:07
21:59
22:43
23:36","04:20
05:56
06:50
07:44
08:05
08:34
09:02
11:31
12:05
12:54
13:41
15:42
16:24
17:09
18:10
19:06
19:40
20:22
21:11
21:52
21:59
23:02","06:09
07:07
07:51
08:18
09:02
09:20
09:32
10:46
11:35
12:10
12:58
14:25
15:46
16:28
17:27
17:58
21:56
21:52
22:47
23:44","04:32
06:04
06:54
07:07
07:38
08:22
08:38
09:20
09:06
10:20
10:50
12:13
13:02
14:28
15:03
16:41
17:45
18:02
19:10
19:44
20:31
21:15
21:56
22:51
23:53","04:44
06:08
07:00
06:54
07:42
08:11
08:55
09:06
09:23
09:36
10:06
11:07
11:42
12:18
13:49
15:10
15:03
16:44
17:01
17:31
18:38
21:19
22:05
22:59","04:48
06:16
07:04
07:00
08:26
08:41
09:23
09:11
10:24
10:53
12:22
14:32
15:14
15:10
16:44
16:36
17:19
17:34
18:55
19:16
19:47
20:35
22:23
22:05
23:04","04:54
06:20
07:08
07:04
07:46
08:16
08:58
09:11
09:43
10:12
10:58
11:47
13:20
14:37
15:26
15:14
15:56
16:36
16:49
17:05
18:06
19:51
20:48
21:23
22:28
22:23","04:58
07:12
07:08
07:59
08:47
09:14
11:02
11:59
12:27
13:07
13:20
14:41
15:18
15:26
16:00
16:49
17:08
17:37
19:20
19:55
20:42
21:39
22:13
22:28
23:08
00:13","05:13
06:24
07:12
07:49
08:33
09:02
09:14
09:59
10:16
11:08
12:30
13:12
13:07
14:56
15:18
16:40
17:11
18:13
19:24
21:27
22:17
22:13","05:04
06:38
07:20
07:53
08:19
09:47
11:11
11:51
12:47
13:16
13:12
14:44
15:24
16:04
16:40
16:45
17:41
18:17
19:40
19:58
22:21
22:17
23:12","05:15
06:28
07:20
08:03
09:51
11:15
11:55
11:51
12:34
13:24
13:16
15:24
16:45
17:15
18:31
19:27
20:13
22:24
22:21
23:16
00:28","05:23
06:32
07:57
08:23
09:56
10:25
15:28
21:34
22:24",05:28
Nahur,"05:41
06:39
07:28
09:25
10:31
12:45
14:15
18:29
19:01
19:34
20:59
21:44
22:32
23:30","04:07
05:44
06:43
07:32
09:00
10:03
10:35
12:49
13:32
14:20
14:57
16:51
17:50
18:33
19:39
20:10
21:02
21:48
23:36","04:11
05:48
06:49
07:36
08:04
08:33
09:29
11:26
12:53
13:36
15:01
15:39
16:18
16:56
17:21
20:17
21:06
22:40","05:55
10:06
10:42
11:30
12:05
13:40
14:24
16:21
17:26
17:54
19:06
20:22
21:10
22:46
23:39","04:23
05:59
06:53
08:08
08:37
09:05
11:34
12:08
12:57
13:44
15:45
16:27
19:09
19:43
20:25
21:14
21:55","09:05
09:35
10:49
11:38
12:13
13:01
14:28
15:49
16:31
17:30
18:01
21:59
21:55
22:50
23:47","04:35
06:07
06:57
07:41
08:41
09:09
10:53
12:16
13:05
14:31
15:06
18:05
19:13
19:47
20:34
21:18
21:59
22:54
23:56","04:47
06:11
07:03
06:57
07:45
08:14
09:09
09:39
10:09
11:45
12:21
13:52
15:13
15:06
17:04
17:34
18:41
21:22
22:08
23:02","04:51
06:19
07:07
07:03
08:44
09:14
10:56
12:25
14:35
15:17
15:13
16:39
17:37
19:19
19:50
20:38
22:08
23:07","04:57
06:23
07:11
07:07
07:49
08:19
09:14
09:46
10:15
11:01
11:50
14:40
15:17
15:59
16:39
17:08
18:09
19:54
21:26","05:01
07:15
07:11
08:50
09:17
11:05
12:30
13:10
14:44
15:21
16:03
17:11
17:40
19:23
19:58
20:45
22:16
23:11
00:16","06:27
07:15
07:52
09:17
10:19
11:11
12:33
13:15
13:10
15:21
16:43
17:14
18:16
19:27
21:30
22:20
22:16","05:07
07:23
07:56
08:22
09:50
11:14
11:54
13:19
13:15
14:47
15:27
16:07
16:43
16:48
17:44
18:20
20:01
22:24
22:20
23:15","05:18
06:31
07:23
09:54
11:18
11:58
11:54
12:37
13:27
13:19
15:27
16:48
17:18
19:30
22:27
22:24
23:19
00:31","05:26
06:35
08:00
08:26
09:59
10:28
15:31
21:37
22:27",05:31
Bhandup,"05:44
06:42
07:31
08:10
09:28
10:34
12:48
14:18
17:03
18:32
19:04
19:37
21:02
21:47
22:35
23:33","04:10
05:47
06:46
07:35
08:47
09:03
09:40
10:06
10:38
12:52
13:35
14:23
15:00
16:54
17:53
18:36
19:42
20:13
21:05
21:51
23:39","04:14
05:51
06:52
07:39
08:07
08:36
09:32
11:29
12:56
13:39
15:04
15:42
16:21
16:59
17:24
20:20
21:09
22:43","05:58
07:51
08:18
10:09
10:45
11:33
12:08
13:43
14:27
15:54
16:24
17:29
17:57
19:09
20:25
21:13
22:49
23:42","04:26
06:02
06:56
08:11
08:40
09:08
11:37
12:11
13:00
13:47
15:48
16:30
17:41
19:12
19:46
20:29
21:17
21:58","08:56
09:08
09:38
10:22
10:52
11:41
12:16
13:04
14:31
15:52
16:34
17:33
18:04
19:59
22:02
21:58
22:53
23:50","04:38
06:10
07:00
07:44
08:44
09:12
10:56
12:19
13:08
14:34
15:09
18:08
19:16
19:50
20:37
21:21
22:02
22:57
23:59","04:50
06:14
07:06
07:00
07:48
08:17
09:12
09:42
10:12
11:48
12:24
13:55
15:16
15:09
17:07
17:37
18:44
20:51
21:25
22:11
23:05","04:54
06:22
07:10
07:06
08:47
09:17
10:59
12:28
14:38
15:20
15:16
16:42
17:40
19:22
19:53
20:41
22:11
23:10","05:00
06:26
07:14
07:10
07:52
08:22
09:17
09:49
10:18
11:04
11:53
14:43
15:20
16:02
16:42
17:11
18:12
19:57
21:29","05:04
06:38
07:18
07:14
08:34
08:53
09:20
10:00
11:08
12:33
13:13
14:47
15:24
16:06
17:14
17:43
19:26
20:01
20:48
22:19
23:14
00:19","06:30
07:18
07:55
09:20
09:34
10:22
11:14
12:36
13:18
13:13
15:24
16:21
16:46
17:17
18:19
19:30
21:33
22:23
22:19","05:10
07:26
07:59
08:25
09:34
09:53
11:17
11:57
13:22
13:18
14:50
15:30
16:10
16:46
16:51
17:25
17:47
18:23
20:04
22:27
22:23
23:18","05:21
06:34
07:26
08:40
09:57
11:21
12:01
11:57
12:40
13:30
13:22
15:30
16:27
16:51
17:21
17:59
19:33
22:30
22:27
23:22
00:34","05:29
06:38
08:03
08:29
10:02
10:31
15:34
19:50
21:40
22:30",05:34
Kanjur marg,"05:47
06:45
07:34
09:31
10:37
12:51
14:21
18:35
19:07
19:40
21:05
21:50
22:38
23:36","04:13
05:50
06:49
07:38
09:06
10:09
10:41
12:55
13:38
14:26
15:03
16:57
17:56
18:39
19:45
20:16
21:08
21:54
23:42","04:17
05:54
06:55
07:42
08:10
08:39
09:35
11:32
12:59
13:42
15:07
15:45
16:24
17:02
17:27
20:23
21:12
22:46","06:01
10:12
10:48
11:36
12:11
13:46
14:30
16:27
17:32
18:00
19:12
20:28
21:16
22:52
23:45","04:29
06:05
06:59
08:14
08:43
09:11
11:40
12:14
13:03
13:50
15:51
16:33
19:15
19:49
20:32
21:20
22:01","09:11
09:41
10:55
11:44
12:19
13:07
14:34
15:55
16:37
17:36
18:07
22:05
22:01
22:56
23:53","04:41
06:13
07:03
07:47
08:47
09:15
10:59
12:22
13:11
14:37
15:12
18:11
19:19
19:53
20:40
21:24
22:05
23:00
00:02","04:53
06:17
07:09
07:03
07:51
08:20
09:15
09:45
10:15
11:51
12:27
13:58
15:19
15:12
17:10
17:40
18:47
21:28
22:14
23:08","04:57
06:25
07:13
07:09
08:50
09:20
11:02
12:31
14:41
15:23
15:19
16:45
17:43
19:25
19:56
20:44
22:14
23:13","05:03
06:29
07:17
07:13
07:55
08:25
09:20
09:52
10:21
11:07
11:56
14:46
15:23
16:05
16:45
17:14
18:15
20:00
21:32","05:07
07:21
07:17
08:56
09:23
11:11
12:36
13:16
14:50
15:27
16:09
17:17
17:46
19:29
20:04
20:51
22:22
23:17
00:22","06:33
07:21
07:58
09:23
10:25
11:17
12:39
13:21
13:16
15:27
16:49
17:20
18:22
19:33
21:36
22:26
22:22","05:13
07:29
08:02
08:28
09:56
11:20
12:00
13:25
13:21
14:53
15:33
16:13
16:49
16:54
17:50
18:26
20:07
22:30
22:26
23:21","05:24
06:37
07:29
10:00
11:24
12:04
12:00
12:43
13:33
13:25
15:33
16:54
17:24
19:36
22:33
22:30
23:25
00:37","05:32
06:41
08:06
08:32
10:05
10:34
15:37
21:43
22:33",05:37
Vikhroli,"05:50
06:48
07:37
09:34
10:40
12:54
14:24
18:38
19:10
19:43
21:08
21:53
22:41
23:39","04:16
05:53
06:52
07:41
08:18
09:09
10:12
10:44
12:58
13:41
14:29
15:06
17:00
17:59
18:42
19:48
20:19
21:11
21:57
23:45","04:20
05:57
06:58
07:45
08:13
08:42
09:38
11:35
13:02
13:45
15:10
15:48
16:27
17:05
17:30
19:21
20:26
21:15
22:49","06:04
08:56
10:15
10:51
11:39
12:14
13:49
14:33
16:30
17:35
18:03
19:15
20:00
20:31
21:19
22:55
23:48","04:32
06:08
07:02
08:17
08:46
09:14
11:43
12:17
13:06
13:53
15:54
16:36
19:18
19:52
20:35
21:23
22:04","07:15
08:26
09:14
09:44
10:58
11:47
12:22
13:10
14:37
15:58
16:40
17:39
18:10
22:08
22:04
22:59
23:56","04:44
06:16
07:06
07:15
07:50
08:30
08:50
09:18
10:29
11:02
12:25
13:14
14:40
15:15
18:14
19:22
19:56
20:43
21:27
22:08
23:03
00:05","04:56
06:20
07:12
07:06
07:54
08:23
09:03
09:18
09:32
09:48
10:18
11:54
12:30
14:01
15:22
15:15
17:13
17:43
18:50
20:07
21:31
22:17
23:11","05:00
06:28
07:16
07:12
08:03
08:34
08:53
09:32
09:23
11:05
12:34
14:44
15:26
15:22
16:48
17:46
19:28
19:59
20:47
22:17
23:16","05:06
06:32
07:20
07:16
07:58
08:28
09:23
09:55
10:24
11:10
11:59
14:49
15:26
16:08
16:48
17:17
18:18
20:03
21:35","05:10
07:24
07:20
08:59
09:26
11:14
12:39
13:19
14:53
15:30
16:12
17:20
17:49
19:32
20:07
20:54
22:25
23:20
00:25","06:36
07:24
08:01
09:10
09:26
10:28
11:20
12:42
13:24
13:19
15:30
16:52
17:23
18:25
19:36
21:39
22:29
22:25","05:16
07:32
08:05
08:31
09:59
11:23
12:03
13:28
13:24
14:56
15:36
16:16
16:52
16:57
17:53
18:29
20:10
22:33
22:29
23:24","05:27
06:40
07:32
10:03
11:27
12:07
12:03
12:46
13:36
13:28
15:36
16:57
17:27
18:38
19:39
22:36
22:33
23:28
00:40","05:35
06:44
08:09
08:35
10:08
10:37
15:40
21:46
22:36",05:40
Ghatkopar,"05:54
06:52
07:41
08:18
08:52
09:20
09:38
10:22
10:44
11:39
12:58
13:53
14:28
15:19
15:54
17:11
17:43
18:13
18:42
19:14
19:47
20:32
21:12
21:57
22:45
23:44","04:20
05:57
06:56
07:45
08:55
09:13
09:49
10:16
10:48
11:43
12:20
13:02
13:45
14:33
15:10
16:45
17:04
18:03
18:46
19:20
19:52
20:23
21:15
22:01
22:58
23:49","04:24
06:01
07:02
07:49
08:17
08:46
09:23
09:42
11:03
11:39
12:24
13:06
13:49
14:40
15:14
15:52
16:31
17:09
17:34
18:17
18:52
20:30
21:19
22:06
22:53
23:54","06:08
07:11
07:59
08:26
09:23
09:16
09:52
10:19
10:55
11:43
12:18
13:15
13:53
14:37
16:02
16:34
17:15
17:39
18:07
18:56
19:19
20:35
21:23
22:09
22:59
23:53","04:36
06:12
07:06
07:56
08:21
08:50
09:16
09:19
09:46
10:27
11:06
11:47
12:21
13:10
13:57
14:46
15:23
15:58
16:40
17:20
17:48
18:21
18:59
19:22
19:56
20:39
21:27
22:08
22:09
23:12","06:18
07:19
08:03
09:04
09:19
09:32
09:49
10:30
11:02
11:51
12:26
13:14
14:41
15:26
15:23
16:02
16:44
17:43
18:14
19:27
20:07
21:39
22:12
22:08
23:03
00:00","04:48
06:20
07:10
07:19
07:54
08:54
09:32
09:23
09:58
11:06
12:29
13:18
14:11
14:44
15:19
15:26
16:53
17:25
17:56
18:18
19:02
19:26
20:00
20:47
21:31
22:12
23:07
00:10","05:00
06:24
07:16
07:10
07:58
08:27
09:07
09:23
09:36
09:53
10:22
11:17
11:58
12:34
14:05
15:26
15:19
16:56
17:17
17:47
18:25
18:54
20:11
20:57
21:35
22:21
23:15","05:04
06:32
07:20
07:16
08:57
09:36
09:27
10:37
11:09
12:01
12:38
13:25
14:48
15:30
15:26
16:18
16:56
16:52
17:30
17:50
18:28
19:06
19:32
20:03
20:51
21:43
22:32
22:21
23:20","05:10
06:36
07:24
07:20
08:02
08:32
09:11
09:27
09:59
10:28
11:14
12:03
12:48
13:32
14:53
15:38
15:30
16:12
16:52
17:01
17:21
17:59
18:22
20:07
21:00
21:39
22:37
22:32
23:29","05:14
06:45
07:28
07:24
08:11
08:42
09:02
09:30
10:08
10:40
11:18
12:12
12:43
13:23
13:32
14:57
15:34
15:38
16:16
17:01
17:24
17:53
19:36
20:11
20:58
21:51
22:29
22:37
23:25
00:29","05:21
06:40
07:28
08:05
08:45
09:30
09:42
10:11
10:32
11:24
12:15
12:46
13:28
13:23
15:08
15:41
15:34
16:29
16:56
17:27
18:04
18:29
19:40
21:43
22:33
22:29","05:20
06:49
07:36
08:09
08:35
09:42
10:03
10:43
11:27
12:07
12:15
12:57
13:32
13:28
15:00
15:40
15:41
16:20
16:56
17:01
17:33
17:57
18:33
19:51
20:14
22:37
22:33
23:29","05:31
06:44
07:49
07:36
08:15
08:48
09:46
10:07
10:35
11:31
12:11
12:07
12:50
13:40
13:32
15:40
16:36
17:01
17:08
17:31
18:07
19:43
20:25
21:59
22:40
22:37
23:32
00:45","05:39
06:48
07:49
08:13
08:39
09:46
10:12
10:41
15:44
17:37
19:58
21:50
22:40",05:44
Vidyavihar,"05:57
06:55
07:44
09:41
10:47
13:01
14:31
18:45
19:17
19:50
21:15
22:00
22:48
23:47","04:23
06:00
06:59
07:48
09:16
10:19
10:51
13:05
13:48
14:36
15:13
17:07
18:06
18:49
19:55
20:26
21:18
22:04
23:52","04:27
06:04
07:05
07:52
08:20
08:49
09:45
11:42
13:09
13:52
15:17
15:55
16:35
17:12
17:37
20:33
21:22
22:56","06:11
09:20
10:22
10:58
11:46
12:21
13:56
14:40
16:38
17:42
18:10
19:22
20:38
21:26
23:02
23:56","04:39
06:15
07:09
08:24
08:53
09:20
09:23
09:50
11:50
12:24
13:13
14:00
16:01
16:43
19:25
19:59
20:42
21:30
22:11","09:23
09:53
11:05
11:54
12:29
13:17
14:44
16:05
16:47
17:46
18:17
22:15
22:11
23:06
00:03","04:51
06:23
07:13
07:57
08:57
09:26
11:09
12:32
13:21
14:47
15:22
18:21
19:29
20:03
20:50
21:34
22:15
23:10
00:13","05:03
06:27
07:19
07:13
08:01
08:30
09:26
09:57
10:25
12:01
12:37
14:08
15:29
15:22
17:20
17:50
18:57
21:38
22:24
23:18","05:07
06:35
07:23
07:19
09:00
09:30
11:12
12:41
14:51
15:33
15:29
16:55
17:53
19:35
20:06
20:54
22:24
23:23","05:13
06:39
07:27
07:23
08:05
08:35
09:30
10:02
10:31
11:17
12:06
14:56
15:33
16:15
16:55
17:24
18:25
20:10
21:42","05:17
07:31
07:27
09:05
09:33
11:21
12:46
13:26
15:00
15:37
16:19
17:27
17:56
19:39
20:14
21:01
22:32
23:28
00:32","06:43
07:31
08:08
09:33
10:35
11:27
12:49
13:31
13:26
15:37
16:59
17:30
18:32
19:43
21:46
22:36
22:32","05:23
07:39
08:12
08:38
10:06
11:30
12:10
13:35
13:31
15:03
15:43
16:23
16:59
17:04
18:00
18:36
20:17
22:40
22:36
23:32","05:34
06:47
07:39
10:10
10:38
11:34
12:14
12:10
12:53
13:43
13:35
15:43
17:04
17:34
19:46
22:43
22:40
23:35
00:48","05:42
06:51
08:16
08:42
10:15
10:44
15:47
21:53
22:43",05:47
Kurla,"06:00
06:58
07:47
08:22
08:56
09:24
09:44
10:26
10:50
11:43
13:04
13:57
14:34
15:23
15:58
16:34
17:15
17:47
18:17
18:48
19:20
19:53
20:36
21:18
22:03
22:51
23:50","04:26
06:03
07:02
07:51
08:26
08:59
09:19
09:53
10:22
10:54
11:47
12:24
13:08
13:51
14:39
15:16
15:54
16:49
17:10
18:10
18:52
19:24
19:58
20:29
21:21
22:07
23:02
23:55","04:30
06:07
07:08
07:55
08:23
08:52
09:27
09:48
11:07
11:45
12:28
13:12
13:55
14:44
15:20
15:58
16:38
17:15
17:40
18:21
18:56
19:28
20:36
21:25
22:10
22:59
23:58","04:38
06:14
07:15
08:03
08:30
09:04
09:27
09:23
09:56
10:25
11:01
11:49
12:24
13:19
13:59
14:43
16:06
16:41
17:19
17:45
18:14
19:00
19:25
20:08
20:41
21:29
22:13
23:05
23:59","04:42
06:18
07:12
08:00
08:27
08:56
09:23
09:26
09:53
10:31
11:10
11:53
12:27
13:16
14:03
14:51
15:27
16:04
16:46
17:24
17:52
18:25
19:03
19:28
20:02
20:45
21:33
22:14
22:13
23:16","04:46
06:22
07:23
08:07
08:34
09:08
09:26
09:36
09:56
10:34
11:08
11:57
12:32
13:20
14:47
15:30
15:27
16:08
16:50
17:19
17:49
18:20
18:56
19:31
20:11
21:43
22:18
22:14
23:09
00:06","04:54
06:26
07:16
07:23
08:00
08:38
09:00
09:36
09:29
10:03
10:38
11:12
12:35
13:24
14:15
14:50
15:25
15:30
16:57
17:29
18:00
18:24
19:06
19:32
20:06
20:53
21:37
22:22
22:18
23:13
00:16","05:06
06:30
07:22
07:16
08:04
08:33
09:11
09:29
09:40
10:00
10:28
11:21
12:04
12:40
14:11
15:32
15:25
16:12
17:00
17:23
17:53
18:29
19:00
19:35
20:15
21:01
21:41
22:27
22:22
23:21","05:10
06:38
07:26
07:22
08:11
08:42
09:03
09:40
09:33
10:03
10:41
11:15
12:05
12:44
13:29
14:54
15:36
15:32
16:22
17:00
16:58
17:34
17:56
18:32
19:10
19:38
20:09
20:57
21:47
22:36
22:27
23:26","05:16
06:42
07:30
07:26
08:08
08:38
09:15
09:33
10:06
10:34
11:20
12:09
12:52
13:36
14:59
15:42
15:36
16:18
16:58
17:05
17:27
18:03
18:29
20:13
21:04
21:45
22:41
22:36
23:33","05:20
06:49
07:34
07:30
08:15
08:46
09:08
09:36
10:12
10:44
11:24
12:17
12:49
13:29
13:36
15:03
15:40
15:42
16:22
17:05
17:30
17:59
18:32
19:42
20:17
21:04
21:55
22:35
22:41
23:31
00:35","05:25
06:46
07:38
07:34
08:11
08:49
09:18
09:36
09:46
10:15
10:38
11:30
12:20
12:52
13:34
13:29
15:12
15:45
15:40
16:33
17:02
17:33
18:08
18:36
19:46
21:49
22:39
22:35","05:26
06:53
07:42
07:38
08:15
08:41
09:46
09:39
10:09
10:47
11:33
12:13
12:20
13:01
13:38
13:34
15:06
15:46
15:45
16:26
17:02
17:07
17:37
18:03
18:40
19:55
20:20
22:43
22:39
23:35","05:37
06:50
07:53
07:42
08:19
08:52
09:39
09:50
10:13
10:41
11:37
12:17
12:13
12:56
13:46
13:38
15:46
16:40
17:07
17:12
17:37
18:11
18:45
19:49
20:29
22:03
22:46
22:43
23:38
00:51","05:45
06:54
07:53
08:19
08:45
09:50
10:18
10:47
15:50
17:41
20:02
21:56
22:46",05:50
Sion,"06:04
07:02
07:51
09:48
10:54
13:08
14:38
16:38
18:52
19:24
19:57
21:22
22:55
23:54","04:30
06:07
07:06
07:55
09:23
10:26
10:58
13:12
13:55
14:43
15:20
15:58
17:14
18:14
18:56
20:02
20:33
21:25
22:11","04:34
06:11
07:12
07:59
08:27
08:56
09:52
11:49
13:16
13:59
15:24
16:02
16:42
17:19
17:44
20:40
21:29
23:03","04:42
06:18
09:27
10:29
11:05
11:53
12:28
14:03
14:47
16:45
17:49
18:18
19:29
20:45
21:33
23:09
00:03","04:46
06:22
07:16
08:31
09:00
09:27
09:30
09:57
11:57
12:31
13:20
14:07
16:08
16:50
19:32
20:06
20:49
21:37
22:18","04:50
09:30
10:00
11:12
12:01
12:36
13:24
14:51
16:12
16:54
17:23
17:53
18:24
19:00
22:22
22:18
23:13","04:58
06:30
07:20
08:04
09:04
09:33
11:16
12:39
13:28
14:54
15:29
18:28
19:36
20:10
20:57
21:41
22:26
22:22
23:17
00:20","05:10
06:34
07:26
07:20
08:08
08:37
09:33
10:04
10:32
12:08
12:44
14:15
15:36
15:29
16:16
17:27
17:57
19:04
19:39
21:45
22:31
22:26
23:25","05:14
06:42
07:30
07:26
09:07
09:37
10:07
11:19
12:48
14:58
15:40
15:36
17:02
18:00
19:42
20:13
21:01
22:31
23:30","05:20
06:46
07:34
07:30
08:12
08:42
09:37
10:10
10:38
11:24
12:13
15:03
15:40
16:22
17:02
17:31
18:33
20:17
21:49","05:24
07:38
07:34
09:12
09:40
11:28
12:53
13:33
15:07
15:44
16:26
17:34
18:03
18:36
19:46
20:21
21:08
22:39
23:35
00:39","06:50
07:42
07:38
08:15
09:40
10:42
11:34
12:56
13:38
13:33
15:44
17:06
17:37
18:40
21:53
22:43
22:39","05:30
07:46
07:42
08:19
08:45
09:44
10:13
11:37
12:17
13:42
13:38
15:10
15:50
16:30
17:06
17:11
18:07
18:44
20:24
22:47
22:43
23:39","05:41
06:54
07:46
09:44
10:17
10:45
11:41
12:21
12:17
13:00
13:50
13:42
15:50
17:11
17:41
19:53
22:50
22:47
23:42
00:55","05:49
06:58
08:23
08:49
10:22
10:51
15:54
22:00
22:50",05:54
Matunga,"06:07
07:05
07:54
09:51
10:57
13:11
14:41
16:41
18:55
19:27
20:00
21:25
22:58
23:58","04:33
06:10
07:09
07:58
09:26
10:29
11:01
13:15
13:58
14:46
15:23
16:02
17:17
18:17
18:59
20:05
20:36
21:28
22:14","04:37
06:14
07:15
08:02
08:30
08:59
09:55
11:52
13:19
14:02
15:27
16:05
16:45
17:22
17:47
20:43
21:32
23:06","04:45
06:21
09:30
10:32
11:08
11:56
12:31
14:06
14:50
16:48
17:52
18:21
19:32
20:48
21:36
23:12
00:07","04:49
06:25
07:19
08:34
09:03
09:30
09:33
10:00
12:00
12:34
13:23
14:10
16:11
16:53
19:35
20:09
20:52
21:40
22:21","04:53
06:26
09:33
10:03
11:15
12:04
12:39
13:27
14:54
16:15
16:57
17:26
17:56
18:27
19:03
22:25
22:21
23:16","05:01
06:33
07:23
08:07
09:07
09:36
11:19
12:42
13:31
14:57
15:32
18:31
19:39
20:13
21:00
21:44
22:29
22:25
23:20
00:24","05:13
06:37
07:29
07:23
08:11
08:40
09:36
10:07
10:35
12:11
12:47
14:18
15:39
15:32
16:20
17:30
18:00
19:07
19:42
21:48
22:34
22:29
23:28","05:17
06:45
07:33
07:29
09:10
09:40
10:10
11:22
12:51
15:01
15:43
15:39
17:05
18:03
19:45
20:16
21:04
22:34
23:33","05:23
06:49
07:37
07:33
08:15
08:45
09:40
10:13
10:41
11:27
12:16
15:06
15:43
16:25
17:05
17:34
18:36
20:20
21:52","05:27
07:41
07:37
09:15
09:43
11:31
12:56
13:36
15:10
15:47
16:29
17:37
18:06
18:39
19:49
20:24
21:11
22:42
23:39
00:42","06:53
07:45
07:41
08:18
09:43
10:46
11:37
12:59
13:41
13:36
15:47
17:09
17:40
18:43
21:56
22:46
22:42","05:33
07:49
07:45
08:22
08:48
09:47
10:16
11:40
12:20
13:45
13:41
15:13
15:53
16:33
17:09
17:14
18:10
18:47
20:27
22:50
22:46
23:43","05:44
06:57
07:49
08:57
09:47
10:20
10:49
11:44
12:24
12:20
13:03
13:53
13:45
15:53
17:14
17:44
19:56
22:53
22:50
23:46
00:59","05:52
07:01
08:26
08:52
10:25
10:54
15:57
22:03
22:53",05:57
Dadar,"06:11
07:09
07:58
08:30
09:04
09:32
09:55
10:35
11:01
11:51
13:15
14:05
14:45
15:31
16:06
16:45
17:23
17:55
18:24
18:59
19:31
20:04
20:44
21:29
23:02
00:01","04:37
06:14
07:13
08:03
08:33
09:07
09:30
10:02
10:33
11:05
11:55
12:32
13:19
14:02
14:50
15:27
16:05
16:57
17:20
18:21
19:03
19:32
20:09
20:40
21:32
22:18
23:10","04:41
06:18
07:19
08:07
08:34
09:03
09:35
09:59
11:14
11:56
12:36
13:23
14:06
14:52
15:31
16:09
16:49
17:26
17:50
18:28
19:04
19:37
20:47
21:36
22:18
23:10
00:06","04:49
06:25
07:24
08:11
08:38
09:12
09:35
09:34
10:05
10:36
11:12
12:00
12:35
13:27
14:10
14:54
16:14
16:52
17:27
17:55
18:25
19:08
19:36
20:16
20:52
21:40
22:22
23:16
00:10","04:53
06:29
07:23
08:08
08:38
09:07
09:34
09:37
10:03
10:40
11:18
12:04
12:38
13:27
14:14
14:59
15:35
16:15
16:57
17:32
17:59
18:32
19:11
19:39
20:13
20:56
21:44
22:25
22:22
23:24","04:57
06:31
07:31
08:15
08:42
09:16
09:37
09:44
10:07
10:43
11:19
12:08
12:43
13:31
14:58
15:38
15:35
16:19
17:01
17:29
17:59
18:31
19:07
19:40
20:19
21:51
22:29
22:25
23:20","05:05
06:37
07:27
07:31
08:11
08:46
09:11
09:44
09:40
10:14
10:46
11:23
12:46
13:35
14:23
15:01
15:36
15:38
17:05
17:37
18:07
18:35
19:14
19:43
20:17
21:04
21:48
22:33
22:29
23:24
00:27","05:17
06:41
07:33
07:27
08:15
08:44
09:19
09:40
09:48
10:11
10:39
11:29
12:14
12:51
14:22
15:43
15:36
16:23
17:08
17:33
18:03
18:36
19:11
19:46
20:23
21:09
21:52
22:38
22:33
23:32","05:21
06:49
07:37
07:33
08:19
08:50
09:14
09:48
09:44
10:14
10:49
11:26
12:15
12:55
13:38
15:05
15:47
15:43
16:30
17:08
17:09
17:42
18:06
18:39
19:18
19:49
20:20
21:08
21:55
22:44
22:38
23:37","05:27
06:53
07:41
07:37
08:19
08:49
09:23
09:44
10:17
10:45
11:31
12:20
13:00
13:44
15:10
15:50
15:47
16:29
17:09
17:13
17:37
18:10
18:40
20:24
21:13
21:56
22:49
22:44
23:43","05:31
06:57
07:45
07:41
08:23
08:54
09:19
09:47
10:20
10:52
11:35
12:26
13:00
13:40
13:44
15:14
15:51
15:50
16:33
17:13
17:40
18:09
18:43
19:53
20:28
21:15
22:03
22:46
22:49
23:42
00:46","05:33
06:57
07:49
07:45
08:22
08:57
09:26
09:47
09:55
10:24
10:49
11:41
12:29
13:03
13:45
13:40
15:20
15:53
15:51
16:41
17:12
17:43
18:15
18:47
22:00
22:50
22:46","05:37
07:01
07:53
07:49
08:26
08:52
09:55
09:51
10:20
10:55
11:44
12:24
12:29
13:09
13:49
13:45
15:17
15:57
15:53
16:37
17:12
17:17
17:45
18:14
18:51
20:03
20:31
22:54
22:50
23:46","05:48
07:01
08:01
07:53
08:27
09:00
09:51
09:59
10:24
10:52
11:48
12:28
12:24
13:07
13:57
13:49
15:57
16:48
17:17
17:20
17:47
18:18
18:53
20:00
20:37
22:11
22:57
22:54
23:49
01:02","05:56
07:05
08:01
08:30
08:55
09:59
10:29
10:58
16:01
17:49
20:10
22:07
22:57",06:01
Parel,"06:14
07:12
08:01
09:58
11:04
13:18
14:48
16:49
19:02
19:34
20:07
21:32
23:05
00:04","04:40
06:17
07:16
08:06
09:33
10:36
11:08
13:22
14:05
14:53
15:30
16:08
17:23
18:24
19:06
20:12
20:43
21:35
22:21","04:44
06:21
07:22
08:10
08:37
09:06
10:02
11:59
13:26
14:09
15:34
16:12
16:53
17:29
17:53
20:50
21:39
23:13","04:52
06:28
09:37
10:39
11:15
12:03
12:38
14:13
14:57
16:56
17:58
18:28
19:39
20:55
21:43
23:19
00:13","04:56
06:32
07:26
08:41
09:10
09:37
09:40
10:06
12:07
12:41
13:30
14:17
16:18
17:00
19:42
20:16
20:59
21:47
22:28","05:00
06:34
09:40
10:10
11:22
12:11
12:46
13:34
15:01
16:22
17:04
17:32
18:02
18:34
19:10
22:32
22:28
23:23","05:08
06:40
07:30
08:14
09:14
09:43
11:26
12:49
13:38
15:04
15:39
18:38
19:46
20:20
21:07
21:51
22:36
22:32
23:27
00:29","05:20
06:44
07:36
07:30
08:18
08:47
09:43
10:14
10:42
12:17
12:54
14:25
15:46
15:39
16:26
17:36
18:06
19:14
19:49
21:55
22:41
22:36
23:35","05:24
06:52
07:40
07:36
09:17
09:47
10:17
11:29
12:58
15:08
15:50
15:46
17:12
18:09
19:52
20:23
21:11
22:41
23:40","05:30
06:56
07:44
07:40
08:22
08:52
09:47
10:20
10:48
11:34
12:23
15:13
15:50
16:32
17:12
17:40
18:43
20:27
21:59","05:34
07:48
07:44
09:22
09:50
11:38
13:03
13:43
15:17
15:54
16:36
17:43
18:12
18:46
19:56
20:31
21:18
22:49
23:45
00:49","07:00
07:52
07:48
08:25
09:50
10:52
11:44
13:06
13:48
13:43
15:54
17:15
17:46
18:50
22:03
22:53
22:49","05:40
07:56
07:52
08:29
08:55
09:54
10:23
11:47
12:27
13:52
13:48
15:20
16:00
16:40
17:15
17:20
18:17
18:54
20:34
22:57
22:53
23:49","05:51
07:04
07:56
09:54
10:27
10:55
11:51
12:31
12:27
13:10
14:00
13:52
16:00
17:20
17:50
20:03
23:00
22:57
23:52
01:04","05:59
07:08
08:33
08:58
10:32
11:01
16:04
22:10
23:00",06:04
Currey road,"06:17
07:15
10:01
11:07
13:21
14:51
16:53
19:05
19:37
20:11
21:35
23:08
00:07","04:43
06:20
07:19
08:09
09:36
10:39
11:11
14:08
15:33
16:11
17:26
18:27
20:15
20:46
21:38","04:47
06:24
07:25
08:40
09:09
10:05
12:02
13:29
14:12
16:15
16:57
17:56
21:42
23:16","04:55
06:31
09:40
10:42
11:18
12:41
14:16
15:00
17:00
18:01
18:31
19:42
20:58
21:46
23:22","04:59
06:35
07:29
08:44
09:13
09:40
10:09
12:10
12:44
13:33
14:20
16:21
20:19
21:02
21:50
22:31","05:03
10:13
12:14
12:49
13:37
15:04
16:25
17:07
17:35
18:05
18:37
19:13
22:31
23:26","05:11
06:43
07:33
08:17
09:17
09:46
11:29
12:52
13:41
15:07
15:42
19:49
20:23
21:10
21:54
22:39
23:30
00:32","05:23
06:47
07:39
07:33
08:21
08:50
09:46
10:17
10:45
12:20
12:57
14:28
15:49
15:42
16:29
17:39
18:09
19:17
19:52
22:44
22:39
23:38","05:27
06:55
07:43
07:39
09:20
09:50
10:20
11:32
15:11
15:53
15:49
17:15
21:14
22:44
23:43","05:33
06:59
07:47
07:43
08:55
09:50
10:51
11:37
15:16
15:53
16:35
17:15
17:43
18:46
20:30
22:02","05:37
07:51
07:47
09:25
09:53
11:41
13:06
13:46
15:57
16:39
17:46
18:15
18:49
19:59
20:34
21:21
22:52
23:48
00:52","07:03
07:55
07:51
08:28
09:53
11:47
13:09
13:51
13:46
15:57
17:18
17:49
18:53
22:06
22:56
22:52","05:43
07:59
07:55
08:32
08:58
09:57
10:26
11:50
12:30
13:55
13:51
15:23
16:03
16:43
17:18
17:23
18:20
18:57
20:37
22:56
23:52","05:54
07:07
07:59
09:57
10:30
10:58
11:54
12:34
12:30
13:13
14:03
13:55
16:03
17:23
20:07
23:03
01:07","06:02
07:11
08:36
09:01
10:35
11:04
22:13
23:03",06:07
Chinchpokli,"06:19
07:17
10:03
11:09
13:23
14:53
16:55
19:07
19:39
20:15
21:37
23:10
00:09","04:45
06:22
07:21
08:11
09:38
10:41
11:13
14:10
15:35
16:13
17:28
18:29
20:18
20:48
21:40","04:49
06:26
07:27
08:42
09:12
10:07
12:04
13:31
14:14
16:17
16:59
17:58
21:44
23:18","04:57
06:33
09:42
10:44
11:20
12:43
14:18
15:02
17:02
18:03
18:33
19:44
21:00
21:48
23:24","05:01
06:37
07:31
08:46
09:15
09:42
10:11
12:12
12:46
13:35
14:22
16:23
20:21
21:04
21:52
22:33","05:05
10:15
12:16
12:51
13:39
15:06
16:27
17:09
17:37
18:07
18:39
19:15
22:33
23:28","05:13
06:45
07:35
08:19
09:19
09:48
11:31
12:54
13:43
15:09
15:44
19:51
20:26
21:12
21:56
22:41
23:32
00:34","05:25
06:49
07:41
07:35
08:23
08:53
09:48
10:19
10:47
12:22
12:59
14:30
15:51
15:44
16:31
17:41
18:11
19:19
19:54
22:46
22:41
23:40","05:29
06:57
07:45
07:41
09:22
09:52
10:22
11:34
15:13
15:55
15:51
17:17
21:16
22:46
23:45","05:35
07:01
07:49
07:45
08:58
09:52
10:53
11:39
15:18
15:55
16:37
17:17
17:45
18:48
20:32
22:04","05:39
07:53
07:49
09:27
09:55
11:43
13:08
13:48
15:59
16:41
17:48
18:17
18:51
20:01
20:36
21:23
22:54
23:50
00:54","07:05
07:57
07:53
08:30
09:55
11:49
13:11
13:53
13:48
15:59
17:20
17:51
18:55
22:08
22:58
22:54","05:45
08:01
07:57
08:34
09:01
09:59
10:28
11:52
12:32
13:57
13:53
15:25
16:05
16:45
17:20
17:25
18:22
18:59
20:39
22:58
23:54","05:56
07:09
08:01
09:59
10:32
11:00
11:56
12:36
12:32
13:15
14:05
13:57
16:05
17:25
20:11
23:05
01:09","06:04
07:13
08:38
09:04
10:37
11:06
22:16
23:05",06:09
Byculla,"06:21
07:19
09:10
09:38
10:05
10:41
11:11
11:59
13:25
14:11
14:55
15:37
16:12
16:57
17:29
18:01
18:30
19:09
19:41
20:17
20:50
21:39
23:12
00:11","04:47
06:25
07:23
08:13
08:41
09:13
09:40
10:08
10:43
11:15
12:03
12:38
14:12
15:37
16:15
17:03
17:30
18:31
20:20
20:50
21:42
23:17","04:51
06:28
07:29
08:44
09:14
09:41
10:09
11:20
12:06
13:33
14:16
14:58
16:19
17:01
18:00
18:34
19:10
19:43
21:46
22:24
23:20
00:12","04:59
06:35
07:29
08:17
08:44
09:18
09:41
09:44
10:11
10:46
11:22
12:45
13:33
14:20
15:04
16:20
17:04
17:33
18:05
18:35
19:46
21:03
21:50
22:28
23:27","05:03
06:39
07:33
08:14
08:48
09:17
09:44
10:13
11:24
12:14
12:48
13:37
14:24
15:41
16:25
17:38
18:05
18:38
19:17
20:23
21:06
21:54
22:35
22:28
23:30","05:07
06:40
07:37
08:21
08:48
09:22
09:50
10:17
10:49
12:18
12:53
13:41
15:08
15:45
15:41
16:29
17:11
17:39
18:09
18:41
19:17
19:46
20:26
21:58
22:35
23:31","05:15
06:47
07:37
08:21
08:53
09:21
09:50
10:20
10:52
11:33
12:56
13:45
14:29
15:11
15:46
15:45
17:14
17:43
18:13
19:20
19:53
20:28
21:14
21:58
22:43
23:35
00:36","05:27
06:51
07:43
07:37
08:25
08:56
09:25
09:50
09:54
10:21
10:49
11:35
12:24
13:01
14:32
15:53
15:46
16:33
17:17
17:43
18:13
18:42
19:21
19:56
20:32
21:17
22:48
22:43
23:43","05:31
06:59
07:47
07:43
08:25
08:56
09:24
09:54
10:24
10:55
11:36
15:15
15:57
15:53
16:36
17:17
17:19
17:48
18:45
19:24
21:18
22:02
22:52
22:48
23:48","05:37
07:03
07:51
07:47
09:00
09:29
09:54
10:55
11:41
13:06
13:50
15:20
15:57
16:39
17:19
17:20
17:47
18:16
18:50
20:35
21:21
22:06
22:55
22:52
23:50","05:41
07:03
07:55
07:51
08:29
09:00
09:29
09:57
10:26
11:45
12:32
13:10
13:50
16:01
15:57
16:43
17:20
17:50
18:19
18:53
20:03
20:39
21:25
22:11
22:56
22:55
23:52
00:56","05:40
07:07
07:59
07:55
08:32
09:03
09:32
09:57
10:01
10:30
11:51
12:35
13:13
13:55
13:50
15:26
16:01
16:47
17:22
17:53
18:21
18:57
22:10
23:00
22:56","05:47
07:08
08:03
07:59
08:36
09:03
10:01
10:30
11:01
11:54
12:34
12:35
13:15
13:59
13:55
15:27
16:07
16:01
16:47
17:22
17:27
18:24
19:01
20:09
20:42
23:00
23:56","05:58
07:11
08:07
08:03
08:33
09:06
10:01
10:05
10:34
11:02
11:58
12:38
12:34
13:17
14:07
13:59
16:07
16:54
17:27
18:24
18:59
20:13
20:43
22:19
23:08
01:11","06:06
07:15
08:07
08:40
09:06
10:05
10:39
11:08
17:55
20:16
22:18
23:08",06:12
Sandhurst road,"06:24
07:22
10:08
11:14
13:28
14:58
17:00
19:12
19:44
20:20
21:42
23:15
00:14","04:50
06:28
07:26
08:16
09:43
10:46
11:18
14:15
15:40
16:18
17:33
18:34
20:23
20:53
21:45","04:54
06:31
07:32
08:47
09:17
10:12
12:09
13:36
14:19
16:22
17:04
18:03
21:49
23:23","05:02
06:38
09:47
10:49
11:25
12:48
14:23
15:07
17:08
18:08
18:38
19:49
21:06
21:53
23:30","05:06
06:42
07:36
08:51
09:20
09:47
10:16
12:17
12:51
13:40
14:27
16:28
20:26
21:09
21:57
22:38","05:10
10:20
12:21
12:56
13:44
15:11
16:32
17:14
17:42
18:12
18:44
19:20
22:38
23:34","05:18
06:50
07:40
08:24
09:24
09:53
11:36
12:59
13:48
15:14
15:49
19:56
20:31
21:17
22:01
22:46
23:38
00:39","05:30
06:54
07:46
07:40
08:28
08:59
09:53
10:24
10:52
12:27
13:04
14:35
15:56
15:49
16:36
17:46
18:16
19:24
19:59
22:51
22:46
23:46","05:34
07:02
07:50
07:46
09:27
09:57
10:27
11:39
15:18
16:00
15:56
17:22
21:21
22:51
23:51","05:40
07:06
07:54
07:50
09:03
09:57
10:58
11:44
15:23
16:00
16:42
17:22
17:50
18:53
20:38
22:09","05:44
07:58
07:54
09:32
10:00
11:48
13:13
13:53
16:04
16:46
17:53
18:22
18:56
20:06
20:42
21:28
22:59
23:55
00:59","07:10
08:02
07:58
08:35
10:00
11:54
13:16
13:58
13:53
16:04
17:25
17:56
19:00
22:13
23:03
22:59","05:50
08:06
08:02
08:39
09:06
10:04
10:33
11:57
12:37
14:02
13:58
15:30
16:10
16:50
17:25
17:30
18:27
19:04
20:45
23:03
23:59","06:01
07:14
08:06
10:04
10:37
11:05
12:01
12:41
12:37
13:20
14:10
14:02
16:10
17:30
20:16
23:11
01:14","06:09
07:18
08:43
09:09
10:42
11:11
22:21
23:11",06:15
Masjid,"06:27
07:25
10:11
11:17
13:31
15:01
17:03
19:15
19:47
20:23
21:45
23:18
00:17","04:53
06:31
07:29
08:19
09:46
10:49
11:21
14:18
15:43
16:21
17:36
18:37
20:26
20:56
21:48","04:57
06:34
07:35
08:50
09:20
10:15
12:12
13:39
14:22
16:25
17:07
18:06
21:52
23:26","05:05
06:41
09:50
10:52
11:28
12:51
14:26
15:10
17:11
18:11
18:41
19:52
21:09
21:56
23:33","05:09
06:45
07:39
08:54
09:23
09:50
10:19
12:20
12:54
13:43
14:30
16:31
20:29
21:12
22:00
22:41","05:13
10:23
12:24
12:59
13:47
15:14
16:35
17:17
17:45
18:15
18:47
19:23
22:41
23:37","05:21
06:53
07:43
08:27
09:27
09:56
11:39
13:02
13:51
15:17
15:52
19:59
20:34
21:20
22:04
22:49
23:41
00:42","05:33
06:57
07:49
07:43
08:31
09:02
09:56
10:27
10:55
12:30
13:07
14:38
15:59
15:52
16:39
17:49
18:19
19:27
20:02
22:54
22:49
23:49","05:37
07:05
07:53
07:49
09:30
10:00
10:30
11:42
15:21
16:03
15:59
17:25
21:24
22:54
23:54","05:43
07:09
07:57
07:53
09:06
10:00
11:01
11:47
15:26
16:03
16:45
17:25
17:53
18:56
20:41
22:12","05:47
08:01
07:57
09:35
10:03
11:51
13:16
13:56
16:07
16:49
17:56
18:25
18:59
20:09
20:45
21:31
23:02
23:58
01:02","07:13
08:05
08:01
08:38
10:03
11:57
13:19
14:01
13:56
16:07
17:28
17:59
19:03
22:16
23:06
23:02","05:53
08:09
08:05
08:42
09:09
10:07
10:36
12:00
12:40
14:05
14:01
15:33
16:13
16:53
17:28
17:33
18:30
19:07
20:48
23:06
00:02","06:04
07:17
08:09
10:07
10:40
11:08
12:04
12:44
12:40
13:23
14:13
14:05
16:13
17:33
20:19
23:14
01:17","06:12
07:21
08:46
09:12
10:45
11:14
22:24
23:14",06:18
CSMT,"06:30
07:28
09:18
09:47
10:14
10:50
11:20
12:08
13:34
14:20
15:04
15:45
16:23
17:08
17:37
18:10
18:38
19:18
19:50
20:26
20:59
21:48
23:22
00:20","04:56
06:34
07:32
08:22
08:50
09:21
09:49
10:16
10:52
11:24
12:12
12:48
14:21
15:47
16:24
17:13
17:40
18:40
20:30
20:59
21:52
23:27","05:00
06:38
07:38
08:53
09:23
09:51
10:18
11:29
12:15
13:42
14:25
15:08
16:29
17:12
18:10
18:42
19:19
19:52
21:56
22:35
23:30
00:22","05:08
06:44
07:39
08:25
08:54
09:26
09:51
09:53
10:20
10:56
11:31
12:54
13:42
14:29
15:13
16:31
17:16
17:41
18:14
18:45
19:55
21:12
22:00
22:41
23:36","05:12
06:48
07:42
08:26
08:57
09:26
09:53
10:22
11:33
12:23
12:57
13:46
14:33
15:49
16:34
17:46
18:14
18:46
19:25
20:34
21:16
22:03
22:45
22:41
23:38","05:16
06:51
07:45
08:29
08:58
09:30
09:59
10:26
10:57
12:27
13:02
13:50
15:17
15:55
15:49
16:38
17:20
17:48
18:18
18:50
19:26
19:56
20:35
22:07
22:45
23:40","05:24
06:56
07:46
07:45
08:31
09:03
09:30
09:59
10:29
11:00
11:42
13:05
13:54
14:38
15:20
15:55
17:22
17:51
18:21
19:28
20:02
20:38
21:24
22:08
22:53
23:44
00:45","05:36
07:00
07:52
07:46
08:34
09:05
09:33
09:59
10:03
10:30
11:00
11:44
12:34
13:10
14:41
16:02
15:55
16:42
17:26
17:53
18:22
18:51
19:30
20:06
20:41
21:27
22:57
22:53
23:53","05:40
07:08
07:56
07:52
08:36
09:05
09:33
10:03
10:34
11:03
11:45
15:24
16:06
16:02
16:44
17:26
17:28
17:57
18:54
19:33
21:28
22:11
23:01
22:57
23:58","05:46
07:12
08:00
07:56
09:09
09:37
10:03
11:04
11:50
13:15
13:59
15:30
16:09
16:06
16:48
17:28
17:30
17:57
18:26
18:59
20:44
21:32
22:15
23:04
23:01
23:59","05:50
07:14
08:04
08:00
08:40
09:09
09:38
10:06
10:34
11:54
12:40
13:19
13:59
16:11
16:09
16:52
17:30
18:00
18:29
19:02
20:12
20:48
21:35
22:20
23:05
23:04
00:02
01:05","05:52
07:16
08:08
08:04
08:41
09:12
09:40
10:06
10:10
10:40
12:00
12:44
13:22
14:04
13:59
15:35
16:14
16:11
16:56
17:32
18:03
18:30
19:06
22:20
23:09
23:05","05:56
07:18
08:12
08:08
08:45
09:12
10:10
10:40
11:10
12:03
12:44
13:25
14:08
14:04
15:36
16:17
16:14
16:56
17:32
17:37
18:33
19:10
20:18
20:52
23:09
00:06","06:07
07:20
08:16
08:12
08:47
09:15
10:10
10:13
10:44
11:12
12:07
12:48
12:44
13:26
14:16
14:08
16:17
17:02
17:37
18:34
19:11
20:22
20:55
22:28
23:18
01:20","06:15
07:24
08:16
08:49
09:15
10:13
10:48
11:17
18:06
20:24
22:28
23:18",06:21
