station,96301,97601,96401,96101,97301,96001,96501,96103,97001,96601,96403,97201,95001,97303,96105,96603,96107,96503,96201,97003,97005,96405,96505,96303,95701,97007,96605,97009,96305,95101,97011,96607,97013,96507,95703,96003,95103,97015,97017,96609,96307,97203,95201,97019,96611,97205,96509,97021,97305,96309,95105,97023,95401,96613,97307,95203,97025,97309,97207,95705,97027,95501,97311,95003,97029,97209,96511,95707,97313,95205,97031,97033,97315,95901,96615,97035,97317,97037,95107,97319,97211,96617,97321,95301,97323,97603,95403,95709,97039,97501,97605,95303,97325,95903,97041,95207,97607,95711,96005,95109,97327,97329,95905,97043,95209,97503,97609,95601,95305,97045,97213,97331,95503,95211,97611,97047,95603,95111,97333,97215,97049,95405,97051,95605,97335,95907,97613,95213,97337,95307,96619,97505,95113,96007,97615,95713,97053,95215,97339,95309,97055,95407,97341,95217,97217,95311,97057,95715,97343,97617,97219,95115,97345,95219,97619,97059,95607,97347,95313,95221,96513,97061,97349,95609,97621,96621,97351,97623,95117,96009,96109,97353,95315,97063,96623,97065,97221,97067,95801,97355,96311,95409,97357,95223,97069,96625,96313,97223,97071,95225,96203,97073,97225,95005,97359,95717,97075,95411,97077,97227,96627,96315,97079,97081,95719,95317,97361,97083,96629,97363,96407,95505,96317,95119,95227,97229,97085,96515,97365,95121,96011,97087,96631,97089,95229,96205,97231,97367,95909,97091,96633,97093,96207,95413,97095,97097,97369,96319,97099,95507,95123,97101,96409,96321,97103,97371,95231,96209,97105,96635,95007,97233,95721,95611,97107,97235,97373,96517,95125,97109,95233,96637,97237,97375,96323,97113,97239,95319,97115,97377,95723,96325,95509,97379,96639,95127,97117,97119,97381,97241,97383,97625,97121,95235,97123,95415,97385,95321,96111,97243,97125,97127,97387,97245,97389,95725,97129,95511,95237,97131,97391,95727,97627,97133,95613,97393,95009,97135,95803,95323,97247,97629,95513,95729,97137,97395,97139,95615,96211,97249,95239,95731,97141,97397,95325,97143,95911,97145,97251,95129,96013,97631,95327,97147,97399,97149,95417,95515,96327,95733,97401,95617,97253,95241,97403,95735,97633,95131,95619,95737,96213,97151,97405,95913,97153,97255,96113,96015,97407,95243,97155,95419,97157,97409,95245,95329,95739,95621,97159,97257,96329,96215,97161,95331,97411,97413,95623,95133,96217,97415,95517,97163,96641,97417,96331,97165,97259,97167,95915,96643,97419,96219,96333,97635,97169,95011,95421,95333,97261,97421,96519,97171,97423,96221,97263,97173,96645,95135,97175,96223,96411,97637,96335,95741,96225,97177,97179,97181,97639,95013,96647,95743,97183,97425,97185,97427,97187,95247,96019,97641,96337,97429,96227,97431,95423,96649,97643,96339,97433,97645,96341,97435,96651,95015,97647,96115,97649,97437,96653,97439,96229,97441,97651
CSMT,00:02,00:05,00:08,00:12,00:24,,,,,,04:19,,04:35,,,,04:47,,,05:00,,05:07,05:12,05:16,05:20,,05:28,,05:40,05:46,,05:51,,06:01,06:06,,06:10,,,06:14,,06:23,06:24,,06:30,,,06:37,06:41,06:48,06:49,,06:55,06:56,07:00,07:05,07:08,07:12,07:16,07:22,07:24,07:26,07:28,07:30,07:32,07:36,07:42,07:43,07:46,07:55,,07:53,07:58,08:04,,,08:08,08:12,08:16,08:16,08:20,,,,08:26,08:29,08:33,08:36,,08:37,08:41,08:45,08:45,08:48,08:49,08:52,08:53,08:56,,09:01,,09:01,09:05,09:05,09:09,09:09,09:12,09:12,09:15,,09:16,09:20,09:20,09:23,09:23,09:26,09:27,09:30,09:30,,09:34,09:34,09:37,09:38,09:41,09:42,09:45,09:46,09:49,09:51,09:53,09:57,09:57,,10:00,10:04,10:04,10:08,10:07,10:12,10:14,10:16,10:18,10:20,10:22,10:25,,,10:27,10:30,10:34,10:36,10:39,10:40,10:44,10:48,10:48,10:51,10:52,,,,10:56,10:58,11:00,11:04,11:07,11:12,11:14,,,11:16,11:18,11:20,11:24,,11:30,,11:37,11:36,11:40,11:42,11:45,11:50,11:50,11:54,11:58,,12:07,,,12:15,,12:20,12:24,12:25,12:27,12:30,12:32,12:38,12:44,12:48,12:52,,12:53,,12:58,13:02,,13:06,13:10,13:15,13:15,13:19,13:23,,13:26,13:30,13:38,13:40,,,13:42,13:46,13:50,13:50,13:54,13:58,,,14:07,14:11,14:15,14:17,14:20,14:25,14:29,14:34,14:38,14:42,14:45,,14:46,14:54,14:58,15:01,15:03,,,15:09,15:10,15:13,15:14,,15:18,15:24,15:28,15:32,15:35,,15:39,15:40,15:45,,,15:57,16:00,16:08,16:04,16:08,16:11,16:13,16:17,16:17,16:21,16:30,,,16:30,16:34,16:38,16:43,,16:42,16:48,16:50,16:52,17:00,,,,17:00,17:04,17:08,17:12,,17:16,17:19,17:22,,17:24,17:25,17:28,,17:29,17:32,17:33,17:36,17:37,17:41,,17:44,17:45,,,17:48,17:52,17:56,,17:57,17:59,18:03,,18:03,18:06,18:07,18:10,18:14,18:18,18:21,,18:22,18:25,,18:26,,18:28,18:32,18:33,18:36,18:37,18:39,18:41,18:42,18:45,18:50,18:49,18:53,18:57,,,,18:58,19:00,19:03,19:07,,,,19:14,19:14,19:18,19:18,19:22,19:23,,19:29,19:30,,,,19:34,19:38,19:42,,19:45,19:46,19:50,19:50,19:55,20:00,20:00,20:04,20:10,20:13,,20:22,20:26,,20:30,20:34,,20:38,20:41,,20:41,20:44,20:47,20:48,20:52,20:56,21:00,21:04,21:08,21:12,21:16,21:20,21:26,,21:28,21:32,21:36,21:40,21:42,21:44,,21:52,,21:56,21:58,22:00,,22:04,22:08,22:16,22:20,22:24,22:25,22:28,22:31,,22:38,22:42,22:46,22:47,22:50,22:54,,23:00,23:04,23:08,23:12,23:16,23:18,23:23,23:30,23:34,23:38,23:42,23:46,23:51,23:55,23:58
Masjid,00:05,00:08,00:11,00:15,00:27,,,,,,04:22,,,,,,04:50,,,05:03,,05:10,05:15,05:19,,,05:31,,05:43,,,05:54,,06:04,,,,,,06:17,,06:26,,,06:33,,,06:40,06:44,06:51,,,,06:59,07:03,,07:11,07:15,07:19,,07:27,,07:31,,07:35,07:39,07:45,,07:49,,,07:56,08:01,,,,08:11,08:15,,08:19,08:23,,,,08:29,08:32,,,,08:40,08:44,,08:48,,08:52,,08:56,,,,,09:04,,09:08,,09:12,09:15,,,,09:19,09:23,,,09:26,09:29,,,09:33,,09:37,,09:40,,09:44,,09:48,,09:52,,09:56,10:00,,,10:03,,10:07,,10:10,,10:17,,10:21,,10:25,,,,10:30,10:33,10:37,,10:42,,10:47,10:51,,10:54,,,,,10:59,,11:03,11:07,11:10,11:15,,,,11:19,,11:23,11:27,,11:33,,,11:39,11:43,,11:48,,11:53,11:57,12:01,,12:10,,,12:18,,,12:27,,12:30,,12:35,12:41,12:47,12:51,12:55,,,,13:01,13:05,,13:09,13:13,,13:18,,,,13:29,13:33,13:41,,,,13:45,13:49,,13:53,13:57,14:01,,,14:10,14:14,14:18,,14:23,14:28,14:32,14:37,14:41,,,,14:49,14:57,15:01,15:04,,,,15:12,,15:16,,,15:21,15:27,15:31,15:35,,,,15:43,15:48,,,16:00,16:03,,16:07,16:11,,16:16,,16:20,16:24,,,,16:33,16:37,16:41,16:46,,,16:51,,16:55,,,,,17:03,17:07,17:11,17:15,,17:19,,,,17:27,,17:31,,,17:35,,17:39,,,,17:47,,,,17:51,17:55,,,18:00,,,,18:06,,18:10,,18:17,18:21,,,18:25,,,18:29,,,,18:36,,18:40,,18:44,,18:48,,18:52,,,,,,19:01,,19:06,19:10,,,,,19:17,,19:21,19:25,,,,,,,,19:37,19:41,,,19:48,,,19:53,19:58,,20:03,20:07,20:13,20:16,,20:25,20:29,,20:34,20:37,,20:41,20:44,,,,,20:51,20:55,20:59,21:03,21:07,21:11,21:15,21:19,21:23,,,21:31,21:35,21:39,21:43,,21:47,,21:55,,21:59,,22:03,,22:07,22:11,22:19,22:23,22:27,,22:31,22:34,,22:41,22:45,22:49,,22:53,22:57,,23:03,23:07,23:11,23:15,23:19,,23:26,23:33,23:37,23:41,23:45,23:49,23:54,23:58,00:01
Sandhurst Road,00:07,00:10,00:13,00:17,00:29,,,,,,04:24,,,,,,04:52,,,05:05,,05:12,05:17,05:21,,,05:33,,05:45,,,05:56,,06:06,,,,,,06:19,,06:28,,,06:35,,,06:42,06:46,06:53,,,,07:01,07:05,,07:13,07:17,07:21,,07:29,,07:33,,07:37,07:41,07:47,,07:51,,,07:58,08:03,,,,08:13,08:17,,08:21,08:25,,,,08:31,08:34,,,,08:42,08:46,,08:50,,08:54,,08:58,,,,,09:06,,09:10,,09:14,09:17,,,,09:21,09:25,,,09:28,09:31,,,09:35,,09:39,,09:42,,09:46,,09:50,,09:54,,09:58,10:02,,,10:05,,10:09,,10:12,,10:19,,10:23,,10:27,,,,10:32,10:35,10:39,,10:44,,10:49,10:53,,10:56,,,,,11:01,,11:05,11:09,11:12,11:17,,,,11:21,,11:25,11:29,,11:35,,,11:41,11:45,,11:50,,11:55,11:59,12:03,,12:12,,,12:20,,,12:29,,12:32,,12:37,12:43,12:49,12:53,12:57,,,,13:03,13:07,,13:11,13:15,,13:20,,,,13:31,13:35,13:43,,,,13:47,13:51,,13:55,13:59,14:03,,,14:12,14:16,14:20,,14:25,14:30,14:34,14:39,14:43,,,,14:51,14:59,15:03,15:06,,,,15:14,,15:18,,,15:23,15:29,15:33,15:37,,,,15:45,15:50,,,16:02,16:05,,16:09,16:13,,16:18,,16:22,16:26,,,,16:35,16:39,16:43,16:48,,,16:53,,16:57,,,,,17:05,17:09,17:13,17:17,,17:21,,,,17:29,,17:33,,,17:37,,17:41,,,,17:49,,,,17:53,17:57,,,18:02,,,,18:08,,18:12,,18:19,18:23,,,18:27,,,18:31,,,,18:38,,18:42,,18:46,,18:50,,18:54,,,,,,19:03,,19:08,19:12,,,,,19:19,,19:23,19:27,,,,,,,,19:39,19:43,,,19:50,,,19:55,20:00,,20:05,20:09,20:15,20:18,,20:27,20:31,,20:36,20:39,,20:43,20:46,,,,,20:53,20:57,21:01,21:05,21:09,21:13,21:17,21:21,21:25,,,21:33,21:37,21:41,21:45,,21:49,,21:57,,22:01,,22:05,,22:09,22:13,22:21,22:25,22:29,,22:33,22:36,,22:43,22:47,22:51,,22:55,22:59,,23:05,23:09,23:13,23:17,23:21,,23:28,23:35,23:39,23:43,23:47,23:51,23:56,00:00,00:03
Byculla,00:10,00:13,00:16,00:20,00:32,,,,,,04:27,,04:42,,,,04:55,,,05:08,,05:15,05:20,05:24,05:27,,05:36,,05:48,05:53,,05:59,,06:09,06:14,,06:17,,,06:22,,06:31,06:32,,06:38,,,06:45,06:49,06:56,06:56,,07:02,07:04,07:08,07:12,07:16,07:20,07:24,07:29,07:32,07:33,07:36,07:37,07:40,07:44,07:50,07:50,07:54,08:02,,08:01,08:06,08:11,,,08:16,08:20,08:24,08:24,08:28,,,,08:34,08:37,08:42,08:45,,08:45,08:49,08:53,08:53,08:56,08:57,09:00,09:01,09:03,,09:08,,09:09,,09:13,09:16,09:17,09:20,09:20,09:23,,09:24,09:28,09:27,09:30,09:31,09:34,09:34,09:38,09:38,,09:42,09:42,09:45,09:46,09:49,,09:53,09:53,09:57,09:58,10:01,10:05,10:05,,10:08,10:11,10:12,10:15,10:15,10:19,10:22,10:23,10:26,10:27,10:30,10:32,,,10:35,10:38,10:42,10:44,10:47,10:47,10:52,10:56,10:55,10:59,10:59,,,,11:04,11:05,11:08,11:12,11:15,11:20,11:21,,,11:24,11:25,11:28,11:32,,11:38,,11:44,11:44,11:48,11:49,11:53,11:57,11:58,12:02,12:06,,12:15,,,12:23,,12:27,12:32,12:32,12:35,12:37,12:40,12:46,12:52,12:56,13:00,,13:01,,13:06,13:10,,13:14,13:18,13:22,13:23,13:26,13:30,,13:34,13:38,13:46,13:47,,,13:50,13:54,13:57,13:58,14:02,14:06,,,14:15,14:19,14:23,14:26,14:28,14:33,14:37,14:42,14:46,14:49,14:52,,14:54,15:02,15:06,15:10,15:11,,,15:17,15:18,15:21,15:22,,15:26,15:32,15:36,15:40,15:43,,15:47,15:48,15:53,,,16:05,16:08,16:17,16:12,16:16,16:20,16:21,16:25,16:25,16:29,16:37,,,16:38,16:42,16:46,16:51,,16:49,16:56,16:57,17:00,,,,,17:08,17:12,17:16,17:20,,17:24,17:28,17:30,,17:32,17:33,17:36,,17:36,17:40,17:40,17:44,17:44,17:48,,17:52,17:52,,,17:56,18:00,18:03,,18:05,18:06,,,18:11,18:13,18:15,,18:22,18:26,18:29,,18:30,18:33,,18:34,,18:36,18:40,18:41,18:43,18:45,18:46,18:49,18:49,18:53,18:58,18:57,19:01,19:04,,,,19:06,,19:11,19:15,,,,19:21,19:22,19:25,19:26,19:30,19:30,,19:38,19:40,,,,19:43,19:46,19:49,,19:53,19:53,19:57,19:58,20:03,20:08,20:08,20:12,20:18,20:21,,20:30,20:34,,20:39,20:42,,20:46,20:49,,20:48,20:51,20:54,20:56,21:00,21:04,21:08,21:12,21:16,21:20,21:24,21:28,21:33,,21:36,21:40,21:44,21:48,21:49,21:52,,22:00,,22:04,22:07,22:08,,22:12,22:16,22:24,22:28,22:32,22:32,22:36,22:39,,22:46,22:50,22:54,22:55,22:58,23:02,,23:08,23:12,23:16,23:20,23:24,23:25,23:31,23:38,23:42,23:46,23:50,23:54,23:59,00:03,00:06
Chinchpokli,00:12,00:15,00:18,00:22,00:34,,,,,,04:29,,,,,,04:57,,,05:10,,05:17,05:22,05:26,,,05:38,,05:50,,,06:01,,06:11,,,,,,06:24,,06:33,,,06:40,,,06:47,06:51,06:58,,,,07:06,07:10,,07:18,07:22,07:26,,07:34,,07:38,,07:42,07:46,07:52,,07:56,,,08:03,08:08,,,,08:18,08:22,,08:26,08:30,,,,08:36,08:39,,,,08:47,08:51,,08:55,,08:59,,09:03,,,,,09:11,,09:15,,09:19,09:22,,,,09:26,09:30,,,09:33,09:36,,,09:40,,09:45,,09:48,,09:51,,09:55,,09:59,,10:03,10:07,,,10:10,,10:14,,10:17,,10:24,,10:28,,10:32,,,,10:37,10:40,10:44,,10:49,,10:54,10:58,,11:01,,,,,11:06,,11:10,11:14,11:17,11:22,,,,11:26,,11:30,11:34,,11:40,,,11:46,11:50,,11:55,,12:00,12:04,12:08,,12:17,,,12:25,,,12:34,,12:37,,12:42,12:48,12:54,12:58,13:02,,,,13:08,13:12,,13:16,13:20,,13:25,,,,13:36,13:40,13:48,,,,13:52,13:56,,14:00,14:04,14:08,,,14:17,14:21,14:25,,14:30,14:35,14:39,14:44,14:48,,,,14:56,15:04,15:08,15:12,,,,15:19,,15:23,,,15:28,15:34,15:38,15:42,,,,15:50,15:55,,,16:07,16:10,,16:14,16:18,,16:23,,16:27,16:31,,,,16:40,16:44,16:48,16:53,,,16:58,,17:02,,,,,17:10,17:14,17:18,17:22,,17:26,,,,17:34,,17:38,,,17:42,,17:46,,,,17:54,,,,17:58,18:02,,,18:07,,,,18:13,,18:17,,18:24,18:28,,,18:32,,,18:36,,,,18:43,,18:47,,18:51,,18:55,,18:59,,,,,,19:08,,19:13,19:17,,,,,19:24,,19:28,19:32,,,,,,,,19:45,19:48,,,19:55,,,20:00,20:05,,20:10,20:14,20:20,20:23,,20:32,20:36,,20:41,20:44,,20:48,20:51,,,,,20:58,21:02,21:06,21:10,21:14,21:18,21:22,21:26,21:30,,,21:38,21:42,21:46,21:50,,21:54,,22:02,,22:06,,22:10,,22:14,22:18,22:26,22:30,22:34,,22:38,22:41,,22:48,22:52,22:56,,23:00,23:04,,23:10,23:14,23:18,23:22,23:26,,23:33,23:40,23:44,23:48,23:52,23:56,00:01,00:05,00:08
Currey Road,00:14,00:17,00:20,00:24,00:36,,,,,,04:31,,,,,,04:59,,,05:12,,05:19,05:24,05:28,,,05:40,,05:52,,,06:03,,06:13,,,,,,06:26,,06:35,,,06:42,,,06:49,06:53,07:00,,,,07:08,07:12,,07:20,07:24,07:28,,07:36,,07:40,,07:44,07:48,07:54,,07:58,,,08:05,08:10,,,,08:20,08:24,,08:28,08:32,,,,08:38,08:41,,,,08:49,08:53,,08:57,,09:01,,09:05,,,,,09:13,,09:17,,09:21,09:24,,,,09:28,09:32,,,09:35,09:38,,,09:42,,09:48,,09:51,,09:54,,09:57,,10:01,,10:05,10:09,,,10:12,,10:16,,10:19,,10:26,,10:30,,10:34,,,,10:39,10:42,10:46,,10:51,,10:56,11:00,,11:03,,,,,11:08,,11:12,11:16,11:19,11:24,,,,11:28,,11:32,11:36,,11:42,,,11:48,11:52,,11:57,,12:02,12:06,12:10,,12:19,,,12:27,,,12:36,,12:39,,12:44,12:50,12:56,13:00,13:04,,,,13:10,13:14,,13:18,13:22,,13:27,,,,13:38,13:42,13:50,,,,13:54,13:58,,14:02,14:06,14:10,,,14:19,14:23,14:27,,14:32,14:37,14:41,14:46,14:50,,,,14:58,15:06,15:10,15:14,,,,15:21,,15:25,,,15:30,15:36,15:40,15:44,,,,15:52,15:57,,,16:09,16:12,,16:16,16:20,,16:25,,16:29,16:33,,,,16:42,16:46,16:50,16:55,,,17:00,,17:04,,,,,17:12,17:16,17:20,17:24,,17:28,,,,17:36,,17:40,,,17:44,,17:48,,,,17:56,,,,18:00,18:04,,,18:09,,,,18:15,,18:19,,18:26,18:30,,,18:34,,,18:38,,,,18:45,,18:49,,18:53,,18:57,,19:01,,,,,,19:10,,19:15,19:19,,,,,19:26,,19:30,19:34,,,,,,,,19:47,19:50,,,19:57,,,20:02,20:07,,20:12,20:16,20:22,20:25,,20:34,20:38,,20:43,20:46,,20:50,20:53,,,,,21:00,21:04,21:08,21:12,21:16,21:20,21:24,21:28,21:32,,,21:40,21:44,21:48,21:52,,21:56,,22:04,,22:08,,22:12,,22:16,22:20,22:28,22:32,22:36,,22:40,22:43,,22:50,22:54,22:58,,23:02,23:06,,23:12,23:16,23:20,23:24,23:28,,23:35,23:42,23:46,23:50,23:54,23:58,00:03,00:07,00:10
Parel,00:17,00:20,00:23,00:27,00:39,,,,,,04:34,,,,,,05:02,,,05:15,,05:22,05:27,05:31,,,05:43,,05:55,,,06:06,,06:16,,,,,06:25,06:29,,06:38,,06:41,06:45,,,06:52,06:56,07:03,,,,07:11,07:15,,07:23,07:27,07:31,,07:39,,07:43,,07:47,07:51,07:57,,08:01,,08:05,08:09,08:13,,,08:17,08:23,08:27,,08:31,08:35,,08:38,,08:41,08:44,,,,08:52,08:56,,09:00,,09:04,,09:08,,,,09:12,09:16,,09:20,,09:24,09:27,,,,09:31,09:35,,,09:38,09:41,,,09:45,09:48,09:51,,09:54,,09:57,,10:00,,10:04,,10:08,10:12,,,10:15,,10:19,,10:22,,10:29,,10:33,,10:37,,10:40,,10:44,10:47,10:51,,10:55,,10:59,11:03,,11:06,,,,11:09,11:12,,11:15,11:19,11:22,11:27,,,,11:31,,11:35,11:39,11:42,11:45,,,11:51,11:55,,12:00,,12:05,12:09,12:13,12:17,12:22,,,12:30,12:34,,12:39,,12:42,,12:47,12:53,12:59,13:03,13:07,13:10,,,13:13,13:17,,13:21,13:25,,13:30,,,13:35,13:41,13:45,13:53,,,,13:57,14:01,,14:05,14:09,14:13,,,14:22,14:26,14:30,,14:35,14:40,14:44,14:49,14:53,,,14:57,15:01,15:09,15:13,15:17,,,15:21,15:25,,15:29,,,15:33,15:39,15:43,15:47,,15:50,,15:55,16:00,16:09,,16:12,16:15,16:23,16:19,16:23,,16:28,,16:32,16:36,,,,16:45,16:49,16:53,16:58,,,17:03,,17:07,,,17:10,,17:15,17:19,17:23,17:27,,17:31,,,17:35,17:39,,17:43,,,17:47,,17:51,,,17:55,17:59,,,,18:03,18:07,,,18:12,,,18:15,18:18,,18:22,,18:29,18:33,,,18:37,,,18:41,18:45,,,18:48,,18:52,,18:56,,19:00,,19:04,,,,,19:10,19:13,,19:18,19:22,,,19:25,,19:29,,19:33,19:37,,,,,,19:47,,19:50,19:53,,19:56,20:00,,,20:05,20:10,,20:15,20:19,20:25,20:28,20:32,20:37,20:41,,20:46,20:49,,20:53,20:56,20:59,,,,21:03,21:07,21:11,21:15,21:19,21:23,21:27,21:31,21:35,,21:39,21:43,21:47,21:51,21:55,,21:59,22:03,22:07,,22:11,,22:15,,22:19,22:23,22:31,22:35,22:39,,22:43,22:46,22:49,22:53,22:57,23:01,,23:05,23:09,23:13,23:16,23:19,23:23,23:27,23:31,,23:38,23:45,23:49,23:53,23:57,00:01,00:06,00:10,00:13
Dadar,00:20,00:23,00:26,00:30,00:42,,,,,,04:37,,04:48,,,,05:05,,,05:18,,05:25,05:30,05:34,05:33,,05:46,,05:58,05:59,,06:09,,06:19,06:21,,06:24,,06:28,06:32,,06:41,06:38,06:44,06:48,,,06:55,06:59,07:06,07:02,,07:08,07:14,07:18,07:19,07:26,07:30,07:34,07:35,07:42,07:40,07:46,07:43,07:50,07:54,08:00,07:56,08:04,08:08,08:08,08:12,08:16,08:17,,08:22,08:26,08:30,08:32,08:34,08:38,,08:41,08:42,08:44,08:47,08:48,08:51,,08:55,08:59,09:00,09:03,09:03,09:07,09:07,09:11,09:10,,09:14,09:15,09:19,09:17,09:23,09:22,09:27,09:30,09:26,09:29,,09:34,09:38,09:33,09:36,09:41,09:44,09:40,09:44,09:48,09:51,09:54,09:48,09:57,09:52,10:00,09:55,10:03,09:59,10:07,10:04,10:11,10:15,10:11,,10:18,10:17,10:22,10:21,10:25,10:25,10:32,10:29,10:36,10:33,10:40,10:38,10:44,10:45,10:47,10:52,10:55,10:50,10:59,10:53,11:02,11:06,11:01,11:09,11:05,11:08,,11:12,11:15,11:11,11:19,11:22,11:25,11:30,11:27,,,11:34,11:31,11:38,11:42,11:45,11:48,,11:51,11:54,11:58,11:55,12:03,12:03,12:08,12:12,12:16,12:20,12:25,12:30,,12:33,12:37,12:33,12:42,12:38,12:45,12:43,12:50,12:56,13:02,13:06,13:10,13:13,13:07,13:10,13:17,13:21,,13:25,13:29,13:28,13:34,13:32,13:36,13:38,13:44,13:48,13:56,13:53,,,14:00,14:04,14:03,14:08,14:12,14:16,14:21,,14:25,14:29,14:33,14:32,14:38,14:43,14:47,14:52,14:56,14:55,14:58,15:00,15:04,15:12,15:16,15:20,15:17,,15:24,15:28,15:24,15:32,15:28,15:33,15:36,15:42,15:46,15:50,15:50,15:53,15:54,15:58,16:03,16:12,,16:15,16:18,16:26,16:22,16:26,16:29,16:31,16:32,16:35,16:39,16:43,,,16:48,16:52,16:56,17:01,,16:55,17:06,17:04,17:10,17:12,,17:13,,17:19,17:22,17:26,17:30,17:30,17:34,17:34,17:37,17:38,17:42,17:40,17:46,,17:43,17:50,17:47,17:54,17:51,17:54,17:58,18:02,17:58,18:01,,18:06,18:10,18:10,,18:15,18:13,18:16,18:19,18:23,18:20,18:26,18:23,18:32,18:36,18:36,,18:40,18:40,,18:44,18:48,18:43,18:46,18:51,18:49,18:55,18:52,18:59,18:55,19:03,19:04,19:07,19:07,19:10,19:13,,19:14,19:17,19:16,19:21,19:25,,,19:28,19:28,19:32,19:31,19:36,19:40,19:36,19:39,19:44,19:47,,19:49,,19:53,19:56,19:56,19:59,20:03,19:59,20:03,20:08,20:13,20:16,20:18,20:22,20:28,20:31,20:34,20:40,20:44,20:45,20:49,20:52,,20:56,20:59,21:02,20:55,20:58,21:01,21:06,21:10,21:14,21:18,21:22,21:26,21:30,21:34,21:38,21:40,21:42,21:46,21:50,21:54,21:58,21:55,22:02,22:06,22:10,,22:14,22:15,22:18,22:18,22:22,22:26,22:34,22:38,22:42,22:38,22:46,22:49,22:52,22:56,23:00,23:04,23:05,23:08,23:12,23:16,23:19,23:22,23:26,23:30,23:34,23:31,23:41,23:48,23:52,23:56,00:00,00:04,00:09,00:13,00:16
Matunga,00:23,00:26,00:29,00:33,00:45,,,,,,04:40,,,,,,05:08,,,05:21,,05:28,05:33,05:37,,,05:49,,06:01,,,06:12,,06:22,,,,,06:31,06:35,,06:44,,06:47,06:51,,,06:58,07:02,07:09,,,,07:17,07:21,,07:29,07:33,07:37,,07:45,,07:49,,07:53,07:57,08:03,,08:07,,08:11,08:15,08:19,,,08:25,08:29,08:33,,08:37,08:41,,08:45,,08:48,08:51,,,,08:59,09:03,,09:06,,09:10,,09:14,,,,09:18,09:22,,09:26,,09:30,09:33,,,,09:37,09:41,,,09:44,09:47,,,09:51,09:54,09:57,,10:00,,10:03,,10:06,,10:10,,10:14,10:18,,,10:21,,10:25,,10:28,,10:34,,10:39,,10:43,,10:48,,10:51,10:55,10:59,,11:03,,11:06,11:10,,11:13,,,,11:16,11:19,,11:22,11:25,11:28,11:33,,,,11:37,,11:41,11:45,11:48,11:51,,,11:57,12:01,,12:06,,12:11,12:15,12:19,12:24,12:28,,,12:36,12:41,,12:45,,12:48,,12:53,12:59,13:05,13:09,13:13,13:17,,,13:21,13:25,,13:29,13:33,,13:37,,,13:42,13:47,13:51,13:59,,,,14:03,14:07,,14:11,14:15,14:19,,,14:28,14:32,14:36,,14:41,14:46,14:50,14:55,14:59,,,15:03,15:07,15:15,15:19,15:23,,,15:27,15:31,,15:35,,,15:39,15:45,15:49,15:53,,15:56,,16:01,16:06,16:15,,16:18,16:21,16:29,16:25,16:29,,16:34,,16:38,16:42,,,,16:51,16:55,16:59,17:04,,,17:09,,17:13,,,17:17,,17:23,17:26,17:30,17:33,,17:37,,,17:41,17:45,,17:49,,,17:53,,17:57,,,18:01,18:05,,,,18:09,18:13,,,18:18,,,18:23,18:27,,18:30,,18:35,18:39,,,18:43,,,18:47,18:51,,,18:54,,18:58,,19:02,,19:06,,19:10,,,,,19:17,19:20,,19:24,19:28,,,19:31,,19:35,,19:39,19:43,,,,,,19:51,,19:56,20:00,,20:03,20:06,,,20:11,20:17,,20:21,20:25,20:31,20:34,20:37,20:44,20:48,,20:52,20:55,,20:59,21:03,21:06,,,,21:10,21:13,21:17,21:21,21:25,21:29,21:33,21:37,21:41,,21:45,21:49,21:53,21:57,22:01,,22:05,22:09,22:13,,22:17,,22:21,,22:25,22:29,22:37,22:42,22:46,,22:50,22:53,22:56,22:59,23:03,23:07,,23:11,23:15,23:19,23:22,23:25,23:29,23:33,23:37,,23:44,23:51,23:55,23:59,00:03,00:07,00:13,00:17,00:19
Sion,00:26,00:29,00:32,00:36,00:48,,,,,,04:43,,,,,,05:11,,,05:24,,05:31,05:36,05:40,,,05:52,,06:04,,,06:15,,06:25,,,,,06:34,06:38,,06:47,,06:50,06:54,,,07:01,07:05,07:12,,,,07:20,07:24,,07:32,07:36,07:40,,07:48,,07:52,,07:56,08:00,08:06,,08:10,,08:14,08:18,08:22,,,08:28,08:32,08:36,,08:40,08:44,,08:48,,08:51,08:54,,,,09:02,09:06,,09:09,,09:13,,09:17,,,,09:21,09:25,,09:29,,09:33,09:36,,,,09:40,09:44,,,09:47,09:50,,,09:54,09:57,10:00,,10:03,,10:06,,10:09,,10:13,,10:17,10:21,,,10:24,,10:28,,10:31,,10:37,,10:42,,10:46,,10:51,,10:54,10:58,11:02,,11:06,,11:09,11:13,,11:16,,,,11:19,11:22,,11:25,11:28,11:31,11:36,,,,11:40,,11:44,11:48,11:51,11:54,,,12:00,12:04,,12:09,,12:14,12:18,12:22,12:27,12:31,,,12:39,12:44,,12:48,,12:51,,12:56,13:02,13:08,13:12,13:16,13:20,,,13:24,13:28,,13:32,13:36,,13:40,,,13:45,13:50,13:54,14:02,,,,14:06,14:10,,14:14,14:18,14:22,,,14:31,14:35,14:39,,14:44,14:49,14:53,14:58,15:02,,,15:06,15:10,15:18,15:22,15:26,,,15:30,15:34,,15:38,,,15:42,15:48,15:52,15:56,,15:59,,16:04,16:09,16:18,,16:21,16:24,,16:28,16:32,,16:37,,16:41,16:45,,,,16:54,16:58,17:02,17:07,,,17:12,,17:16,,,17:20,,17:26,17:29,17:33,17:36,,17:40,,,17:44,17:48,,17:52,,,17:56,,18:00,,,18:04,18:08,,,,18:12,18:16,,,18:21,,,18:26,18:30,,18:33,,18:38,18:42,,,18:46,,,18:50,18:54,,,18:57,,19:01,,19:05,,19:09,,19:13,,,,,19:20,19:23,,19:27,19:31,,,19:34,,19:38,,19:42,19:46,,,,,,19:54,,19:59,20:03,,20:06,20:09,,,20:14,20:20,,20:24,20:28,20:34,20:37,20:40,20:47,20:51,,20:55,20:58,,21:02,21:06,21:09,,,,21:13,21:16,21:20,21:24,21:28,21:32,21:36,21:40,21:44,,21:48,21:52,21:56,22:00,22:04,,22:08,22:12,22:16,,22:20,,22:24,,22:28,22:32,22:40,22:45,22:49,,22:53,22:56,22:59,23:02,23:06,23:10,,23:14,23:18,23:22,23:25,23:28,23:32,23:36,23:40,,23:47,23:54,23:58,00:02,00:06,00:10,00:16,00:20,00:22
Kurla,00:30,00:33,00:36,00:40,00:52,,,,,,04:47,,04:57,04:58,,,05:15,,,05:28,,05:35,05:40,05:44,05:40,,05:56,,06:08,06:06,,06:19,,06:29,06:28,,06:31,,06:38,06:42,,06:51,06:45,06:54,06:58,,,07:05,07:09,07:16,07:09,,07:15,07:24,07:28,07:26,07:36,07:40,07:44,07:42,07:52,07:47,07:56,07:50,08:00,08:04,08:10,08:03,08:14,08:15,08:18,08:22,08:26,08:24,,08:32,08:36,08:40,08:39,08:44,08:48,,08:52,08:49,08:55,08:59,08:55,08:58,,09:06,09:10,09:07,09:13,09:10,09:17,09:14,09:21,09:17,,09:21,09:25,09:29,09:24,09:33,09:29,09:37,09:40,09:33,09:36,,09:44,09:48,09:40,09:43,09:51,09:54,09:47,09:51,09:58,10:01,10:04,09:55,10:07,09:59,10:10,10:02,10:13,10:06,10:17,10:11,10:21,10:25,10:18,,10:28,10:24,10:32,10:28,10:35,10:32,10:41,10:36,10:46,10:40,10:50,10:45,10:55,10:53,10:58,11:02,11:06,10:57,11:10,11:00,11:13,11:17,11:08,11:20,11:12,11:15,,11:23,11:26,11:18,11:29,11:32,11:35,11:40,11:34,,,11:44,11:38,11:48,11:52,11:55,11:58,12:01,11:58,12:04,12:08,12:02,12:13,12:10,12:18,12:22,12:26,12:31,12:35,12:38,,12:43,12:48,12:41,12:52,12:46,12:55,12:50,13:00,13:06,13:12,13:16,13:20,13:24,13:14,13:17,13:28,13:32,,13:36,13:40,13:35,13:44,13:39,13:43,13:49,13:54,13:58,14:06,14:00,,,14:10,14:14,14:11,14:18,14:22,14:26,14:29,14:29,14:35,14:39,14:43,14:40,14:48,14:53,14:57,15:02,15:06,15:02,15:05,15:10,15:14,15:22,15:26,15:30,15:24,,15:34,15:38,15:32,15:42,15:35,15:40,15:46,15:52,15:56,16:00,15:57,16:03,16:01,16:08,16:13,16:22,,16:25,16:28,16:33,16:32,16:36,16:36,16:41,16:39,16:45,16:49,16:50,16:54,,16:58,17:02,17:06,17:11,,17:02,17:16,17:11,17:20,,,17:24,,17:30,17:33,17:37,17:40,17:37,17:44,17:41,17:44,17:48,17:52,17:47,17:56,,17:50,18:00,17:54,18:04,17:58,18:01,18:08,18:12,18:05,18:08,,18:16,18:20,18:18,,18:25,18:21,18:24,18:30,18:34,18:27,18:37,18:30,18:42,18:46,18:43,,18:50,18:47,,18:54,18:58,18:50,18:53,19:01,18:56,19:05,18:59,19:09,19:02,19:13,19:11,19:17,19:14,19:17,19:20,,19:24,19:27,,19:31,19:35,,,19:38,19:35,19:42,19:38,19:46,19:50,19:43,19:46,19:51,19:54,19:54,19:57,,20:03,20:07,20:04,20:10,20:13,20:07,20:11,20:18,20:24,20:24,20:28,20:32,20:38,20:41,20:44,20:51,20:55,20:53,20:59,21:02,,21:06,21:10,21:13,21:04,21:07,21:10,21:17,21:20,21:24,21:28,21:32,21:36,21:40,21:44,21:48,21:47,21:52,21:56,22:00,22:04,22:08,22:03,22:12,22:16,22:20,22:23,22:25,22:22,22:28,22:26,22:32,22:36,22:44,22:49,22:53,22:45,22:57,23:00,23:03,23:06,23:10,23:14,23:13,23:18,23:22,23:26,23:29,23:33,23:36,23:40,23:44,23:38,23:51,23:58,00:02,00:06,00:10,00:14,00:20,00:24,00:27
Vidyavihar,00:33,,00:39,00:43,00:55,,,,,04:45,04:50,,,05:01,,,05:18,,05:26,05:31,05:34,05:38,05:43,05:47,,,05:59,06:05,06:11,,06:15,06:22,06:26,06:32,,,,06:37,06:41,06:45,06:49,06:54,,06:57,07:01,07:04,,07:08,07:12,07:19,,07:23,,07:27,07:31,,07:39,07:43,07:47,,07:55,,07:59,,08:03,08:07,08:13,,08:17,,08:21,08:25,08:29,,,08:35,08:39,08:43,,08:47,08:51,,08:55,,08:58,,,,09:01,09:09,,,09:16,,09:20,,,,,,09:28,09:32,,09:36,,09:40,,,,,09:47,09:51,,,,09:57,,,10:01,10:04,10:07,,10:10,,10:13,,,,10:20,,10:24,10:28,,,,,10:35,,10:38,,10:44,,10:49,,10:53,,10:58,,11:01,,11:09,,11:13,,,11:20,,11:23,,,,11:26,11:29,,,11:35,11:38,,,,,11:47,,11:51,11:55,11:58,12:01,12:05,,12:08,12:12,,12:17,,12:21,12:25,12:29,12:34,12:38,,,12:46,12:51,,12:55,,12:58,,13:03,13:09,13:15,13:19,13:23,13:27,,,13:31,13:35,,13:39,13:43,,13:47,,,13:52,13:57,14:01,14:09,,,,14:13,14:17,,14:21,14:25,14:29,,14:33,14:38,14:42,14:46,,14:51,14:56,15:00,15:05,15:09,,,15:13,15:17,15:25,15:29,15:33,,,15:37,15:41,,15:45,,,15:49,15:55,15:59,16:03,,16:06,,16:11,16:16,16:25,,16:28,16:31,,16:35,16:39,,16:44,,16:48,16:52,,16:58,,17:01,17:05,17:09,,17:15,,17:19,,17:23,,,17:27,17:30,17:33,17:36,17:40,17:43,,17:47,,,17:51,17:55,,,17:59,,18:03,,18:07,,,18:11,,,,18:15,18:19,18:23,,,18:28,,,18:33,18:37,,18:40,,18:45,18:49,,,,,,18:57,19:01,,,19:04,,19:08,,19:12,,19:16,,,,,,,19:27,19:30,,19:34,19:38,,,19:41,,19:45,,19:49,19:53,,,,,19:58,20:01,,20:06,20:10,,20:13,20:16,,,20:21,20:27,,20:31,20:35,20:41,20:44,20:47,20:54,20:58,,21:02,21:05,,21:09,,21:16,,,,21:20,21:23,21:27,21:31,21:35,21:39,21:43,21:47,21:51,,21:55,21:59,22:03,,22:11,,22:15,22:19,22:23,22:27,,,22:31,,22:35,22:39,22:47,22:52,22:56,,23:00,,23:06,23:09,23:13,23:17,,23:21,,23:29,23:32,,23:39,23:43,23:47,,,00:01,,00:09,00:13,00:17,00:23,00:27,
Ghatkopar,00:36,,00:42,00:46,00:58,,,,,04:48,04:53,,05:02,05:04,,,05:21,,05:29,05:34,05:37,05:41,05:46,05:50,05:44,,06:02,06:08,06:14,06:10,06:18,06:25,06:29,06:35,06:32,,06:35,06:40,06:44,06:48,06:52,06:57,,07:00,07:04,07:07,,07:11,07:15,07:22,07:13,07:26,07:19,07:30,07:34,07:30,07:42,07:46,07:50,07:46,07:58,07:51,08:02,07:54,08:06,08:10,08:16,08:07,08:20,08:19,08:24,08:28,08:32,08:28,,08:38,08:42,08:46,08:43,08:50,08:54,,08:58,08:53,09:01,,08:59,09:02,09:04,09:12,,09:11,09:20,,09:24,09:18,,09:21,,09:25,09:31,09:35,,09:39,09:33,09:43,,09:37,09:40,,09:50,09:54,09:44,09:47,,10:00,09:51,09:55,10:04,10:07,10:10,09:59,10:13,10:03,10:16,10:06,,10:10,10:23,,10:27,10:31,10:22,,,10:28,10:38,10:32,10:41,10:36,10:47,10:40,10:52,10:44,10:56,10:49,11:01,10:57,11:04,,11:12,11:01,11:16,11:04,,11:23,11:12,11:26,11:16,11:19,,11:29,11:32,11:22,,11:38,11:41,,11:38,,,11:50,11:42,11:54,11:58,12:01,12:04,12:08,12:02,12:11,12:15,12:06,12:20,12:14,12:24,12:28,12:32,12:37,12:41,12:42,,12:49,12:54,12:45,12:58,12:50,13:01,12:54,13:06,13:12,13:18,13:22,13:26,13:30,13:18,13:21,13:34,13:38,,13:42,13:46,13:39,13:50,13:43,13:47,13:55,14:00,14:04,14:12,14:04,,,14:16,14:20,14:15,14:24,14:28,14:32,14:33,14:36,14:41,14:45,14:49,14:44,14:54,14:59,15:03,15:08,15:12,15:06,15:09,15:16,15:20,15:28,15:32,15:36,15:28,,15:40,15:44,15:36,15:48,15:39,15:44,15:52,15:58,16:02,16:06,16:01,16:09,16:05,16:14,16:19,16:28,,16:31,16:34,,16:38,16:42,16:40,16:47,16:43,16:51,16:55,16:54,17:01,,17:04,17:08,17:12,,17:18,17:07,17:22,17:15,17:26,,,17:30,17:33,17:36,17:39,17:43,17:46,17:41,17:50,17:45,,17:54,17:58,17:51,,18:02,17:54,18:06,17:58,18:10,18:02,,18:14,,18:09,18:12,18:18,18:22,18:26,18:22,,18:31,18:25,,18:36,18:40,18:31,18:43,,18:48,18:52,18:47,,,18:51,,19:00,19:04,18:54,,19:07,19:00,19:11,19:03,19:15,19:06,19:19,19:15,,19:18,,19:24,,19:30,19:33,,19:37,19:41,,,19:44,19:39,19:48,19:42,19:52,19:56,19:47,19:50,19:55,,20:01,20:04,,20:09,20:13,20:08,20:16,20:19,20:11,20:15,20:24,20:30,20:28,20:34,20:38,20:44,20:47,20:50,20:57,21:01,20:57,21:05,21:08,,21:12,,21:19,21:08,21:11,21:14,21:23,21:26,21:30,21:34,21:38,21:42,21:46,21:50,21:54,21:51,21:58,22:02,22:06,,22:14,22:10,22:18,22:22,22:26,22:30,,22:26,22:34,22:30,22:38,22:42,22:50,22:55,22:59,22:49,23:03,,23:09,23:12,23:16,23:20,23:18,23:24,,23:32,23:35,,23:42,23:46,23:50,23:42,,00:04,,00:12,00:16,00:20,00:26,00:30,
Vikhroli,00:40,,00:46,00:50,01:02,,,,,04:52,04:57,,,05:08,,,05:25,,05:33,05:38,05:41,05:45,05:50,05:54,,,06:06,06:12,06:18,,06:22,06:29,06:33,06:39,,,,06:44,06:48,06:52,06:56,07:01,06:53,07:04,07:08,07:11,,07:15,07:19,07:26,,07:30,,07:34,07:38,,07:46,07:50,07:54,,08:02,,08:06,,08:10,08:14,08:20,,08:24,,08:28,08:32,08:36,,,08:42,08:46,08:50,,08:54,08:58,,09:02,,09:05,,,,09:08,,,,09:24,09:18,09:28,,,,,,09:35,09:39,,09:43,09:37,,,,,,09:54,09:58,,,,10:04,09:55,,10:08,10:11,10:14,,10:17,,10:20,,,10:14,10:27,10:19,10:31,,,,,,10:42,10:37,10:45,,10:51,,10:56,10:48,11:00,,11:05,,11:09,,11:16,,11:20,11:08,,11:27,,11:30,,,,11:33,11:36,,,11:42,11:45,,,,,11:54,,11:58,12:02,12:05,12:08,12:12,,12:15,12:19,,12:24,,12:28,12:32,12:36,12:41,12:45,,,12:53,12:58,,13:02,,13:05,,13:10,13:16,13:22,13:26,13:30,13:34,,,13:38,13:42,,13:46,13:50,,13:54,,,13:59,14:04,14:08,14:16,,,,14:20,14:24,,14:28,14:32,14:36,,14:40,14:45,14:49,14:53,,14:58,15:03,15:07,15:12,15:16,,,15:20,15:24,15:32,15:36,15:40,,,15:44,15:48,,15:52,,,15:56,16:02,16:06,16:10,,16:13,,16:18,16:23,16:32,,16:35,16:38,16:41,16:42,16:46,,16:51,,16:55,16:59,,17:05,,17:08,17:12,17:16,,17:22,,17:26,,17:30,,,17:34,17:37,17:40,17:43,17:47,17:50,,17:54,,17:52,17:58,18:02,,,18:06,,18:10,,18:14,,18:09,18:18,,,,18:22,18:26,18:30,,,18:35,,18:32,18:40,18:44,,18:47,,18:52,18:56,,,,,,19:04,19:08,,19:01,19:11,,19:15,,19:19,,19:23,,,,19:24,,,19:34,19:37,19:30,19:41,19:45,,,19:48,,19:52,,19:56,20:00,,,,20:01,20:05,20:08,,20:13,20:17,,20:20,20:23,,,20:28,20:34,,20:38,20:42,20:48,20:51,20:54,21:01,21:05,,21:09,21:12,,21:16,,21:23,,,,21:27,21:30,21:34,21:38,21:42,21:46,21:50,21:54,21:58,,22:02,22:06,22:10,,22:18,22:14,22:22,22:26,22:30,22:34,,,22:38,,22:42,22:46,22:54,22:59,23:03,,23:07,,23:13,23:16,23:20,23:24,,23:28,,23:36,23:39,,23:46,23:50,23:54,,,00:08,,00:16,00:20,00:24,00:30,00:35,
Kanjur Marg,00:43,,00:49,00:53,01:05,,,,,04:55,05:00,,,05:11,,,05:28,,05:36,05:41,05:44,05:48,05:53,05:57,,,06:09,06:15,06:21,,06:25,06:32,06:36,06:42,,,,06:47,06:51,06:55,06:59,07:04,,07:07,07:11,07:14,,07:18,07:22,07:29,,07:33,,07:37,07:41,,07:49,07:53,07:57,,08:05,,08:09,,08:13,08:17,08:23,,08:27,,08:31,08:35,08:39,,,08:45,08:49,08:53,,08:57,09:01,,09:05,,09:08,,,,09:11,,,,09:27,,09:31,,,,,,09:38,09:42,,09:46,,,,,,,09:57,10:01,,,,10:07,,,10:11,10:14,10:17,,10:20,,10:23,,,,10:30,,10:34,,,,,,10:45,,10:48,,10:54,,10:59,,11:03,,11:08,,11:12,,11:19,,11:23,,,11:30,,11:33,,,,11:36,11:39,,,11:45,11:48,,,,,11:57,,12:01,12:05,12:08,12:11,12:15,,12:18,12:22,,12:27,,12:31,12:35,12:39,12:44,12:48,,,12:56,13:01,,13:05,,13:08,,13:13,13:19,13:25,13:29,13:33,13:37,,,13:42,13:46,,13:50,13:54,,13:57,,,14:02,14:07,14:11,14:19,,,,14:23,14:27,,14:31,14:35,14:39,,14:43,14:48,14:52,14:56,,15:01,15:06,15:10,15:15,15:19,,,15:23,15:27,15:35,15:39,15:43,,,15:47,15:51,,15:55,,,15:59,16:05,16:09,16:13,,16:16,,16:21,16:26,16:35,,16:38,16:41,,16:45,16:49,,16:54,,16:58,17:02,,17:08,,17:11,17:15,17:19,,17:25,,17:29,,17:33,,,17:37,17:40,17:43,17:46,17:50,17:53,,17:57,,,18:01,18:05,,,18:09,,18:13,,18:17,,,18:21,,,,18:25,18:29,18:33,,,18:38,,,18:43,18:47,,18:50,,18:55,18:59,,,,,,19:07,19:11,,,19:14,,19:18,,19:22,,19:26,,,,,,,19:37,19:40,,19:44,19:48,,,19:51,,19:55,,19:59,20:03,,,,,20:08,20:11,,20:16,20:20,,20:23,20:26,,,20:31,20:37,,20:41,20:45,20:51,20:54,20:57,21:04,21:08,,21:12,21:15,,21:19,,21:26,,,,21:30,21:33,21:37,21:41,21:45,21:49,21:53,21:57,22:01,,22:05,22:09,22:13,,22:21,22:17,22:25,22:29,22:33,22:37,,,22:41,,22:45,22:49,22:57,23:02,23:06,,23:10,,23:16,23:19,23:23,23:27,,23:31,,23:39,23:42,,23:49,23:53,23:57,,,00:11,,00:19,00:23,00:27,00:33,00:38,
Bhandup,00:46,,00:52,00:56,01:08,,,,,04:58,05:03,,,05:14,,,05:31,,05:39,05:44,05:47,05:51,05:56,06:00,,,06:12,06:18,06:24,,06:28,06:35,06:39,06:45,,,,06:50,06:54,06:58,07:02,07:07,,07:10,07:14,07:17,,07:21,07:25,07:32,,07:36,,07:40,07:44,07:38,07:52,07:56,08:00,07:54,08:08,,08:12,,08:16,08:20,08:26,,08:30,,08:34,08:38,08:42,,,08:48,08:52,08:56,,09:00,09:04,,09:08,09:00,09:11,,,,09:14,,,09:19,09:30,,09:34,,,09:29,,09:33,09:41,09:45,,09:49,,,,09:45,09:48,,10:00,10:04,09:52,09:55,,10:10,,10:05,10:14,10:17,10:20,,10:23,,10:26,,,,10:33,,10:37,,,,,,10:48,,10:51,10:46,10:57,,11:02,,11:06,10:57,11:11,,11:15,,11:22,11:09,11:26,,,11:33,,11:36,,,,11:39,11:42,,,11:48,11:51,,,,,12:00,11:50,12:04,12:08,12:11,12:14,12:18,12:10,12:21,12:25,,12:30,,12:34,12:38,12:42,12:47,12:51,,,12:59,13:04,,13:08,,13:11,,13:16,13:22,13:28,13:32,13:36,13:40,,13:29,13:45,13:49,,13:53,13:57,13:47,14:00,,,14:05,14:10,14:14,14:22,,,,14:26,14:30,,14:34,14:38,14:42,,14:46,14:51,14:55,14:59,,15:04,15:09,15:13,15:18,15:22,,,15:26,15:30,15:38,15:42,15:46,,,15:50,15:54,,15:58,,,16:02,16:08,16:12,16:16,,16:19,16:13,16:24,16:29,16:38,,16:41,16:44,,16:48,16:52,,16:57,,17:01,17:05,,17:11,,17:14,17:18,17:22,,17:28,,17:32,,17:36,,,17:40,17:43,17:46,17:49,17:53,17:56,,18:00,,,18:04,18:08,,,18:12,,18:16,,18:20,18:10,,18:24,,,,18:28,18:32,18:36,,,18:41,,,18:46,18:50,,18:53,18:40,18:58,19:02,,,,,,19:10,19:14,,,19:17,19:07,19:21,19:11,19:25,,19:29,19:23,,,,,,19:40,19:43,19:35,19:47,19:51,,,19:54,,19:58,,20:02,20:06,,19:57,,,20:11,20:14,,20:19,20:23,20:16,20:26,20:29,,,20:34,20:40,,20:44,20:48,20:54,20:57,21:00,21:07,21:11,,21:15,21:18,,21:22,,21:29,,,,21:33,21:36,21:40,21:44,21:48,21:52,21:56,22:00,22:04,,22:08,22:12,22:16,,22:24,22:20,22:28,22:32,22:36,22:40,,22:34,22:44,,22:48,22:52,23:00,23:05,23:09,,23:13,,23:19,23:22,23:26,23:30,,23:34,,23:42,23:45,,23:52,23:56,,,,00:14,,00:22,00:26,00:30,00:36,00:40,
Nahur,00:49,,00:55,00:59,01:11,,,,,05:01,05:06,,,05:17,,,05:34,,05:42,05:47,05:50,05:54,05:59,06:03,,,06:15,06:21,06:27,,06:31,06:38,06:42,06:48,,,,06:53,06:57,07:01,07:05,07:10,,07:13,07:17,07:20,,07:24,07:28,07:35,,07:39,,07:43,07:47,,07:55,07:59,08:03,,08:11,,08:15,,08:19,08:23,08:29,,08:33,,08:37,08:41,08:45,,,08:51,08:55,08:59,,09:03,09:07,,09:11,,09:14,,,,09:17,,,,09:33,,09:37,,,,,,09:44,09:49,,09:52,,,,,,,10:03,10:07,,,,10:13,,,10:17,10:20,10:23,,10:26,,10:29,,,,10:36,,10:40,,,,,,10:51,,10:54,,11:00,,11:05,,11:09,,11:15,,11:18,,11:25,,11:29,,,11:36,,11:39,,,,11:42,11:45,,,11:51,11:54,,,,,12:03,,12:07,12:11,12:14,12:17,12:21,,12:24,12:28,,12:33,,12:37,12:41,12:45,12:50,12:54,,,13:02,13:07,,13:11,,13:14,,13:19,13:25,13:31,13:35,13:39,13:43,,,13:48,13:52,,13:56,14:00,,14:03,,,14:08,14:13,14:17,14:25,,,,14:29,14:33,,14:37,14:41,14:45,,14:49,14:54,14:58,15:02,,15:07,15:12,15:16,15:21,15:25,,,15:29,15:33,15:41,15:45,15:49,,,15:53,15:57,,16:01,,,16:05,16:11,16:15,16:19,,16:22,,16:27,16:32,16:41,,16:44,16:47,,16:51,16:55,,17:00,,17:04,17:08,,17:14,,17:17,17:21,17:25,,17:31,,17:35,,17:39,,,17:43,17:46,17:49,17:52,17:56,17:59,,18:03,,,18:07,18:11,,,18:15,,18:19,,18:23,,,18:27,,,,18:31,18:35,18:39,,,18:44,,,18:49,18:53,,18:56,,19:01,19:05,,,,,,19:13,19:17,,,19:20,,19:24,,19:28,,19:32,,,,,,,19:43,19:46,,19:50,19:54,,,19:57,,20:01,,20:05,20:09,,,,,20:14,20:17,,20:22,20:26,,20:29,20:32,,,20:37,20:43,,20:47,20:51,20:57,21:00,21:03,21:10,21:14,,21:18,21:21,,21:25,,21:32,,,,21:36,21:39,21:43,21:47,21:51,21:55,21:59,22:03,22:07,,22:11,22:15,22:19,,22:27,22:23,22:31,22:35,22:39,22:43,,,22:47,,22:51,22:55,23:03,23:08,23:12,,23:16,,23:22,23:25,23:29,23:33,,23:37,,23:45,23:48,,23:55,23:59,00:03,,,00:17,,00:25,00:29,00:33,00:39,00:43,
Mulund,00:52,,00:58,01:02,01:14,,,,,05:04,05:09,,,05:20,,,05:37,,05:45,05:50,05:53,05:57,06:02,06:06,,,06:18,06:24,06:30,,06:34,06:41,06:45,06:51,,,,06:56,07:00,07:04,07:08,07:13,07:01,07:16,07:20,07:23,,07:27,07:31,07:38,07:24,07:42,07:30,07:46,07:50,,07:58,08:02,08:06,,08:14,07:59,08:18,08:06,08:22,08:26,08:32,,08:36,08:30,08:40,08:44,08:48,,,08:54,08:58,09:02,,09:06,09:10,,09:14,,09:17,,09:11,09:14,09:20,,,,09:36,09:27,09:40,09:30,,,,,09:47,09:53,09:40,09:57,09:45,,,,,,10:06,10:10,,,,10:16,10:04,,10:20,10:23,10:26,10:12,10:29,10:16,10:32,10:18,,10:22,10:39,10:27,10:43,,,,,,10:54,10:45,10:57,,11:03,10:53,11:08,10:56,11:12,,11:19,,11:22,,11:28,,11:32,11:16,,11:39,11:24,11:42,,,,11:45,11:48,11:34,,11:54,11:57,,11:49,,,12:06,,12:10,12:14,12:17,12:21,12:24,,12:27,12:31,12:18,12:36,,12:40,12:44,12:48,12:53,12:57,,,13:05,13:10,,13:14,,13:17,13:06,13:22,13:28,13:34,13:38,13:42,13:46,,,13:52,13:56,,14:00,14:04,,14:07,13:55,,14:11,14:16,14:20,14:28,14:16,,,14:32,14:36,14:27,14:40,14:44,14:48,,14:52,14:57,15:01,15:05,14:55,15:10,15:15,15:19,15:24,15:28,15:18,,15:32,15:36,15:44,15:48,15:52,,,15:56,16:00,15:48,16:04,,,16:08,16:14,16:18,16:22,16:12,16:26,,16:30,16:35,16:44,,16:47,16:50,,16:54,16:58,,17:03,16:54,17:08,17:12,17:06,17:17,,17:20,17:24,17:28,,17:34,,17:38,,17:42,,,17:46,17:49,17:52,17:55,17:59,18:02,17:53,18:06,,,18:10,18:14,18:03,,18:18,18:06,18:22,,18:26,,18:17,18:30,,,18:24,18:34,18:38,18:42,,,18:49,,18:40,18:53,18:57,,19:00,18:45,19:04,19:08,,,,19:02,,19:17,19:20,19:05,,19:24,,19:27,,19:31,19:18,19:35,,,,19:32,19:35,,19:46,19:49,19:40,19:53,19:57,,,20:00,19:50,20:04,19:54,20:08,20:12,,,20:05,20:08,20:17,20:20,,20:25,20:29,,20:32,20:35,,20:27,20:40,20:46,20:38,20:50,20:54,21:00,21:03,21:06,21:13,21:17,21:10,21:21,21:24,,21:28,,21:35,21:19,21:22,21:25,21:39,21:42,21:46,21:50,21:54,21:58,22:02,22:06,22:10,22:03,22:14,22:18,22:22,,22:30,22:26,22:34,22:38,22:42,22:46,,,22:50,22:42,22:54,22:58,23:06,23:11,23:15,23:01,23:19,,23:25,23:28,23:32,23:36,23:30,23:40,,23:48,23:51,,23:58,00:02,00:06,23:54,,00:20,,00:28,00:32,00:36,00:42,00:46,
Thane,00:56,,01:02,01:06,01:19,,,05:00,05:04,05:09,05:14,05:20,05:20,05:25,05:27,05:35,05:42,05:46,05:50,05:54,05:58,06:02,06:07,06:11,06:01,06:15,06:23,06:30,06:35,06:25,06:39,06:46,06:50,06:56,06:46,,06:49,07:01,07:05,07:08,07:12,07:17,07:05,07:21,07:25,07:28,,07:32,07:36,07:43,07:28,07:47,07:34,07:51,07:55,07:46,08:03,08:07,08:11,08:02,08:19,08:07,08:24,08:10,08:27,08:31,08:37,08:23,08:42,08:38,08:44,08:48,08:54,08:46,08:56,08:59,09:04,09:07,08:56,09:12,09:15,09:18,09:19,09:06,09:23,,09:15,09:18,09:25,,,09:27,09:42,09:33,09:45,09:34,,09:37,,09:41,09:53,10:00,09:46,10:03,09:51,,,09:55,09:58,10:06,10:11,10:16,10:02,10:05,,10:20,10:10,10:14,10:25,10:28,10:31,10:17,10:34,10:21,10:38,10:24,,10:27,10:46,10:32,10:50,,10:38,,,10:44,10:59,10:50,11:04,10:54,11:08,10:57,11:13,11:00,11:16,11:06,11:24,11:14,11:28,,11:33,11:17,11:37,11:21,,11:45,11:28,11:48,11:31,11:34,11:49,11:52,11:55,11:40,,12:00,12:03,,11:53,,12:05,12:11,11:58,12:15,12:19,12:23,12:27,12:30,12:17,12:33,12:37,12:22,12:40,12:30,12:45,12:49,12:53,12:58,13:02,12:57,13:06,13:10,13:15,13:01,13:20,13:06,13:23,13:12,13:27,13:33,13:39,13:42,13:46,13:50,13:34,13:37,13:58,14:01,14:05,14:06,14:09,13:55,14:12,13:59,14:02,14:17,14:22,14:26,14:34,14:20,,14:33,14:37,14:41,14:31,14:45,14:49,14:54,14:47,14:56,15:01,15:05,15:09,15:00,15:15,15:19,15:25,15:29,15:33,15:21,15:25,15:37,15:41,15:49,15:53,15:58,15:43,15:58,16:01,16:05,15:52,16:09,15:55,15:59,16:13,16:19,16:24,16:27,16:16,16:31,16:20,16:36,16:41,16:50,16:50,16:53,16:56,16:50,16:59,17:04,16:54,17:08,16:58,17:15,17:18,17:10,17:22,17:25,17:26,17:29,17:35,,17:40,17:23,17:44,17:31,17:48,17:35,17:48,17:52,17:55,17:58,18:00,18:05,18:08,17:57,18:12,18:01,18:04,18:15,18:20,18:07,,18:23,18:10,18:28,18:13,18:31,18:19,18:22,18:35,,18:25,18:28,18:39,18:44,18:46,18:37,18:50,18:55,18:41,18:44,18:58,19:02,18:47,19:05,18:52,19:09,19:13,18:59,,,19:06,19:20,19:23,19:25,19:09,19:15,19:29,19:18,19:33,19:21,19:36,19:24,19:42,19:33,,19:36,19:39,19:42,19:45,19:51,19:54,19:44,19:58,20:02,20:05,,20:06,19:54,20:09,19:58,20:13,20:17,20:02,20:05,20:09,20:12,20:22,20:25,20:28,20:31,20:34,20:24,20:37,20:40,20:27,20:31,20:46,20:51,20:43,20:55,20:59,21:06,21:08,21:11,21:19,21:23,21:16,21:27,21:30,21:32,21:35,,21:40,21:23,21:26,21:29,21:44,21:48,21:51,21:55,22:00,22:03,22:07,22:11,22:15,22:07,22:19,22:23,22:27,,22:35,22:31,22:39,22:43,22:47,22:51,,22:42,22:55,22:46,22:59,23:03,23:10,23:15,23:19,23:05,23:23,,23:29,23:33,23:37,23:41,23:34,23:45,,23:53,23:57,,00:03,00:07,00:11,23:58,,00:25,,00:33,00:37,00:41,00:47,00:51,
Kalva,01:01,,01:07,01:11,,,,05:05,05:09,05:14,05:19,05:25,,,05:32,05:40,05:47,05:51,05:55,05:59,06:03,06:07,06:12,06:16,,06:20,06:28,06:36,06:40,,06:44,06:51,06:55,07:01,,,,07:06,07:10,07:13,07:17,07:22,,07:26,07:30,07:33,,07:37,,07:48,,07:52,,07:56,,,08:08,,08:16,,08:24,,,,08:32,08:36,08:42,,,,08:49,08:53,,,09:01,09:06,,09:14,,,09:20,09:23,,,,,,,09:30,,,,,,09:50,,,,,,,,,10:08,,,,,,10:11,10:16,,,,,10:25,,,,10:33,10:36,,10:40,,,,,,,,10:56,,,,,,11:04,,,,11:13,,,,11:21,,11:28,,,,11:37,,,,,11:50,,,,,11:54,11:57,,11:45,,12:06,,,,,12:10,,,12:20,12:24,12:28,12:32,12:35,,,12:42,,,,12:50,12:54,12:58,13:03,13:07,,13:11,13:15,13:20,,,,13:28,,13:32,13:38,13:44,13:47,13:51,13:55,,,,14:06,14:11,,14:15,,14:18,,,14:22,14:27,14:31,,,,14:38,14:42,14:46,,14:50,14:54,,,15:01,15:06,15:10,15:14,,15:20,15:24,,15:34,15:38,,,15:42,15:46,15:54,15:58,,,16:03,16:06,16:10,,16:14,,,16:18,16:24,,16:32,,16:36,,16:41,16:46,,16:55,16:58,17:01,,17:05,,,17:13,,,17:23,,17:27,17:30,,17:34,,,17:45,,17:49,17:37,,17:41,17:53,17:57,18:00,18:03,,18:10,,,18:17,,,18:20,,18:13,,18:28,,,,18:36,18:24,,18:40,,,18:33,18:44,,18:52,,18:55,19:00,,18:49,19:03,,,19:09,,19:14,19:18,,,,,19:25,,19:30,,,19:34,,,,19:42,19:29,,19:39,,,,19:47,19:51,19:57,,,20:04,20:08,20:11,,,,20:15,,20:19,,,,,,20:27,20:30,20:34,20:37,20:40,,,,,,20:52,,20:48,20:59,21:04,,21:13,21:16,21:25,21:29,,21:33,,21:37,21:41,,21:45,,,,21:49,,21:56,22:00,,22:08,22:12,22:16,22:20,,22:24,22:28,22:32,,22:40,22:36,22:44,22:48,22:53,22:57,,,23:01,,23:05,,23:15,,23:24,,23:28,,23:34,,23:43,,,23:50,,23:58,,,00:08,,00:16,,,00:30,,,00:42,,00:52,,
Mumbra,01:07,,01:13,01:17,,,,05:11,05:15,05:20,05:25,05:31,,,05:38,05:46,05:53,05:57,06:01,06:05,06:09,06:13,06:18,06:22,,06:26,06:34,06:42,06:46,,06:50,06:57,07:01,07:07,,,,07:12,07:16,07:19,07:23,07:28,,07:32,07:36,07:39,,07:43,,07:54,,07:58,,08:02,,,08:14,,08:22,,08:30,,,,08:38,08:42,08:48,,,,08:55,08:59,,,09:07,09:12,,09:20,,,09:26,09:29,,,,,,,09:36,,,,,,09:56,,,,,,,,,10:14,,,,,,10:17,10:22,,,,,10:31,,,,10:39,10:42,,10:46,,,,,,,,11:02,,,,,,11:10,,,,11:19,,,,11:27,,11:34,,,,11:43,,,,,11:56,,,,,12:00,12:03,,11:51,,12:12,,,,,12:16,,,12:26,12:30,12:34,12:38,12:41,,,12:48,,,,12:56,13:00,13:04,13:09,13:13,,13:17,13:21,13:26,,,,13:34,,13:38,13:44,13:50,13:53,13:57,14:01,,,,14:12,14:17,,14:21,,14:24,,,14:28,14:33,14:37,,,,14:44,14:48,14:52,,14:56,15:00,,,15:07,15:12,15:16,15:20,,15:26,15:30,,15:40,15:44,,,15:48,15:52,16:00,16:04,,,16:09,16:12,16:16,,16:20,,,16:24,16:30,,16:38,,16:42,,16:47,16:52,,17:01,17:04,17:07,,17:11,,,17:19,,,17:29,,17:33,17:36,,17:40,,,17:51,,17:55,17:43,,17:47,17:59,18:03,18:06,18:09,,18:16,,,18:23,,,18:26,,18:19,,18:34,,,,18:42,18:30,,18:46,,,18:39,18:50,,18:58,,19:01,19:06,,18:55,19:09,,,19:15,,19:20,19:24,,,,,19:31,,19:36,,,19:40,,,,19:48,,,19:45,,,19:47,19:53,19:57,20:03,,,20:10,20:14,20:17,,,,20:21,,20:25,,,,,,20:33,20:36,20:40,20:43,20:46,,,,,,20:58,,20:54,21:05,21:10,,21:19,21:22,21:31,21:35,,21:39,,21:43,21:47,,21:51,,,,21:55,,22:02,22:06,,22:14,22:18,22:22,22:26,,22:30,22:34,22:38,,22:46,22:42,22:50,22:54,22:59,23:03,,,23:07,,23:11,,23:21,,23:30,,23:34,,23:40,,23:49,,,23:56,,00:04,,,00:14,,00:22,,,00:36,,,00:48,,00:58,,
Diva,01:11,,01:17,01:21,,,,05:15,05:19,05:24,05:29,05:35,,,05:42,05:50,05:57,06:01,06:05,06:09,06:13,06:17,06:22,06:26,,06:30,06:38,06:46,06:50,,06:54,07:01,07:05,07:11,,,06:59,07:16,07:20,07:23,07:27,07:32,,07:36,07:40,07:43,,07:47,,07:58,,08:02,07:45,08:06,,,08:18,,08:26,,08:34,,,,08:42,08:46,08:52,,,08:49,08:59,09:03,,,09:11,09:16,,09:24,09:05,,09:30,09:33,,,,,,,09:40,,,,,,10:00,,,,,,,,,10:18,,,,,,10:21,10:26,,,,,10:35,,,,10:43,10:46,10:28,10:50,10:32,,,,,,,11:06,,10:49,,,,11:14,,,,11:23,11:07,,,11:31,11:15,11:38,,,,11:47,,,,,12:00,,,,,12:04,12:07,,11:55,,12:16,,,,,12:20,,12:09,12:30,12:34,12:38,12:42,12:45,,,12:52,12:33,,,13:00,13:04,13:08,13:13,13:17,,13:21,13:25,13:30,,,,13:38,13:23,13:42,13:48,13:54,13:57,14:01,14:05,,,,14:16,14:21,,14:25,,14:28,14:10,,14:32,14:37,14:41,,,,14:48,14:52,14:56,14:42,15:00,15:04,,,15:11,15:16,15:20,15:24,15:11,15:30,15:34,,15:44,15:48,,15:36,15:52,15:56,16:04,16:08,,,16:13,16:16,16:20,,16:24,,,16:28,16:34,,16:42,16:27,16:46,,16:51,16:56,,17:05,17:08,17:11,,17:15,,,17:23,17:12,,17:33,,17:37,17:40,,17:44,,,17:55,17:34,17:59,17:47,,17:51,18:03,18:07,18:10,18:13,,18:20,,,18:27,18:11,,18:30,,18:23,,18:38,,,,18:46,18:34,,18:50,,,18:43,18:54,,19:02,18:47,19:05,19:10,,18:59,19:13,,,19:19,,19:24,19:28,19:10,,,,19:35,,19:40,,,19:44,,,19:32,19:52,,,19:49,,,,19:57,20:01,20:07,,,20:14,20:18,20:21,,,,20:25,,20:29,,,,,,20:37,20:40,20:44,20:47,20:50,20:35,,,,,21:02,,20:58,21:09,21:14,,21:23,21:26,21:35,21:39,,21:43,,21:47,21:51,,21:55,21:34,,21:40,21:59,,22:06,22:10,,22:18,22:22,22:26,22:30,,22:34,22:38,22:42,,22:50,22:46,22:54,22:58,23:03,23:07,,,23:11,,23:15,,23:25,,23:34,,23:38,,23:44,,23:53,,,,,00:08,,,00:18,,00:26,,,00:40,,,00:52,,01:02,,
Kopar,01:16,01:22,"01:22
01:26",01:26,,05:20,05:24,"05:20
05:29","05:24
05:34","05:29
05:40",05:34,"05:40
05:47",05:55,06:02,"05:47
06:06","05:55
06:10","06:02
06:14","06:06
06:18","06:10
06:22","06:14
06:27","06:18
06:31",06:22,06:27,06:31,,06:35,06:43,06:51,06:55,,06:59,07:06,07:10,07:16,,,,07:21,07:25,07:28,07:32,07:37,,07:41,07:45,07:48,07:52,"07:52
08:03",,08:03,,08:07,,08:11,,,08:23,,08:31,,08:39,,,,08:47,08:51,08:57,,,,09:04,09:08,,,09:16,09:21,,09:29,,,09:35,09:38,,,,,,,09:45,,,,,,10:05,,,,,,,,,10:23,,,,,,10:26,10:31,,,,,10:40,,,,10:48,10:51,,10:55,,,,,,,,11:11,,,,,,11:19,,,,11:28,,,,11:36,,11:43,,,,11:52,,,,,12:05,,,,,12:09,12:12,,12:00,,12:21,,,,,12:25,,,12:35,12:39,12:43,12:47,12:50,,,12:57,,,,13:05,13:09,13:13,13:18,13:22,,13:26,13:30,13:35,,,,13:43,,13:47,13:53,13:59,14:02,14:06,14:10,,,,14:21,14:26,,14:30,,14:33,,,14:37,14:42,14:46,,,,14:53,14:57,15:01,,15:05,15:09,,,15:16,15:21,15:25,15:29,,15:35,15:39,,15:49,15:53,,,15:57,16:01,16:09,16:13,,,16:18,16:21,16:25,,16:29,,,16:33,16:39,,16:47,,16:51,,16:56,17:01,,17:10,17:13,17:16,,17:20,,,17:28,,,17:38,,17:42,17:45,,17:49,,,18:00,,18:04,17:52,,17:56,18:08,18:12,18:15,18:18,,18:25,,,18:32,,,18:35,,18:28,,18:43,,,,18:51,18:39,,18:55,,,18:48,18:59,,19:07,,19:10,19:15,,19:04,19:18,,,19:24,,19:29,19:33,,,,,19:40,,19:45,,,19:49,,,,19:57,,,19:54,,,,20:02,20:06,20:12,,,20:19,20:23,20:26,,,,20:31,,20:35,,,,,,20:42,20:45,20:49,20:52,20:55,,,,,,21:07,,21:03,21:14,21:19,,21:28,21:31,21:40,21:44,,21:48,,21:52,21:56,,22:00,,,,22:04,,22:11,22:15,,22:23,22:27,22:31,22:35,,22:39,22:43,22:47,,22:55,22:51,22:59,23:03,23:08,23:12,,,23:16,,23:20,,23:30,,23:39,,23:43,,23:49,,23:58,,,00:05,,00:13,,,00:23,,00:31,,,00:45,,,00:57,,01:07,,
Dombivli,01:20,01:26,"01:26
01:30",01:30,,05:23,05:27,"05:23
05:32","05:27
05:37","05:32
05:43","05:37
05:36","05:43
05:50","05:36
05:58",06:05,"05:50
06:09","05:58
06:13","06:05
06:17","06:09
06:21","06:13
06:25","06:17
06:30","06:21
06:34",06:25,06:30,06:34,06:17,06:38,06:46,06:54,06:59,06:41,07:03,07:10,07:14,07:20,07:02,,07:05,07:25,07:29,07:32,07:35,07:41,07:20,07:45,07:49,07:52,07:56,"07:56
08:07",,08:07,07:43,08:11,07:49,08:15,,08:01,08:27,,08:35,08:17,08:43,08:23,,08:26,08:51,08:55,09:01,08:39,,08:55,09:07,09:11,,,09:19,09:24,,09:32,09:09,,09:38,09:41,,09:22,,,09:30,09:33,09:49,,,09:43,,,10:08,09:49,,09:52,,09:56,,,,10:26,10:06,,,10:11,10:15,10:29,10:34,,10:18,10:21,,10:43,10:25,10:30,,10:51,10:54,10:35,10:58,10:39,,,,10:42,,10:47,11:14,,10:55,,,11:00,11:23,11:05,,11:09,11:32,11:13,,11:16,11:40,11:22,11:46,11:29,,,11:55,11:32,,11:36,,12:08,11:44,,11:47,11:50,12:13,12:16,,12:03,,12:24,,,12:08,,12:28,,12:15,12:38,12:43,12:46,12:50,12:54,12:32,,13:00,12:38,,12:46,13:08,13:12,13:16,13:22,13:26,13:13,13:29,13:34,13:39,13:17,,13:22,13:46,13:29,13:50,13:57,14:02,14:05,14:09,14:13,13:49,13:53,,14:24,14:29,,14:33,14:11,14:36,14:16,14:19,14:40,14:45,14:49,,14:35,,14:56,15:00,15:04,14:47,15:08,15:13,,,15:19,15:24,15:28,15:32,15:16,15:38,15:42,,15:52,15:56,15:37,15:42,16:00,16:04,16:12,16:16,,15:59,16:21,16:24,16:28,16:08,16:33,16:12,16:15,16:36,16:43,,16:51,16:33,16:54,16:36,16:59,17:05,,17:13,17:16,17:20,17:05,17:23,,17:10,17:31,17:18,,17:41,17:25,17:45,17:48,,17:52,,,18:04,17:40,18:08,17:56,,18:00,18:12,18:16,18:19,18:22,,18:29,,18:12,18:35,18:17,18:20,18:38,,18:32,,18:47,18:25,,18:28,18:54,18:43,18:37,18:58,,18:40,18:51,19:02,,19:11,18:53,19:14,19:19,18:56,19:08,19:22,,19:01,19:27,,19:32,19:37,19:16,,,19:21,19:43,,19:48,19:24,19:31,19:52,19:34,,19:38,20:01,19:41,,19:58,,19:52,19:56,20:06,20:10,20:16,,,20:23,20:27,20:30,,,20:09,20:34,20:13,20:38,,20:17,20:20,20:24,20:27,20:45,20:49,20:52,20:55,20:59,20:41,,,20:44,20:48,21:11,,21:07,21:18,21:23,,21:32,21:35,21:44,21:48,,21:52,,21:56,22:00,,22:04,21:39,21:42,21:46,22:08,,22:15,22:19,,22:26,22:31,22:35,22:39,22:22,22:43,22:47,22:51,,22:59,22:55,23:03,23:07,23:12,23:16,,22:57,23:20,23:01,23:24,,23:34,,23:43,23:21,23:47,,23:53,,00:01,,23:50,00:08,,00:17,,,00:26,,00:34,00:13,,00:48,,,01:01,,01:10,,
Thakurli,01:24,01:30,"01:30
01:34",01:34,,05:27,05:31,"05:27
05:36","05:31
05:41",05:36,05:41,05:54,06:02,06:09,"05:54
06:13","06:02
06:17","06:09
06:21","06:13
06:25","06:17
06:29","06:21
06:34","06:25
06:38",06:29,06:34,06:38,,06:42,06:50,06:57,07:03,,07:07,07:15,07:19,07:24,,,,07:29,07:33,07:36,07:39,,,07:49,07:53,,08:00,"08:00
08:11",,08:11,,08:15,,08:19,,,08:31,,,,08:47,,,,08:55,,09:05,,,,09:11,09:15,,,09:23,09:28,,09:36,,,,09:45,,,,,,,09:53,,,,,,10:12,,,,,,,,,10:30,,,,,,10:33,,,,,,10:47,,,,,10:58,,11:02,,,,,,,,11:18,,,,,,11:27,,,,11:36,,,,,,11:50,,,,,,,,,12:12,,,,,12:18,12:21,,12:07,,12:28,,,,,12:32,,,12:42,12:47,12:50,,12:58,,,13:04,,,,13:12,13:16,13:20,,13:30,,13:33,13:38,,,,,13:50,,13:54,,14:06,14:09,14:13,14:17,,,,14:28,14:34,,14:38,,14:41,,,,14:49,14:53,,,,15:00,15:04,15:08,,15:12,,,,15:23,15:28,15:32,15:36,,15:42,15:46,,15:56,16:00,,,16:04,16:08,16:16,16:20,,,16:25,16:28,16:32,,,,,16:40,,,16:55,,16:58,,17:03,,,17:17,17:20,,,17:27,,,17:35,,,17:45,,17:49,17:52,,,,,18:08,,18:12,18:00,,18:04,18:16,,18:23,18:26,,,,,18:39,,,18:42,,18:35,,18:51,,,,18:58,,,,,,18:55,19:06,,19:15,,19:18,,,19:12,19:26,,,19:31,,19:36,,,,,,19:47,,19:52,,,19:56,,,,,,,20:02,,,,20:10,20:14,20:20,,,20:27,,20:34,,,,20:38,,20:42,,,,,,20:49,,20:56,20:59,21:03,,,,,,21:15,,21:11,21:22,21:27,,21:36,21:39,,21:52,,21:56,,22:00,22:04,,22:08,,,,,,22:19,22:23,,22:30,,22:39,22:43,,22:47,22:51,22:55,,23:03,22:59,23:07,23:11,23:16,23:20,,,23:24,,23:28,,23:38,,23:47,,23:51,,23:56,,00:04,,,00:12,,00:21,,,00:30,,00:38,,,00:52,,,01:05,,01:13,,
Kalyan,01:30,01:37,"01:37
01:40",01:40,05:28,05:34,"05:28
05:36","05:34
05:42","05:36
05:48",05:42,"05:48
05:53",06:01,"05:53
06:08",06:16,"06:01
06:20","06:08
06:23","06:16
06:27","06:20
06:31","06:23
06:36","06:27
06:41","06:31
06:45",06:36,06:41,06:45,06:24,06:47,06:56,07:04,07:09,06:50,07:14,07:22,07:25,07:32,07:10,,07:15,07:35,07:39,07:43,07:47,,07:27,07:55,08:01,08:04,"08:04
08:06","08:06
08:17",,08:17,07:51,08:20,07:57,08:26,,08:09,08:37,,,08:25,08:53,08:32,,08:35,09:01,,09:11,08:46,,09:03,09:17,09:21,,,09:30,09:34,,09:42,09:19,,,09:52,,09:30,,,09:38,09:40,10:00,,,09:51,,,,09:56,,09:58,,10:04,,,,10:37,10:13,,,10:18,10:22,10:40,,,10:26,10:29,,10:53,10:33,10:38,,,11:04,10:43,11:08,10:47,,,,10:50,,10:55,11:24,,11:04,,,11:07,11:33,11:12,,11:16,11:42,11:21,,11:24,,11:30,11:56,11:36,,,,11:40,,11:48,,12:18,11:53,,11:57,12:00,12:27,12:28,,12:13,,12:34,,,12:17,,12:39,,12:24,12:48,12:53,12:56,,13:04,,,13:12,12:47,,12:54,13:18,13:23,13:28,,13:36,13:21,13:40,13:44,,13:25,,13:29,13:56,13:37,14:00,,14:14,14:15,14:19,14:23,13:57,14:02,,14:33,14:43,,14:47,14:19,14:49,14:24,14:28,,14:55,15:00,,14:43,,15:06,15:10,15:14,14:54,15:18,,,,15:29,15:34,15:38,15:42,15:26,15:49,15:53,,16:02,16:06,15:48,15:51,16:10,16:14,16:23,16:26,,16:07,16:31,16:34,16:39,16:18,,16:20,16:24,16:46,,,17:02,16:42,17:05,16:46,17:10,,,17:24,17:26,,17:12,17:33,,17:19,17:41,17:29,,17:51,17:34,17:55,17:58,,,,,18:14,17:47,18:18,18:07,,18:10,18:23,,18:29,18:34,,,,18:18,18:46,18:26,18:28,18:49,,18:42,,18:57,18:34,,18:38,19:04,,18:46,,,18:50,19:01,19:13,,19:21,19:02,19:26,,19:05,19:18,19:32,,19:10,19:37,,19:42,,19:23,,,19:29,19:53,,19:58,19:34,19:39,20:03,19:41,,19:46,,19:49,,20:08,,20:00,20:04,20:16,20:20,20:26,,,20:33,,20:41,,,20:16,20:45,20:24,20:49,,20:27,20:30,20:32,20:36,20:55,,21:03,21:07,21:09,20:49,,,20:53,20:57,21:22,,21:17,21:28,21:33,,21:42,21:45,,21:58,,22:02,,22:06,22:10,,22:14,21:49,21:52,21:55,,,22:25,22:29,,22:36,,22:45,22:49,22:31,22:53,22:58,23:03,,23:09,23:05,23:13,23:17,23:22,23:26,,23:06,23:30,23:10,23:34,,23:44,,23:52,23:31,23:58,,00:02,,00:12,,00:01,00:18,,00:27,,,00:36,,00:44,00:21,,00:58,,,01:11,,01:19,,
Vithalwadi,01:35,,01:44,01:44,,05:38,,05:38,,,05:57,06:05,05:57,06:20,06:05,06:27,06:20,,06:27,,06:49,,,06:49,,,,,07:13,06:54,,,,,,,07:19,,,,07:51,,07:31,,,,,08:21,,08:21,07:55,,,,,08:13,,,,,,,,08:39,,,,,,09:07,,,,,,,,,09:24,,,,,09:34,,,,,,,,09:55,,,,10:01,,,,10:08,,,,,10:17,,,,10:26,,,,,10:34,,,,10:42,,,,,,,,,,10:54,,11:00,,,11:09,,,,,11:17,,11:20,,,,11:29,,11:34,,,,,,11:45,,11:52,,,,,12:01,12:05,,,,,,,,,12:21,,12:44,,12:28,,,,,,,,13:16,,,12:58,,,13:34,,,13:25,13:45,,,13:30,,,,,,,,14:19,,,,14:06,,,,,,,14:53,14:28,14:32,,,,,14:47,,,,,14:59,15:23,,,,,,,15:47,,,,,16:07,,,15:55,,,16:27,,,16:11,16:35,,,16:22,,,,,,,,16:47,,16:51,,,,17:28,,,17:16,,,,17:45,,,,17:38,,,,,,,,17:51,,,,18:14,18:27,,,,,,,,,,18:32,,,,,,,,18:42,,,18:50,,,,,,,,,19:31,,19:09,,,,19:14,,,,,19:27,,,19:34,,,,,,20:08,,,,,19:53,,,,20:04,,,20:25,,,,,,20:45,,,20:20,,,,,20:31,20:35,,,,,21:07,21:11,,20:53,,,,21:02,21:26,,,,,,21:46,,,,,,,22:11,22:14,,,21:53,,21:59,,,,,,22:41,,,,22:35,,23:02,,,23:14,,23:18,,,,,23:10,,,,,,,,23:36,00:02,,00:07,,00:16,,,,,00:32,,,00:41,,,00:26,,01:03,,,,,01:23,,
Ulhas Nagar,01:38,,01:47,,,05:41,,,,,06:00,06:08,,06:23,,06:30,,,,,06:52,,,,,,,,07:16,06:57,,,,,,,07:22,,,,07:54,,07:33,,,,,08:24,,,07:58,,,,,08:16,,,,,,,,08:42,,,,,,09:10,,,,,,,,,09:27,,,,,09:37,,,,,,,,09:58,,,,10:04,,,,10:11,,,,,10:20,,,,10:29,,,,,10:37,,,,10:45,,,,,,,,,,10:56,,11:03,,,11:12,,,,,11:20,,11:23,,,,11:32,,11:37,,,,,,11:48,,11:55,,,,,12:04,12:08,,,,,,,,,12:24,,12:47,,12:31,,,,,,,,13:19,,,13:01,,,13:37,,,13:28,13:48,,,13:33,,,,,,,,14:22,,,,14:09,,,,,,,14:56,14:31,14:35,,,,,14:50,,,,,15:02,15:26,,,,,,,15:50,,,,,16:10,,,15:58,,,16:30,,,16:14,16:38,,,16:24,,,,,,,,16:50,,16:54,,,,17:31,,,17:19,,,,17:48,,,,17:41,,,,,,,,17:54,,,,18:17,18:30,,,,,,,,,,18:35,,,,,,,,18:45,,,18:52,,,,,,,,,19:34,,19:12,,,,19:17,,,,,19:30,,,19:37,,,,,,20:11,,,,,19:56,,,,20:07,,,20:28,,,,,,20:48,,,20:23,,,,,20:34,20:38,,,,,21:10,21:14,,20:56,,,,21:05,21:29,,,,,,21:49,,,,,,,22:13,22:16,,,21:56,,22:02,,,,,,22:44,,,,22:38,,23:05,,,23:17,,23:21,,,,,23:13,,,,,,,,23:39,00:05,,00:10,,00:19,,,,,00:35,,,00:44,,,00:29,,01:06,,,,,01:26,,
Ambernath,01:46,,01:51,,,05:45,,,,,06:04,06:12,,06:27,,06:34,,,,,06:58,,,,,,,,07:23,07:03,,,,,,,07:27,,,,08:00,,07:37,,,,,08:30,,,08:04,,,,,08:22,,,,,,,,08:46,,,,,,09:14,,,,,,,,,09:31,,,,,09:42,,,,,,,,10:04,,,,10:08,,,,10:15,,,,,10:24,,,,10:34,,,,,10:41,,,,10:49,,,,,,,,,,11:00,,11:08,,,11:16,,,,,11:24,,11:29,,,,11:37,,11:45,,,,,,11:52,,11:59,,,,,12:09,12:13,,,,,,,,,12:28,,12:51,,12:36,,,,,,,,13:24,,,13:05,,,13:44,,,13:32,13:52,,,13:37,,,,,,,,14:28,,,,14:14,,,,,,,15:02,14:37,14:40,,,,,14:54,,,,,15:06,15:30,,,,,,,15:54,,,,,16:15,,,16:03,,,16:36,,,16:18,16:42,,,16:28,,,,,,,,16:54,,16:58,,,,17:37,,,17:24,,,,17:54,,,,17:45,,,,,,,,17:59,,,,18:23,18:34,,,,,,,,,,18:39,,,,,,,,18:49,,,18:57,,,,,,,,,19:38,,19:16,,,,19:22,,,,,19:34,,,19:42,,,,,,20:18,,,,,20:00,,,,20:12,,,20:32,,,,,,20:52,,,20:27,,,,,20:38,20:44,,,,,21:16,21:21,,21:01,,,,21:09,21:33,,,,,,21:55,,,,,,,22:18,22:23,,,22:00,,22:08,,,,,,22:48,,,,22:42,,23:09,,,23:21,,23:25,,,,,23:17,,,,,,,,23:43,00:09,,00:16,,00:23,,,,,00:41,,,00:50,,,00:33,,01:10,,,,,01:30,,
Badlapur,,,01:58,,,05:52,,,,,06:11,06:19,,06:34,,06:43,,,,,,,,,,,,,,07:10,,,,,,,07:34,,,,,,07:45,,,,,,,,08:11,,,,,08:32,,,,,,,,08:53,,,,,,09:22,,,,,,,,,09:38,,,,,,,,,,,,,,,,,10:17,,,,10:22,,,,,10:32,,,,,,,,,10:49,,,,10:56,,,,,,,,,,11:09,,,,,11:23,,,,,11:32,,,,,,11:46,,,,,,,,11:59,,12:07,,,,,,12:21,,,,,,,,,12:35,,12:58,,,,,,,,,,,,,13:12,,,,,,13:39,13:59,,,13:44,,,,,,,,,,,,,,,,,,,,14:44,14:49,,,,,15:01,,,,,15:15,15:39,,,,,,,16:02,,,,,,,,16:10,,,,,,16:27,16:52,,,16:36,,,,,,,,17:03,,17:08,,,,,,,,,,,,,,,17:52,,,,,,,,18:07,,,,,18:41,,,,,,,,,,18:48,,,,,,,,18:56,,,,,,,,,,,,19:47,,19:26,,,,,,,,,19:41,,,,,,,,,,,,,,20:08,,,,20:19,,,20:41,,,,,,20:59,,,20:35,,,,,20:48,,,,,,,21:29,,,,,,21:16,21:41,,,,,,,,,,,,,22:26,,,,22:07,,,,,,,,22:56,,,,22:49,,23:17,,,,,23:33,,,,,23:24,,,,,,,,23:52,00:16,,,,00:32,,,,,,,,,,,00:40,,01:17,,,,,01:39,,
Vangani,,,02:06,,,06:01,,,,,06:20,06:28,,06:43,,,,,,,,,,,,,,,,07:19,,,,,,,07:43,,,,,,,,,,,,,,08:19,,,,,,,,,,,,,09:01,,,,,,,,,,,,,,,09:47,,,,,,,,,,,,,,,,,,,,,10:30,,,,,,,,,,,,,,,,,,11:04,,,,,,,,,,,,,,,11:31,,,,,,,,,,,,,,,,,,,12:07,,,,,,,,,,,,,,,,,12:43,,13:06,,,,,,,,,,,,,,,,,,,,,,,13:52,,,,,,,,,,,,,,,,,,,,14:52,,,,,,15:09,,,,,,,,,,,,,,,,,,,,,16:18,,,,,,,,,,16:45,,,,,,,,17:12,,,,,,,,,,,,,,,,,18:00,,,,,,,,,,,,,18:50,,,,,,,,,,,,,,,,,,19:04,,,,,,,,,,,,,,,,,,,,,,,19:49,,,,,,,,,,,,,,,,,,20:27,,,,,,,,,21:08,,,,,,,,,,,,,,,,,,,,,21:25,,,,,,,,,,,,,,,,,,22:15,,,,,,,,,,,,22:57,,,,,,,,,,,,23:32,,,,,,,,,00:25,,,,,,,,,,,,,,,00:48,,01:25,,,,,,,
Shelu,,,02:10,,,06:05,,,,,06:24,06:32,,06:47,,,,,,,,,,,,,,,,07:23,,,,,,,07:47,,,,,,,,,,,,,,08:23,,,,,,,,,,,,,09:05,,,,,,,,,,,,,,,09:51,,,,,,,,,,,,,,,,,,,,,10:34,,,,,,,,,,,,,,,,,,11:08,,,,,,,,,,,,,,,11:35,,,,,,,,,,,,,,,,,,,12:11,,,,,,,,,,,,,,,,,12:47,,13:10,,,,,,,,,,,,,,,,,,,,,,,13:56,,,,,,,,,,,,,,,,,,,,14:56,,,,,,15:13,,,,,,,,,,,,,,,,,,,,,16:22,,,,,,,,,,16:49,,,,,,,,17:16,,,,,,,,,,,,,,,,,18:04,,,,,,,,,,,,,18:54,,,,,,,,,,,,,,,,,,19:08,,,,,,,,,,,,,,,,,,,,,,,19:53,,,,,,,,,,,,,,,,,,20:31,,,,,,,,,21:12,,,,,,,,,,,,,,,,,,,,,21:29,,,,,,,,,,,,,,,,,,22:19,,,,,,,,,,,,23:01,,,,,,,,,,,,23:36,,,,,,,,,00:29,,,,,,,,,,,,,,,00:52,,01:29,,,,,,,
Neral,,,02:14,,,06:09,,,,,06:28,06:36,,06:51,,,,,,,,,,,,,,,,07:27,,,,,,,07:51,,,,,,,,,,,,,,08:27,,,,,,,,,,,,,09:09,,,,,,,,,,,,,,,09:55,,,,,,,,,,,,,,,,,,,,,10:38,,,,,,,,,,,,,,,,,,11:12,,,,,,,,,,,,,,,11:39,,,,,,,,,,,,,,,,,,,12:15,,,,,,,,,,,,,,,,,12:51,,13:14,,,,,,,,,,,,,,,,,,,,,,,14:00,,,,,,,,,,,,,,,,,,,,15:00,,,,,,15:17,,,,,,,,,,,,,,,,,,,,,16:26,,,,,,,,,,16:53,,,,,,,,17:20,,,,,,,,,,,,,,,,,18:08,,,,,,,,,,,,,18:58,,,,,,,,,,,,,,,,,,19:12,,,,,,,,,,,,,,,,,,,,,,,19:57,,,,,,,,,,,,,,,,,,20:35,,,,,,,,,21:16,,,,,,,,,,,,,,,,,,,,,21:33,,,,,,,,,,,,,,,,,,22:23,,,,,,,,,,,,23:05,,,,,,,,,,,,23:40,,,,,,,,,00:33,,,,,,,,,,,,,,,00:56,,01:33,,,,,,,
Bhivpuri Road,,,02:21,,,06:16,,,,,06:35,06:43,,06:58,,,,,,,,,,,,,,,,07:34,,,,,,,07:58,,,,,,,,,,,,,,08:33,,,,,,,,,,,,,09:16,,,,,,,,,,,,,,,10:02,,,,,,,,,,,,,,,,,,,,,10:45,,,,,,,,,,,,,,,,,,11:19,,,,,,,,,,,,,,,11:46,,,,,,,,,,,,,,,,,,,12:22,,,,,,,,,,,,,,,,,12:58,,13:21,,,,,,,,,,,,,,,,,,,,,,,14:07,,,,,,,,,,,,,,,,,,,,15:07,,,,,,15:24,,,,,,,,,,,,,,,,,,,,,16:33,,,,,,,,,,17:01,,,,,,,,17:27,,,,,,,,,,,,,,,,,18:15,,,,,,,,,,,,,19:05,,,,,,,,,,,,,,,,,,19:19,,,,,,,,,,,,,,,,,,,,,,,20:04,,,,,,,,,,,,,,,,,,20:42,,,,,,,,,21:23,,,,,,,,,,,,,,,,,,,,,21:40,,,,,,,,,,,,,,,,,,22:30,,,,,,,,,,,,23:12,,,,,,,,,,,,23:47,,,,,,,,,00:40,,,,,,,,,,,,,,,01:03,,01:40,,,,,,,
Karjat,,,02:33,05:43,,06:25,,,,,06:44,06:52,,07:08,,,,,,,,,,,,,,,,07:43,,,,,,08:00,08:08,,,,,,,,,,,,,,08:44,,,,,,,,,,,,,09:26,,,,,,,,,,,,,,,10:12,,,,,,,,,,,,,,,,,,,,10:40,10:54,,,,,,,,,,,,,,,,,,11:28,,,,,,,,,,,,,,,11:55,12:00,,,,,,,,,,,,,,,,,,12:32,,,,,,,,,,,,,,,,,13:08,13:15,13:31,,,,,,,,,,,,,,,,,,,,,,,14:18,,,,,,,,,,,,,,,,,,,,15:15,,,,,,15:35,15:39,,,,,,,,,,,,,,,,,,,,16:42,,,,,,,,,,17:11,,,,,,,,17:37,,,,,,,,,,,,,,,,,18:24,,,,,,,,,,,,,19:14,,,,,,,,,,,,,,,,,,19:28,,,,,,,,,,,,,,,,,,,,,,,20:13,20:36,,,,,,,,,,,,,,,,,20:52,,,,,,,,,21:32,21:42,,,,,,,,,,,,,,,,,,,,21:51,,,,,,,,,,,,,,,,,,22:41,,,,,,,,,,,,23:22,,,,,,,,,,,,23:58,,,,,,,,,00:50,,,,,,,,,,,,,,,01:12,,01:49,,,,,,,
Palasdhari,,,,05:48,,,,,,,06:49,,,,,,,,,,,,,,,,,,,,,,,,,08:05,,,,,,,,,,,,,,,,,,,,,,,,,,,,09:31,,,,,,,,,,,,,,,,,,,,,,,,,,,,,,,,,,,10:45,,,,,,,,,,,,,,,,,,,,,,,,,,,,,,,,,,,12:05,,,,,,,,,,,,,,,,,,,,,,,,,,,,,,,,,,,,13:20,,,,,,,,,,,,,,,,,,,,,,,,14:23,,,,,,,,,,,,,,,,,,,,,,,,,,,15:44,,,,,,,,,,,,,,,,,,,,,,,,,,,,,,17:16,,,,,,,,,,,,,,,,,,,,,,,,,,,,,,,,,,,,,,,,,,,,,,,,,,,,,,,,19:33,,,,,,,,,,,,,,,,,,,,,,,,20:41,,,,,,,,,,,,,,,,,,,,,,,,,,,21:47,,,,,,,,,,,,,,,,,,,,,,,,,,,,,,,,,,,,,,22:46,,,,,,,,,,,,,,,,,,,,,,,,00:03,,,,,,,,,00:55,,,,,,,,,,,,,,,01:17,,,,,,,,,
Kelavli,,05:55,,"05:55
06:56",,,,,,,06:56,,,,,,,,,,,,,,,,,,08:12,,,,,,,08:12,,,,,,,,,,,,,,,,,,,,,,,,,,,,09:38,,,,,,,,,,,,,,,,,,,,,,,,,,,,,,,,,,,10:52,,,,,,,,,,,,,,,,,,,,,,,,,,,,,,,,,,,12:12,,,,,,,,,,,,,,,,,,,,,,,,,,,,,,,,,,,,13:27,,,,,,,,,,,,,,,,,,,,,,,,14:30,,,,,,,,,,,,,,,,,,,,,,,,,,,15:51,,,,,,,,,,,,,,,,,,,,,,,,,,,,,,17:23,,,,,,,,,,,,,,,,,,,,,,,,,,,,,,,,,,,,,,,,,,,,,,,,,,,,,,,,19:40,,,,,,,,,,,,,,,,,,,,,,,,20:48,,,,,,,,,,,,,,,,,,,,,,,,,,,21:54,,,,,,,,,,,,,,,,,,,,,,,,,,,,,,,,,,,,,,22:53,,,,,,,,,,,,,,,,,,,,,,,,00:10,,,,,,,,,01:02,,,,,,,,,,,,,,,01:24,,,,,,,,,
Dolavli,,05:58,,"05:58
06:59",,,,,,,06:59,,,,,,,,,,,,,,,,,,08:15,,,,,,,08:15,,,,,,,,,,,,,,,,,,,,,,,,,,,,09:41,,,,,,,,,,,,,,,,,,,,,,,,,,,,,,,,,,,10:55,,,,,,,,,,,,,,,,,,,,,,,,,,,,,,,,,,,12:15,,,,,,,,,,,,,,,,,,,,,,,,,,,,,,,,,,,,13:30,,,,,,,,,,,,,,,,,,,,,,,,14:33,,,,,,,,,,,,,,,,,,,,,,,,,,,15:54,,,,,,,,,,,,,,,,,,,,,,,,,,,,,,17:26,,,,,,,,,,,,,,,,,,,,,,,,,,,,,,,,,,,,,,,,,,,,,,,,,,,,,,,,19:43,,,,,,,,,,,,,,,,,,,,,,,,20:51,,,,,,,,,,,,,,,,,,,,,,,,,,,21:57,,,,,,,,,,,,,,,,,,,,,,,,,,,,,,,,,,,,,,22:56,,,,,,,,,,,,,,,,,,,,,,,,00:13,,,,,,,,,01:05,,,,,,,,,,,,,,,01:27,,,,,,,,,
Lowjee,,06:02,,"06:02
07:03",,,,,,,07:03,,,,,,,,,,,,,,,,,,08:19,,,,,,,08:19,,,,,,,,,,,,,,,,,,,,,,,,,,,,09:45,,,,,,,,,,,,,,,,,,,,,,,,,,,,,,,,,,,10:59,,,,,,,,,,,,,,,,,,,,,,,,,,,,,,,,,,,12:19,,,,,,,,,,,,,,,,,,,,,,,,,,,,,,,,,,,,13:34,,,,,,,,,,,,,,,,,,,,,,,,14:37,,,,,,,,,,,,,,,,,,,,,,,,,,,15:58,,,,,,,,,,,,,,,,,,,,,,,,,,,,,,17:30,,,,,,,,,,,,,,,,,,,,,,,,,,,,,,,,,,,,,,,,,,,,,,,,,,,,,,,,19:47,,,,,,,,,,,,,,,,,,,,,,,,20:55,,,,,,,,,,,,,,,,,,,,,,,,,,,22:01,,,,,,,,,,,,,,,,,,,,,,,,,,,,,,,,,,,,,,23:00,,,,,,,,,,,,,,,,,,,,,,,,00:17,,,,,,,,,01:09,,,,,,,,,,,,,,,01:31,,,,,,,,,
Khopoli,,06:08,,"06:08
07:09",,,,,,,07:09,,,,,,,,,,,,,,,,,,08:25,,,,,,,08:25,,,,,,,,,,,,,,,,,,,,,,,,,,,,09:51,,,,,,,,,,,,,,,,,,,,,,,,,,,,,,,,,,,11:05,,,,,,,,,,,,,,,,,,,,,,,,,,,,,,,,,,,12:25,,,,,,,,,,,,,,,,,,,,,,,,,,,,,,,,,,,,13:40,,,,,,,,,,,,,,,,,,,,,,,,14:43,,,,,,,,,,,,,,,,,,,,,,,,,,,16:04,,,,,,,,,,,,,,,,,,,,,,,,,,,,,,17:36,,,,,,,,,,,,,,,,,,,,,,,,,,,,,,,,,,,,,,,,,,,,,,,,,,,,,,,,19:55,,,,,,,,,,,,,,,,,,,,,,,,21:01,,,,,,,,,,,,,,,,,,,,,,,,,,,22:07,,,,,,,,,,,,,,,,,,,,,,,,,,,,,,,,,,,,,,23:06,,,,,,,,,,,,,,,,,,,,,,,,00:23,,,,,,,,,01:15,,,,,,,,,,,,,,,01:38,,,,,,,,,
Shahad,01:41,"01:41
05:32",05:46,05:52,"05:32
06:12",06:25,06:40,"05:46
06:45",05:52,,,,06:12,,06:25,,,,06:40,06:45,,,,,,07:00,"07:00
07:26",07:36,,07:47,08:05,"07:26
08:08",,07:36,,,,,,07:47,,,,,08:05,08:08,,,,,,,08:02,08:30,,,,,,,,08:36,,,,,09:15,,,,,,,,09:34,,,,,,,09:56,,,,,09:43,,,,,,,,,,,,,,,,,,,,,10:23,,,,,10:32,,,,10:38,,,,,10:48,,10:52,,,,,,,11:29,,,,,,,,,,,11:26,,,,,,,,,,,,,,,11:57,,,,12:32,,,12:18,,12:38,,,,,,,,,12:57,,,,,,,12:52,,,,13:27,,,,,,,,,,,,13:41,,,14:18,,,,,,,,14:49,,14:53,14:23,,,,,,15:04,,,,,15:14,,,,,,,,15:38,,,15:31,,,,,,15:53,,,16:18,,,,,,,16:43,,,,16:28,,,,17:06,,,,17:14,,,,,,,,,,,17:34,,17:55,,,,,,,,,,,18:12,,,,,,,,,,,,18:31,,,,,,,18:38,,,,,,,,18:55,,,,,19:07,,,,,,,,,,,,,,,,,,,19:39,19:44,,,,19:50,,,,,,,20:08,,,,,,,,,,,,,20:29,,,,,,20:41,,,,,,,,,20:58,,,,21:21,,21:37,,,,,,,22:06,,,,,,,21:57,,,,22:29,,,,,,22:53,,,,23:08,,,,,,,,,,23:34,,,,,,,,,,,,,,00:06,00:22,,,,,,,00:48,,,,,,01:15,,,,
Ambivli,01:44,05:35,05:49,05:55,06:15,06:28,06:43,06:48,,,,,,,,,,,,,,,,,,07:03,07:29,07:39,,07:50,08:08,08:11,,,,,,,,,,,,,,,,,,,,,08:05,08:33,,,,,,,,08:39,,,,,09:18,,,,,,,,09:37,,,,,,,09:59,,,,,09:46,,,,,,,,,,,,,,,,,,,,,10:26,,,,,10:35,,,,10:41,,,,,10:51,,10:55,,,,,,,11:33,,,,,,,,,,,11:29,,,,,,,,,,,,,,,12:00,,,,12:35,,,12:21,,12:41,,,,,,,,,13:00,,,,,,,12:55,,,,13:30,,,,,,,,,,,,13:44,,,14:21,,,,,,,,14:52,,14:56,14:26,,,,,,15:07,,,,,15:17,,,,,,,,15:41,,,15:35,,,,,,15:56,,,16:21,,,,,,,16:46,,,,16:31,,,,17:09,,,,17:17,,,,,,,,,,,17:37,,17:58,,,,,,,,,,,18:15,,,,,,,,,,,,18:34,,,,,,,18:41,,,,,,,,18:58,,,,,19:10,,,,,,,,,,,,,,,,,,,19:42,19:47,,,,19:53,,,,,,,20:11,,,,,,,,,,,,,,,,,,,,,,,,,,,,,,,,21:24,,21:40,,,,,,,22:09,,,,,,,22:00,,,,22:32,,,,,,22:56,,,,23:11,,,,,,,,,,23:37,,,,,,,,,,,,,,00:09,00:25,,,,,,,00:51,,,,,,01:18,,,,
Titwala,01:50,05:41,05:57,06:01,06:23,06:34,06:49,06:54,,,,,,,,,,,,,,,,,,07:11,07:37,07:45,,07:58,08:15,08:18,,,,,,,,,,,,,,,,,,,,,08:12,08:41,,,,,,,,08:47,,,,,09:24,,,,,,,,09:45,,,,,,,10:07,,,,,09:52,,,,,,,,,,,,,,,,,,,,,10:35,,,,,10:41,,,,10:50,,,,,10:57,,11:04,,,,,,,11:41,,,,,,,,,,,11:35,,,,,,,,,,,,,,,12:08,,,,12:41,,,12:29,,12:49,,,,,,,,,13:08,,,,,,,13:01,,,,13:38,,,,,,,,,,,,13:50,,,14:29,,,,,,,,14:59,,15:02,14:32,,,,,,15:13,,,,,15:24,,,,,,,,15:49,,,15:44,,,,,,16:03,,,16:27,,,,,,,16:54,,,,16:39,,,,17:15,,,,17:25,,,,,,,,,,,17:43,,18:06,,,,,,,,,,,18:21,,,,,,,,,,,,18:40,,,,,,,18:49,,,,,,,,19:05,,,,,19:20,,,,,,,,,,,,,,,,,,,19:48,19:53,,,,20:01,,,,,,,20:20,,,,,,,,,,,,,,,,,,,,,,,,,,,,,,,,21:30,,21:48,,,,,,,22:17,,,,,,,22:06,,,,22:38,,,,,,23:04,,,,23:17,,,,,,,,,,23:45,,,,,,,,,,,,,,00:15,00:33,,,,,,,00:59,,,,,,01:26,,,,
Khadavli,01:57,05:48,,06:08,,06:41,06:56,07:01,,,,,,,,,,,,,,,,,,,,07:52,,,,08:25,,,,,,,,,,,,,,,,,,,,,08:19,,,,,,,,,08:54,,,,,09:31,,,,,,,,,,,,,,,,,,,,09:59,,,,,,,,,,,,,,,,,,,,,,,,,,10:48,,,,,,,,,11:04,,,,,,,,,,,,,,,,,,,,11:42,,,,,,,,,,,,,,,,,,,12:48,,,,,,,,,,,,,,,,,,,,,13:08,,,,,,,,,,,,,,,,13:57,,,,,,,,,,,,,15:09,14:39,,,,,,15:20,,,,,,,,,,,,,,,,15:51,,,,,,16:10,,,16:35,,,,,,,,,,,,,,,17:22,,,,,,,,,,,,,,,17:50,,,,,,,,,,,,,18:28,,,,,,,,,,,,18:47,,,,,,,,,,,,,,,19:12,,,,,,,,,,,,,,,,,,,,,,,,19:55,20:00,,,,,,,,,,,,,,,,,,,,,,,,,,,,,,,,,,,,,,,,,,,21:37,,,,,,,,,,,,,,,,22:13,,,,22:45,,,,,,,,,,23:24,,,,,,,,,,,,,,,,,,,,,,,,00:22,,,,,,,,,,,,,,,,,,
Vasind,02:04,05:55,,06:15,,06:48,07:03,07:08,,,,,,,,,,,,,,,,,,,,07:59,,,,08:32,,,,,,,,,,,,,,,,,,,,,08:26,,,,,,,,,09:01,,,,,09:38,,,,,,,,,,,,,,,,,,,,10:06,,,,,,,,,,,,,,,,,,,,,,,,,,10:55,,,,,,,,,11:11,,,,,,,,,,,,,,,,,,,,11:49,,,,,,,,,,,,,,,,,,,12:55,,,,,,,,,,,,,,,,,,,,,13:15,,,,,,,,,,,,,,,,14:04,,,,,,,,,,,,,15:16,14:46,,,,,,15:27,,,,,,,,,,,,,,,,15:58,,,,,,16:17,,,16:43,,,,,,,,,,,,,,,17:29,,,,,,,,,,,,,,,17:57,,,,,,,,,,,,,18:35,,,,,,,,,,,,18:54,,,,,,,,,,,,,,,19:19,,,,,,,,,,,,,,,,,,,,,,,,20:02,20:07,,,,,,,,,,,,,,,,,,,,,,,,,,,,,,,,,,,,,,,,,,,21:44,,,,,,,,,,,,,,,,22:20,,,,22:52,,,,,,,,,,23:31,,,,,,,,,,,,,,,,,,,,,,,,00:29,,,,,,,,,,,,,,,,,,
Asangaon,02:10,06:03,,06:25,,06:58,07:09,07:18,,,,,,,,,,,,,,,,,,,,08:07,,,,08:39,,,,,,,,,,,,,,,,,,,,,08:36,,,,,,,,,09:09,,,,,09:46,,,,,,,,,,,,,,,,,,,,10:12,,,,,,,,,,,,,,,,,,,,,,,,,,11:05,,,,,,,,,11:20,,,,,,,,,,,,,,,,,,,,11:55,,,,,,,,,,,,,,,,,,,13:03,,,,,,,,,,,,,,,,,,,,,13:21,,,,,,,,,,,,,,,,14:10,,,,,,,,,,,,,15:22,14:54,,,,,,15:35,,,,,,,,,,,,,,,,16:04,,,,,,16:25,,,16:49,,,,,,,,,,,,,,,17:37,,,,,,,,,,,,,,,18:06,,,,,,,,,,,,,18:41,,,,,,,,,,,,19:02,,,,,,,,,,,,,,,19:29,,,,,,,,,,,,,,,,,,,,,,,,20:08,20:17,,,,,,,,,,,,,,,,,,,,,,,,,,,,,,,,,,,,,,,,,,,21:52,,,,,,,,,,,,,,,,22:26,,,,23:00,,,,,,,,,,23:37,,,,,,,,,,,,,,,,,,,,,,,,00:35,,,,,,,,,,,,,,,,,,
Atgaon,02:19,,,06:34,,,07:18,,,,,,,,,,,,,,,,,,,,,,,,,,,,,,,,,,,,,,,,,,,,,,08:45,,,,,,,,,,,,,,,,,,,,,,,,,,,,,,,,,,10:21,,,,,,,,,,,,,,,,,,,,,,,,,,,,,,,,,,,11:29,,,,,,,,,,,,,,,,,,,,12:04,,,,,,,,,,,,,,,,,,,,,,,,,,,,,,,,,,,,,,,,13:30,,,,,,,,,,,,,,,,14:19,,,,,,,,,,,,,15:31,,,,,,,,,,,,,,,,,,,,,,,16:13,,,,,,,,,16:58,,,,,,,,,,,,,,,,,,,,,,,,,,,,,,,,,,,,,,,,,,,18:50,,,,,,,,,,,,,,,,,,,,,,,,,,,,,,,,,,,,,,,,,,,,,,,,,,,20:17,,,,,,,,,,,,,,,,,,,,,,,,,,,,,,,,,,,,,,,,,,,,,,,,,,,,,,,,,,,,22:35,,,,,,,,,,,,,,23:46,,,,,,,,,,,,,,,,,,,,,,,,00:44,,,,,,,,,,,,,,,,,,
Thansit,02:24,,,06:39,,,07:25,,,,,,,,,,,,,,,,,,,,,,,,,,,,,,,,,,,,,,,,,,,,,,08:50,,,,,,,,,,,,,,,,,,,,,,,,,,,,,,,,,,10:26,,,,,,,,,,,,,,,,,,,,,,,,,,,,,,,,,,,,,,,,,,,,,,,,,,,,,,,,,,,,,,,,,,,,,,,,,,,,,,,,,,,,,,,,,,,,,,,13:35,,,,,,,,,,,,,,,,14:25,,,,,,,,,,,,,15:37,,,,,,,,,,,,,,,,,,,,,,,16:18,,,,,,,,,17:03,,,,,,,,,,,,,,,,,,,,,,,,,,,,,,,,,,,,,,,,,,,18:55,,,,,,,,,,,,,,,,,,,,,,,,,,,,,,,,,,,,,,,,,,,,,,,,,,,20:22,,,,,,,,,,,,,,,,,,,,,,,,,,,,,,,,,,,,,,,,,,,,,,,,,,,,,,,,,,,,22:40,,,,,,,,,,,,,,23:51,,,,,,,,,,,,,,,,,,,,,,,,00:49,,,,,,,,,,,,,,,,,,
Khardi,02:29,,,06:44,,,07:28,,,,,,,,,,,,,,,,,,,,,,,,,,,,,,,,,,,,,,,,,,,,,,08:55,,,,,,,,,,,,,,,,,,,,,,,,,,,,,,,,,,10:31,,,,,,,,,,,,,,,,,,,,,,,,,,,,,,,,,,,11:39,,,,,,,,,,,,,,,,,,,,12:14,,,,,,,,,,,,,,,,,,,,,,,,,,,,,,,,,,,,,,,,13:40,,,,,,,,,,,,,,,,14:29,,,,,,,,,,,,,15:42,,,,,,,,,,,,,,,,,,,,,,,16:23,,,,,,,,,17:08,,,,,,,,,,,,,,,,,,,,,,,,,,,,,,,,,,,,,,,,,,,19:00,,,,,,,,,,,,,,,,,,,,,,,,,,,,,,,,,,,,,,,,,,,,,,,,,,,20:27,,,,,,,,,,,,,,,,,,,,,,,,,,,,,,,,,,,,,,,,,,,,,,,,,,,,,,,,,,,,22:45,,,,,,,,,,,,,,23:56,,,,,,,,,,,,,,,,,,,,,,,,00:54,,,,,,,,,,,,,,,,,,
Umbermalli,02:35,,,06:51,,,07:34,,,,,,,,,,,,,,,,,,,,,,,,,,,,,,,,,,,,,,,,,,,,,,09:02,,,,,,,,,,,,,,,,,,,,,,,,,,,,,,,,,,10:37,,,,,,,,,,,,,,,,,,,,,,,,,,,,,,,,,,,11:45,,,,,,,,,,,,,,,,,,,,12:20,,,,,,,,,,,,,,,,,,,,,,,,,,,,,,,,,,,,,,,,13:46,,,,,,,,,,,,,,,,14:35,,,,,,,,,,,,,15:48,,,,,,,,,,,,,,,,,,,,,,,16:29,,,,,,,,,17:14,,,,,,,,,,,,,,,,,,,,,,,,,,,,,,,,,,,,,,,,,,,19:06,,,,,,,,,,,,,,,,,,,,,,,,,,,,,,,,,,,,,,,,,,,,,,,,,,,20:33,,,,,,,,,,,,,,,,,,,,,,,,,,,,,,,,,,,,,,,,,,,,,,,,,,,,,,,,,,,,22:51,,,,,,,,,,,,,,00:02,,,,,,,,,,,,,,,,,,,,,,,,01:00,,,,,,,,,,,,,,,,,,
Kasara,02:54,,,07:03,,,07:46,,,,,,,,,,,,,,,,,,,,,,,,,,,,,,,,,,,,,,,,,,,,,,09:14,,,,,,,,,,,,,,,,,,,,,,,,,,,,,,,,,,10:48,,,,,,,,,,,,,,,,,,,,,,,,,,,,,,,,,,,11:57,,,,,,,,,,,,,,,,,,,,12:34,,,,,,,,,,,,,,,,,,,,,,,,,,,,,,,,,,,,,,,,13:58,,,,,,,,,,,,,,,,14:47,,,,,,,,,,,,,15:59,,,,,,,,,,,,,,,,,,,,,,,16:41,,,,,,,,,17:26,,,,,,,,,,,,,,,,,,,,,,,,,,,,,,,,,,,,,,,,,,,19:18,,,,,,,,,,,,,,,,,,,,,,,,,,,,,,,,,,,,,,,,,,,,,,,,,,,20:46,,,,,,,,,,,,,,,,,,,,,,,,,,,,,,,,,,,,,,,,,,,,,,,,,,,,,,,,,,,,23:04,,,,,,,,,,,,,,00:13,,,,,,,,,,,,,,,,,,,,,,,,01:12,,,,,,,,,,,,,,,,,,
