station,90002,90004,90006,90008,90010,90012,90014,90016,90018,90020,90022,94002,94004
VIRAR,,,03:25,,,,,,03:40,,,,
Nalla Sopara,,,03:31,,,03:40,,,03:46,,,04:00,
VASAI ROAD,,,03:36,,,03:46,,,03:51,,,04:06,
Naigaon,,,03:41,,,03:50,,,03:56,,,04:11,
BHAYANDAR,,,03:47,,,03:56,,,04:02,04:10,,04:16,
Mira Road,,,03:52,,,04:01,,,04:07,04:16,,04:21,
Dahisar,,,03:56,,,04:05,,,04:11,04:20,,04:25,
BORIVALI,,03:50,04:00,04:05,04:10,04:11,04:15,04:20,04:16,04:25,04:25,04:29,04:31
Kandivali,,03:55,04:04,04:11,04:16,,04:20,04:25,,,04:31,,04:36
Malad,,03:58,04:07,04:14,04:19,,04:23,04:28,,,04:34,,04:39
Goregaon,,04:01,04:10,04:17,04:22,,04:26,04:31,,,04:37,,04:42
Ram Mandir,,04:03,04:12,04:19,04:24,,04:28,04:33,,,04:39,,04:44
Jogeshwari,,04:06,04:15,04:22,04:27,,04:31,04:36,,,04:42,,04:47
ANDHERI,04:05,04:11,04:20,04:27,04:32,,04:36,04:41,04:31,04:39,04:46,,04:51
Vile Parle,04:09,04:14,04:23,04:30,04:35,,04:39,04:44,,,04:49,,04:55
Santa Cruz,04:12,04:17,04:26,04:33,04:38,,04:42,04:47,,,04:52,,04:58
Khar Road,04:15,04:20,04:29,04:36,04:41,,04:45,04:50,,,04:55,,05:01
BANDRA,04:19,04:24,04:33,04:40,04:45,,04:49,04:54,04:41,04:48,04:59,,05:05
Mahim Jn.,04:22,04:27,04:36,04:43,04:48,,04:52,04:57,,,05:02,,05:08
Matunga Road,04:25,04:30,04:39,04:46,04:51,,04:55,05:00,,,05:05,,05:11
DADAR,04:28,04:33,04:42,04:49,04:54,,04:58,05:03,04:47,04:54,05:08,,05:14
Prabhadevi,04:31,04:36,04:45,04:52,04:57,,05:01,05:06,,,05:11,,05:17
Lower Parel,04:34,04:39,04:48,04:55,05:00,,05:04,05:09,,,05:14,,05:20
Mahalakshmi,04:37,04:42,04:51,04:58,05:03,,05:07,05:12,,,05:17,,05:23
M'BAI CENTRAL(L),04:40,04:45,04:54,05:01,05:06,,05:10,05:15,04:55,05:01,05:20,,05:26
Grant Road,04:42,04:47,04:56,05:03,05:08,,05:12,05:17,04:57,05:03,05:22,,05:28
Charni Road,04:44,04:49,04:58,05:05,05:10,,05:14,05:19,04:59,05:05,05:24,,05:30
Marine Lines,04:47,04:52,05:01,05:08,05:13,,05:17,05:22,05:02,05:08,05:27,,05:33
CHURCHGATE,04:50,04:56,05:05,05:12,05:16,,05:21,05:25,05:08,05:14,05:30,,05:36
W.E.F. 19.02.2026,,,,,,,,,,,,,
STATIONS,,,,,,,,,,,,,
UP TRAINS,,,,,,,,,,,,,
VIRAR,04:00,,,04:00,,,04:20,,,,,,
Nalla Sopara,04:06,,,,,,04:26,,,,04:35,,
VASAI ROAD,04:11,,,04:10,,,04:31,,,,04:41,,
Naigaon,04:15,,,,,,04:35,,,,04:45,,
BHAYANDAR,04:21,,,04:18,04:30,,04:41,,04:45,,04:51,,04:55
Mira Road,04:26,,,,04:36,,04:46,,04:51,,04:56,,05:01
Dahisar,04:30,,,,04:41,,04:51,,04:55,,05:00,,05:05
BORIVALI,04:35,04:38,04:42,04:28,04:47,04:53,04:56,04:58,05:00,,05:05,05:05,05:10
Kandivali,,04:43,04:48,,,04:59,,05:04,,,,05:11,05:14
Malad,,04:46,04:51,,,05:02,,05:07,,,,05:14,05:17
Goregaon,,04:49,04:54,,,05:05,,05:10,,05:14,,05:17,05:20
Ram Mandir,,04:51,04:56,,,05:07,,05:12,,05:17,,05:19,05:22
Jogeshwari,,04:54,04:59,,,05:10,,05:15,,05:19,,05:22,05:25
ANDHERI,,05:00,05:04,04:43,05:00,05:15,05:09,05:20,05:13,05:24,05:18,05:26,05:30
Vile Parle,,05:03,05:08,,,05:19,,05:24,,05:27,,05:30,05:33
Santa Cruz,,05:06,05:11,,,05:22,,05:27,,05:30,,05:33,05:36
Khar Road,,05:09,05:14,,,05:25,,05:30,,05:33,,05:36,05:39
BANDRA,,05:13,05:18,04:53,05:09,05:29,05:18,05:34,05:22,05:37,05:27,05:40,05:44
Mahim Jn.,,05:16,05:21,,,05:32,,05:37,,05:40,,05:43,05:47
Matunga Road,,05:19,05:24,,,05:35,,05:40,,05:43,,05:46,05:50
DADAR,,05:22,05:27,05:02,05:15,05:38,05:24,05:43,05:28,05:46,05:33,05:49,05:53
Prabhadevi,,05:25,05:30,,,05:41,,05:46,,05:49,,05:53,05:56
Lower Parel,,05:28,05:33,,,05:44,,05:49,,05:52,,05:56,05:59
Mahalakshmi,,05:31,05:36,,,05:47,,05:52,,05:55,,05:59,06:02
M'BAI CENTRAL(L),,05:34,05:39,,05:22,05:50,05:31,05:55,05:35,05:58,05:40,06:02,06:06
Grant Road,,05:36,05:41,,05:24,05:52,05:33,05:57,05:37,06:00,05:43,06:04,06:08
Charni Road,,05:38,05:43,,05:26,05:54,05:35,05:59,05:39,06:02,05:46,06:06,06:10
Marine Lines,,05:41,05:46,,05:29,05:57,05:38,06:02,05:42,06:05,05:48,06:09,06:13
CHURCHGATE,,05:44,05:49,,05:33,06:00,05:42,06:06,05:46,06:10,05:55,06:14,06:17
W.E.F. 19.02.2026,,,,,,,,,,,,,
STATIONS,,,,,,,,,,,,,
UP TRAINS,,,,,,,,,,,,,
VIRAR,,04:35,,,04:50,,,,,05:08,,,
Nalla Sopara,,04:42,,04:50,04:56,,,05:05,,,,,
VASAI ROAD,,04:47,,04:55,05:02,,,05:11,,05:18,,,
Naigaon,,04:51,,05:00,05:07,,,05:16,,,,,
BHAYANDAR,,04:57,,05:06,05:13,05:15,,05:22,05:25,05:26,,,
Mira Road,,05:02,,05:11,05:18,05:21,,05:27,05:31,,,,
Dahisar,,05:06,,05:15,05:22,05:25,,05:31,05:35,,,,
BORIVALI,,05:10,05:15,05:20,05:27,05:30,05:31,05:36,05:41,05:36,05:40,05:45,
Kandivali,,,05:21,05:25,,05:35,05:38,05:41,,,05:47,05:51,
Malad,,,05:24,05:28,,05:38,05:41,05:44,,,05:50,05:54,
Goregaon,,,05:27,05:31,,05:41,05:44,05:47,,,05:53,05:57,05:56
Ram Mandir,,,05:29,05:33,,05:43,05:46,05:49,,,05:55,05:59,06:00
Jogeshwari,,,05:32,05:36,,05:46,05:49,05:52,,,05:58,06:02,06:02
ANDHERI,05:32,05:25,05:38,05:41,05:42,05:50,05:53,05:58,05:54,05:51,06:03,06:06,06:06
Vile Parle,05:37,,05:41,05:44,,05:53,05:56,,,,06:06,06:09,06:10
Santa Cruz,05:40,,05:44,05:47,,05:56,05:59,,,,06:09,06:12,06:13
Khar Road,05:43,,05:47,05:50,,05:59,06:02,,,,06:12,06:15,06:16
BANDRA,05:48,05:35,05:51,05:54,05:52,06:03,06:06,,06:04,06:01,06:16,06:19,06:22
Mahim Jn.,05:51,,05:54,05:57,,06:06,06:09,,,,06:19,06:22,06:25
Matunga Road,05:54,,05:57,06:00,,06:09,06:12,,,,06:22,06:25,06:28
DADAR,05:57,05:41,06:00,06:03,06:00,06:13,06:16,,06:11,06:08,06:26,06:29,06:32
Prabhadevi,06:00,,06:03,06:06,,06:15,06:18,,,,06:28,06:31,06:34
Lower Parel,06:03,,06:06,06:09,,06:18,06:21,,,,06:31,06:34,06:37
Mahalakshmi,06:06,,06:09,06:12,,06:21,06:24,,,,06:34,06:37,06:40
M'BAI CENTRAL(L),06:10,05:48,06:12,06:15,06:10,06:24,06:27,,06:19,06:15,06:37,06:40,06:43
Grant Road,06:12,05:50,06:14,06:17,,06:26,06:29,,06:21,,06:39,06:42,06:45
Charni Road,06:14,05:52,06:16,06:19,,06:28,06:31,,06:23,,06:41,06:44,06:47
Marine Lines,06:17,05:55,06:19,06:22,,06:31,06:34,,06:26,,06:44,06:47,06:50
CHURCHGATE,06:21,06:03,06:24,06:29,06:19,06:34,06:37,,06:30,06:25,06:47,06:51,06:54
W.E.F. 19.02.2026,,,,,,,,,,,,,
STATIONS,,,,,,,,,,,,,
UP TRAINS,,,,,,,,,,,,,
VIRAR,05:11,,05:28,,,,05:25,,,05:30,,,05:34
Nalla Sopara,05:18,,,,,05:24,05:31,,,05:36,,,05:40
VASAI ROAD,05:23,,05:37,,,05:30,05:36,,,05:41,,,05:45
Naigaon,05:28,,,,,05:36,05:41,,,05:46,,,05:50
BHAYANDAR,05:34,05:38,05:45,,,05:42,05:47,,,05:52,,,05:56
Mira Road,05:39,05:44,,,,05:47,05:53,,,05:58,,,06:01
Dahisar,05:43,05:48,,,,05:52,05:57,,,06:04,,,06:05
BORIVALI,05:49,05:52,05:56,05:54,05:57,05:58,06:02,06:04,06:07,06:09,,,06:11
Kandivali,,05:57,,06:00,06:03,06:06,,06:09,06:12,06:15,,,
Malad,,06:00,,06:03,06:06,06:09,,06:12,06:15,06:18,,,
Goregaon,,06:03,,06:06,06:09,06:12,,06:15,06:18,06:21,,06:23,
Ram Mandir,,06:05,,06:08,06:11,06:14,,06:17,06:20,06:23,,06:26,
Jogeshwari,,06:08,,06:11,06:14,06:17,,06:20,06:23,06:26,,06:29,
ANDHERI,06:03,06:13,06:11,06:16,06:19,06:23,06:15,06:26,06:29,06:31,06:33,06:33,
Vile Parle,,06:17,,06:20,06:23,,,06:29,06:32,,06:36,06:37,
Santa Cruz,,06:20,,06:23,06:26,,,06:32,06:35,,06:39,06:40,
Khar Road,,06:23,,06:26,06:29,,,06:35,06:38,,06:42,06:43,
BANDRA,06:12,06:27,06:21,06:31,06:34,,06:24,06:40,06:43,,06:46,06:49,
Mahim Jn.,,06:30,,06:34,06:37,,,06:43,06:46,,06:49,06:52,
Matunga Road,,06:33,,06:37,06:40,,,06:46,06:49,,06:52,06:55,
DADAR,06:18,06:37,06:27,06:41,06:44,,06:30,06:50,06:53,,06:56,06:59,
Prabhadevi,,06:39,,06:43,06:46,,,06:52,06:55,,06:58,07:01,
Lower Parel,,06:42,,06:46,06:49,,,06:55,06:58,,07:01,07:04,
Mahalakshmi,,06:45,,06:49,06:52,,,06:58,07:01,,07:04,07:07,
M'BAI CENTRAL(L),06:25,06:48,06:34,06:52,06:55,,06:38,07:01,07:04,,07:07,07:10,
Grant Road,06:27,06:50,06:36,06:54,06:57,,,07:03,07:06,,07:09,07:12,
Charni Road,06:29,06:52,06:38,06:56,06:59,,,07:05,07:08,,07:11,07:14,
Marine Lines,06:32,06:55,06:41,06:59,07:02,,,07:08,07:11,,07:14,07:17,
CHURCHGATE,06:38,06:59,06:45,07:02,07:06,,06:48,07:11,07:14,,07:19,07:22,
W.E.F. 19.02.2026,,,,,,,,,,,,,
STATIONS,,,,,,,,,,,,,
UP TRAINS,,,,,,,,,,,,,
VIRAR,,05:39,,,05:47,,05:50,,,,05:53,05:57,
Nalla Sopara,,05:45,,,,,05:56,,,,06:00,06:03,
VASAI ROAD,,05:52,,05:56,05:57,,06:01,,,,06:05,06:08,
Naigaon,,05:57,,06:02,,,06:06,,,,06:10,06:13,
BHAYANDAR,,06:03,,06:07,06:05,,06:12,06:10,,,06:16,06:19,
Mira Road,,06:08,,06:12,,,06:17,06:16,,,06:22,06:24,
Dahisar,,06:12,,06:16,,,06:21,06:20,,,06:26,06:29,
BORIVALI,06:13,,06:19,06:22,06:18,06:21,06:25,06:25,06:26,06:30,06:31,06:36,06:36
Kandivali,06:20,,06:25,,,06:28,,06:31,06:34,06:38,,,06:42
Malad,06:23,,06:28,,,06:31,,06:34,06:37,06:41,,,06:45
Goregaon,06:26,,06:31,,,06:34,,06:37,06:40,06:44,,,06:48
Ram Mandir,06:28,,06:33,,,,,06:39,06:42,06:46,,,
Jogeshwari,06:31,,06:36,,,06:39,,06:42,06:45,06:49,,,06:53
ANDHERI,06:36,06:26,06:41,06:34,06:30,06:44,06:38,06:47,06:50,06:53,,06:50,06:58
Vile Parle,06:39,,06:44,,,,,06:50,06:53,06:56,,,
Santa Cruz,06:42,,06:47,,,,,06:53,06:56,06:59,,,
Khar Road,06:45,,06:50,,,,,06:56,06:59,07:02,,,
BANDRA,06:52,06:35,06:56,06:43,06:38,06:53,06:47,07:00,07:03,07:06,,06:59,07:07
Mahim Jn.,06:55,,06:59,,,,,07:03,07:06,07:09,,,
Matunga Road,06:58,,07:02,,,,,07:06,07:09,07:12,,,
DADAR,07:02,06:41,07:06,06:49,06:44,06:59,06:53,07:10,07:13,07:16,,07:04,07:13
Prabhadevi,07:04,,07:08,,,,,07:12,07:15,07:18,,,
Lower Parel,07:07,,07:11,,,,,07:15,07:18,07:21,,,
Mahalakshmi,07:10,,07:14,,,,,07:18,07:21,07:24,,,
M'BAI CENTRAL(L),07:13,06:48,07:17,06:56,06:51,07:06,07:00,07:21,07:24,07:27,,07:11,07:20
Grant Road,07:15,06:50,07:19,06:58,06:53,07:08,07:02,07:23,07:26,07:29,,07:13,07:22
Charni Road,07:17,06:52,07:21,07:00,06:55,07:10,07:05,07:25,07:28,07:31,,07:15,07:24
Marine Lines,07:20,06:55,07:24,07:03,06:58,07:13,07:08,07:28,07:31,07:34,,07:18,07:27
CHURCHGATE,07:25,07:02,07:30,07:08,07:05,07:17,07:12,07:33,07:36,07:39,,07:22,07:32
W.E.F. 19.02.2026,,,,,,,,,,,,,
STATIONS,,,,,,,,,,,,,
UP TRAINS,,,,,,,,,,,,,
VIRAR,,06:05,06:03,06:11,,,,06:17,,,06:21,,
Nalla Sopara,,06:12,06:09,06:17,,,,06:23,,,06:27,,
VASAI ROAD,,06:17,06:14,06:22,,,,06:28,,,06:32,,
Naigaon,,,06:18,06:26,,,,06:33,,,06:36,,
BHAYANDAR,,06:25,06:24,06:32,,,,06:39,,,06:42,,
Mira Road,,,06:29,06:37,,,,06:44,,,06:47,,
Dahisar,,,06:33,06:41,,,,06:48,,,06:51,,
BORIVALI,06:40,06:35,06:40,06:46,06:44,06:47,06:50,06:53,,06:51,06:57,,07:00
Kandivali,06:46,,,,06:49,06:52,06:55,,,06:58,,,07:05
Malad,06:49,,,,06:52,06:55,06:58,,,07:01,,,07:08
Goregaon,06:52,,,,06:55,06:58,07:01,,07:00,07:04,,07:07,07:12
Ram Mandir,06:54,,,,06:57,07:00,07:03,,07:04,,,07:11,07:14
Jogeshwari,06:56,,,,07:00,07:03,07:06,,07:07,07:09,,07:13,07:17
ANDHERI,07:01,06:52,06:54,07:02,07:04,07:07,07:10,07:07,07:12,07:14,,07:16,07:22
Vile Parle,07:04,,,,07:07,07:10,07:13,,07:16,,,07:20,07:25
Santa Cruz,07:07,,,,07:10,07:13,07:17,,07:19,,,07:23,07:28
Khar Road,07:10,,,,07:13,07:16,07:20,,07:22,,,07:26,07:31
BANDRA,07:14,,07:04,07:12,07:17,07:20,07:24,07:16,07:27,07:23,,07:31,07:35
Mahim Jn.,07:17,,,,07:20,07:23,07:27,,07:30,,,07:34,07:38
Matunga Road,07:20,,,,07:23,07:26,07:30,,07:33,,,07:37,07:41
DADAR,07:24,,07:10,07:18,07:27,07:30,07:33,07:22,07:37,07:29,,07:41,07:45
Prabhadevi,07:26,,,,07:29,07:32,07:35,,07:39,,,07:43,07:47
Lower Parel,07:29,,,,07:32,07:35,07:38,,07:42,,,07:46,07:50
Mahalakshmi,07:32,,,,07:35,07:38,07:41,,07:45,,,07:49,07:53
M'BAI CENTRAL(L),07:35,,07:18,07:25,07:38,07:41,07:44,07:29,07:48,07:36,,07:52,07:56
Grant Road,07:37,,07:20,07:27,07:40,07:43,07:46,07:31,07:50,07:38,,07:54,07:58
Charni Road,07:39,,07:22,07:29,07:42,07:45,07:48,07:33,07:52,07:40,,07:56,08:00
Marine Lines,07:42,,07:25,07:32,07:45,07:48,07:51,07:36,07:55,07:43,,07:59,08:03
CHURCHGATE,07:45,,07:29,07:36,07:48,07:51,07:54,07:40,08:00,07:48,,08:03,08:07
W.E.F. 19.02.2026,,,,,,,,,,,,,
STATIONS,,,,,,,,,,,,,
UP TRAINS,,,,,,,,,,,,,
VIRAR,,,,06:30,,,06:38,06:44,,,06:48,,
Nalla Sopara,06:33,,,06:36,,,06:44,06:50,,,06:54,,
VASAI ROAD,06:39,,,06:41,06:43,,06:49,06:55,,,06:59,,
Naigaon,06:43,,,06:46,06:49,,06:54,07:00,,,07:03,,
BHAYANDAR,06:49,,,06:52,06:55,,07:00,07:06,,,07:09,,
Mira Road,06:54,,,06:58,07:01,,07:05,07:11,,,07:14,,
Dahisar,06:58,,,07:02,07:05,,07:09,07:15,,,07:18,,
BORIVALI,07:03,07:06,07:09,07:07,07:10,07:13,07:15,07:19,07:21,07:25,07:23,,07:28
Kandivali,07:08,07:12,07:15,,,07:19,,07:23,07:27,07:31,,,07:34
Malad,07:11,07:15,07:18,,,07:22,,07:26,07:30,07:34,,,07:37
Goregaon,07:15,07:18,07:21,,,07:25,,07:29,07:33,07:37,,07:35,07:40
Ram Mandir,07:17,07:20,07:23,,,,,07:31,07:35,,,07:38,07:42
Jogeshwari,07:20,07:23,07:26,,,07:29,,07:34,07:38,07:41,,07:41,07:45
ANDHERI,07:26,07:28,07:31,07:20,07:23,07:34,07:29,07:39,07:42,07:45,07:37,07:45,07:49
Vile Parle,,07:31,07:34,,,,,07:42,07:45,,,07:48,07:53
Santa Cruz,,07:34,07:37,,,,,07:45,07:48,,,07:51,07:56
Khar Road,,07:37,07:40,,,,,07:48,07:51,,,07:54,07:59
BANDRA,,07:42,07:45,07:30,07:33,07:43,07:38,07:52,07:56,07:54,07:46,08:00,08:03
Mahim Jn.,,07:45,07:48,,,,,07:55,07:59,,,08:03,08:06
Matunga Road,,07:48,07:51,,,,,07:58,08:02,,,08:06,08:09
DADAR,,07:52,07:55,07:37,07:40,07:49,07:44,08:02,08:06,08:00,07:52,08:10,08:13
Prabhadevi,,07:54,07:57,,,,,08:04,08:08,,,08:12,08:15
Lower Parel,,07:57,08:00,,,,,08:07,08:11,,,08:15,08:18
Mahalakshmi,,08:00,08:03,,,,,08:10,08:14,,,08:18,08:21
M'BAI CENTRAL(L),,08:03,08:06,07:44,07:47,07:56,07:51,08:13,08:17,08:07,07:59,08:21,08:24
Grant Road,,08:05,08:08,,07:49,07:58,07:53,08:15,08:19,08:09,08:01,08:23,08:26
Charni Road,,08:07,08:10,,07:51,08:00,07:55,08:17,08:22,08:11,08:03,08:26,08:28
Marine Lines,,08:10,08:13,,07:54,08:03,07:58,08:20,08:25,08:14,08:06,08:29,08:31
CHURCHGATE,,08:14,08:18,07:54,07:57,08:08,08:03,08:24,08:29,08:20,08:11,08:32,08:35
W.E.F. 19.02.2026,,,,,,,,,,,,,
STATIONS,,,,,,,,,,,,,
UP TRAINS,,,,,,,,,,,,,
VIRAR,06:52,07:10,,,07:01,,,,,,,07:06,
Nalla Sopara,06:58,,,,07:07,,,,,,,07:12,
VASAI ROAD,07:03,07:18,,,07:12,,,07:14,,,,07:18,
Naigaon,07:08,,,,07:17,,,07:20,,,,07:24,
BHAYANDAR,07:14,07:26,,,07:23,,,07:26,,,,07:30,
Mira Road,07:19,,,,07:28,,,07:31,,,,07:35,
Dahisar,07:23,,,,07:32,,,07:35,,,,07:40,
BORIVALI,07:28,07:34,07:32,07:36,07:37,,07:40,07:40,,07:43,,07:46,07:46
Kandivali,,,07:38,07:41,,,07:45,,,07:49,,,07:52
Malad,,,07:41,07:44,,,07:48,,,07:52,,,07:55
Goregaon,,,07:44,07:48,,,07:51,,,07:55,07:56,,07:58
Ram Mandir,,,07:46,,,,07:53,,,07:57,08:00,,
Jogeshwari,,,07:49,07:52,,,07:56,,,08:00,08:03,,08:03
ANDHERI,07:42,07:48,07:53,07:57,,,08:00,07:54,08:03,08:06,08:08,08:03,08:09
Vile Parle,,,07:56,,,,08:03,,08:07,08:09,08:12,,
Santa Cruz,,,07:59,,,,08:06,,08:10,08:12,08:15,,
Khar Road,,,08:03,,,,08:10,,08:14,08:16,08:20,,
BANDRA,07:51,07:57,08:07,08:06,,08:10,08:15,08:03,08:18,08:20,08:25,08:12,08:19
Mahim Jn.,,,08:10,,,08:14,08:18,,08:21,08:23,08:28,,
Matunga Road,,,08:13,,,08:17,08:21,,08:24,08:26,08:31,,
DADAR,07:57,08:03,08:17,08:12,,08:21,08:25,08:09,08:28,08:30,08:35,08:18,08:25
Prabhadevi,,,08:19,,,08:23,08:27,,08:30,08:32,08:37,,
Lower Parel,,,08:22,,,08:26,08:30,,08:33,08:35,08:40,,
Mahalakshmi,,,08:25,,,08:29,08:33,,08:36,08:38,08:43,,
M'BAI CENTRAL(L),08:04,08:10,08:28,08:19,,08:32,08:36,08:16,08:39,08:41,08:46,08:25,08:32
Grant Road,08:06,08:12,08:30,08:21,,08:34,08:38,08:18,08:41,08:43,08:48,08:27,08:34
Charni Road,08:08,08:14,08:32,08:24,,08:36,08:40,08:21,08:43,08:45,08:50,08:29,08:36
Marine Lines,08:11,08:17,08:35,08:28,,08:39,08:43,08:24,08:46,08:48,08:53,08:33,08:39
CHURCHGATE,08:16,08:23,08:40,08:32,,08:43,08:46,08:29,08:49,08:52,08:56,08:36,08:42
W.E.F. 19.02.2026,,,,,,,,,,,,,
STATIONS,,,,,,,,,,,,,
UP TRAINS,,,,,,,,,,,,,
VIRAR,07:11,07:15,07:18,07:21,,,07:25,,,,07:32,,07:35
Nalla Sopara,07:17,07:21,,07:27,,,07:31,,,,07:38,,07:41
VASAI ROAD,07:22,07:26,07:27,07:32,,,07:36,,,07:40,07:43,,07:46
Naigaon,07:28,07:31,,07:37,,,07:41,,,07:46,07:49,,07:51
BHAYANDAR,07:34,07:37,07:35,07:42,07:40,,07:47,,,07:51,07:55,,07:57
Mira Road,07:39,07:42,,07:47,07:46,,07:52,,,07:56,07:59,,08:02
Dahisar,07:43,07:46,,07:52,07:50,,07:56,,,08:01,08:04,,08:06
BORIVALI,07:49,07:53,,07:59,07:55,,08:01,,08:03,08:05,08:09,08:06,08:11
Kandivali,07:55,07:58,,,,,08:05,,08:08,,,08:11,08:15
Malad,07:58,08:01,,,,,08:08,08:08,08:11,,,08:14,08:18
Goregaon,08:01,08:04,,,,08:07,08:11,,08:14,,,08:17,08:21
Ram Mandir,08:03,,,,,08:10,08:13,,08:16,,,08:20,08:23
Jogeshwari,08:06,08:09,,,,08:13,08:16,08:14,08:19,,,08:22,08:26
ANDHERI,08:12,08:15,08:00,,08:12,08:16,08:20,,08:23,08:23,08:22,08:27,08:31
Vile Parle,,,,,,08:19,08:23,,08:26,,,08:30,08:34
Santa Cruz,,,,,,08:22,08:26,,08:29,,,08:33,08:37
Khar Road,,,,,,08:25,08:29,,08:32,,,08:36,08:40
BANDRA,,08:24,08:09,,08:21,08:30,08:34,08:27,08:36,,08:32,08:40,08:44
Mahim Jn.,,,,,,08:33,,,08:39,,,08:43,08:47
Matunga Road,,,,,,08:36,,,08:42,,,08:46,08:50
DADAR,,08:30,08:16,,08:27,08:39,,08:33,08:45,,08:38,08:50,08:54
Prabhadevi,,,,,,08:41,,,08:47,,,08:52,08:56
Lower Parel,,,,,,08:44,,,08:50,,,08:55,08:59
Mahalakshmi,,,,,,08:47,,,08:53,,,08:58,09:02
M'BAI CENTRAL(L),,08:37,,,08:34,08:50,,08:40,08:56,,08:45,09:01,09:05
Grant Road,,08:39,,,08:36,08:52,,08:42,08:58,,08:47,09:03,09:07
Charni Road,,08:41,,,08:38,08:54,,08:44,09:00,,08:49,09:05,09:09
Marine Lines,,08:44,,,08:41,08:57,,08:47,09:03,,08:52,09:08,09:12
CHURCHGATE,,08:49,,,08:46,09:01,,08:52,09:06,,08:56,09:11,09:15
W.E.F. 19.02.2026,,,,,,,,,,,,,
STATIONS,,,,,,,,,,,,,
UP TRAINS,,,,,,,,,,,,,
VIRAR,,,07:38,,,,,07:40,07:45,07:48,,07:50,
Nalla Sopara,,,07:45,,,,,07:46,07:51,07:54,,07:56,
VASAI ROAD,,,07:50,,,,,07:52,07:56,07:59,,08:01,
Naigaon,,,07:55,,,,,07:58,08:02,,,08:06,
BHAYANDAR,,,08:01,08:00,,,,08:04,08:08,08:07,,08:12,
Mira Road,,,08:06,08:06,,,,08:10,08:14,,,08:18,
Dahisar,,,08:10,08:11,,,,08:14,08:18,,,08:22,
BORIVALI,,,08:14,08:17,,08:16,08:19,08:20,08:22,08:18,08:26,08:26,
Kandivali,,,,,,08:21,08:24,,08:27,,08:31,,
Malad,,,,,,08:24,08:27,,08:30,,08:34,,08:26
Goregaon,,08:16,,,08:27,08:27,08:30,,08:33,,08:37,,
Ram Mandir,,,,,08:30,08:30,08:32,,08:35,,,,
Jogeshwari,,08:21,,,08:32,08:32,08:35,,08:38,,08:41,,08:32
ANDHERI,08:34,,08:28,08:31,08:36,08:37,08:40,,08:43,08:38,08:46,,
Vile Parle,08:37,,,,08:40,08:41,08:44,,08:47,,,,
Santa Cruz,08:40,,,,08:43,08:45,08:48,,08:51,,,,
Khar Road,08:43,,,,08:46,08:48,08:51,,08:54,,,,
BANDRA,08:47,08:35,08:38,08:41,08:50,08:53,08:56,,08:59,,08:55,,08:45
Mahim Jn.,08:50,,,,08:53,08:56,08:59,,,,,,
Matunga Road,08:53,,,,08:56,08:59,09:02,,,,,,
DADAR,08:57,08:41,08:44,08:48,09:00,09:03,09:06,,,,09:01,,08:51
Prabhadevi,08:59,,,,09:02,09:05,09:08,,,,,,
Lower Parel,09:02,,,,09:05,09:08,09:11,,,,,,
Mahalakshmi,09:05,,,,09:08,09:11,09:14,,,,,,
M'BAI CENTRAL(L),09:08,08:48,08:51,08:55,09:11,09:14,09:17,,,,09:08,,08:58
Grant Road,09:10,08:50,08:53,,09:13,09:16,09:19,,,,09:10,,09:00
Charni Road,09:12,08:52,08:55,,09:15,09:18,09:21,,,,09:12,,09:02
Marine Lines,09:15,08:55,08:58,,09:18,09:21,09:24,,,,09:15,,09:05
CHURCHGATE,09:18,09:00,09:03,09:06,09:22,09:25,09:28,,,,09:19,,09:10
W.E.F. 19.02.2026,,,,,,,,,,,,,
STATIONS,,,,,,,,,,,,,
UP TRAINS,,,,,,,,,,,,,
VIRAR,,,,07:55,07:59,,,,,,,,
Nalla Sopara,,,,08:01,08:05,,,,,,,,
VASAI ROAD,,,,08:06,08:10,,,,,,,08:14,
Naigaon,,,,08:11,08:15,,,,,,,08:21,
BHAYANDAR,,,,08:17,08:21,,,08:24,,,,08:27,
Mira Road,,,,08:22,08:26,,,08:30,,,,08:33,
Dahisar,,,,08:27,08:30,,,08:35,,,,08:37,
BORIVALI,,,08:30,,08:36,08:34,,08:40,08:38,08:40,,08:43,
Kandivali,,,08:35,,,08:40,,,08:43,08:46,,,
Malad,,,08:38,,,08:43,,,08:46,08:49,,,
Goregaon,08:36,,08:41,,,08:46,,,08:49,08:52,,,
Ram Mandir,08:39,,08:43,,,,,,08:51,,,,
Jogeshwari,08:42,,08:46,,,08:50,,,08:54,08:57,,,
ANDHERI,08:46,08:48,08:52,08:43,08:49,08:55,08:57,08:52,09:00,09:03,,08:59,
Vile Parle,08:50,08:52,08:57,,,,09:01,,09:04,,,,
Santa Cruz,08:53,08:55,09:00,,,,09:04,,09:07,,,,
Khar Road,08:56,08:58,09:03,,,,09:07,,09:10,,,,
BANDRA,09:01,09:04,09:08,08:52,08:58,09:05,09:11,09:02,09:14,09:13,09:16,09:08,
Mahim Jn.,09:04,09:07,09:11,,,,09:14,,09:17,,09:20,,
Matunga Road,09:07,09:10,09:14,,,,09:17,,09:20,,09:23,,
DADAR,09:10,09:13,09:18,08:58,09:04,09:11,09:21,09:08,09:24,09:19,09:27,09:14,
Prabhadevi,09:12,09:15,09:20,,,,09:23,,09:26,,09:29,,
Lower Parel,09:15,09:18,09:23,,,,09:26,,09:29,,09:32,,
Mahalakshmi,09:18,09:21,09:26,,,,09:29,,09:32,,09:35,,
M'BAI CENTRAL(L),09:21,09:24,09:29,09:05,09:11,09:18,09:32,09:15,09:35,09:26,09:38,09:21,
Grant Road,09:23,09:26,09:31,,09:13,09:20,09:34,09:17,09:37,09:28,09:40,09:23,
Charni Road,09:25,09:28,09:33,,09:15,09:22,09:36,09:19,09:39,09:30,09:42,09:25,
Marine Lines,09:28,09:31,09:36,,09:18,09:25,09:39,09:22,09:42,09:33,09:45,09:28,
CHURCHGATE,09:31,09:35,09:41,09:16,09:22,09:30,09:44,09:27,09:47,09:37,09:50,09:33,
W.E.F. 19.02.2026,,,,,,,,,,,,,
STATIONS,,,,,,,,,,,,,
UP TRAINS,,,,,,,,,,,,,
VIRAR,08:08,,,,08:14,08:18,,,08:23,08:24,,08:28,
Nalla Sopara,08:15,,,,08:20,08:25,,,08:29,08:30,,08:34,
VASAI ROAD,08:20,,,,08:25,08:31,,,08:34,08:35,,08:39,
Naigaon,08:25,,,,08:30,08:36,,,08:38,08:40,,08:43,
BHAYANDAR,08:31,,,,08:36,08:41,,,08:43,08:45,,08:48,08:51
Mira Road,08:36,,,,08:41,08:46,,,08:48,08:50,,08:53,08:56
Dahisar,08:40,,,,08:45,08:50,,,08:52,08:54,,08:57,09:00
BORIVALI,08:45,,08:47,,08:49,08:55,08:52,08:58,,08:59,09:01,09:02,09:05
Kandivali,08:49,,08:53,,08:56,,08:59,09:03,,,09:06,,09:09
Malad,08:52,,08:56,,08:59,,09:02,09:06,,,09:09,,09:12
Goregaon,08:55,08:55,08:59,08:56,09:02,,09:05,09:09,,,09:12,,09:15
Ram Mandir,08:57,08:58,09:01,,09:04,,09:07,09:11,,,09:14,,09:17
Jogeshwari,09:00,09:01,09:04,09:02,09:07,,09:10,09:14,,,09:17,,09:20
ANDHERI,09:06,09:06,09:09,,09:13,09:09,09:15,09:19,09:12,,09:22,09:15,09:25
Vile Parle,09:09,09:11,09:14,,,,09:19,09:24,,,09:27,,
Santa Cruz,09:12,09:14,09:18,,,,09:23,09:28,,,09:31,,
Khar Road,09:15,09:19,09:21,,,,09:26,09:31,,,09:34,,
BANDRA,09:19,09:24,09:27,09:16,,09:19,09:30,09:35,09:22,,09:38,09:25,
Mahim Jn.,09:23,09:27,09:30,,,,09:33,09:38,,,09:41,,
Matunga Road,09:26,09:30,09:33,,,,09:36,09:41,,,09:44,,
DADAR,09:30,09:34,09:37,09:22,,09:25,09:40,09:45,09:29,,09:48,09:31,
Prabhadevi,09:32,09:36,09:39,,,,09:42,09:47,,,09:50,,
Lower Parel,09:35,09:39,09:42,,,,09:45,09:50,,,09:53,,
Mahalakshmi,09:38,09:42,09:45,,,,09:48,09:53,,,09:56,,
M'BAI CENTRAL(L),09:41,09:45,09:48,09:29,,09:32,09:51,09:56,,,09:59,09:38,
Grant Road,09:43,09:47,09:50,09:31,,09:34,09:53,09:58,,,10:01,09:40,
Charni Road,09:45,09:49,09:52,09:33,,09:36,09:55,10:00,,,10:03,09:42,
Marine Lines,09:48,09:52,09:55,09:36,,09:39,09:58,10:03,,,10:06,09:45,
CHURCHGATE,09:53,09:56,09:59,09:40,,09:44,10:01,10:06,,,10:09,09:49,
W.E.F. 19.02.2026,,,,,,,,,,,,,
STATIONS,,,,,,,,,,,,,
UP TRAINS,,,,,,,,,,,,,
VIRAR,,,08:40,08:33,,,08:40,,,,08:44,,08:49
Nalla Sopara,,,,08:39,,,08:47,,,,08:51,,08:55
VASAI ROAD,,,08:48,08:44,08:47,,08:52,,,,08:56,,09:01
Naigaon,,,,08:48,08:53,,08:57,,,,09:02,,09:06
BHAYANDAR,,,08:55,08:54,08:59,,09:03,,09:06,,09:09,,09:13
Mira Road,,,,08:59,09:04,,09:08,,09:11,,09:14,,09:26
Dahisar,,,,09:03,09:08,,09:12,,09:15,,09:18,,09:23
BORIVALI,09:06,,09:05,09:09,09:13,09:15,09:17,,09:21,,09:24,09:22,09:28
Kandivali,09:12,,,09:15,,09:21,,,09:25,,,09:29,09:32
Malad,09:15,,,09:18,,09:24,,,09:28,,,09:32,09:35
Goregaon,09:18,09:18,,09:21,,09:27,,,09:31,09:34,,09:36,09:38
Ram Mandir,09:20,09:21,,09:23,,09:29,,,09:33,09:37,,,09:40
Jogeshwari,09:23,09:24,,09:26,,09:32,,,09:36,09:40,,09:40,09:43
ANDHERI,09:28,09:28,09:18,09:31,09:29,09:36,09:32,09:38,09:41,09:45,,09:45,09:47
Vile Parle,09:31,09:32,,09:35,,09:40,,09:43,09:46,09:49,,,09:51
Santa Cruz,09:34,09:35,,09:38,,09:43,,09:46,09:49,09:52,,,09:54
Khar Road,09:37,09:38,,09:41,,09:46,,09:49,09:52,09:55,,,09:57
BANDRA,09:41,09:44,09:28,09:47,09:40,09:50,09:43,09:53,09:56,09:59,,09:55,10:02
Mahim Jn.,09:44,09:47,,09:50,,09:53,,09:56,09:59,10:02,,,10:05
Matunga Road,09:47,09:50,,09:53,,09:56,,09:59,10:02,10:05,,,10:08
DADAR,09:51,09:54,09:34,09:57,09:45,10:00,09:48,10:03,10:06,10:09,,10:01,10:12
Prabhadevi,09:53,09:56,,09:59,,10:02,,10:05,10:08,10:11,,,10:14
Lower Parel,09:56,09:59,,10:02,,10:05,,10:08,10:11,10:14,,,10:17
Mahalakshmi,09:59,10:02,,10:05,,10:08,,10:11,10:14,10:17,,,10:20
M'BAI CENTRAL(L),10:02,10:05,09:41,10:08,09:52,10:11,09:55,10:14,10:17,10:20,,10:08,10:23
Grant Road,10:04,10:07,09:43,10:10,09:54,10:13,09:57,10:16,10:19,10:22,,10:10,10:25
Charni Road,10:06,10:09,09:45,10:12,09:56,10:15,09:59,10:18,10:21,10:24,,10:12,10:27
Marine Lines,10:09,10:12,09:48,10:15,09:59,10:18,10:02,10:21,10:24,10:27,,10:15,10:30
CHURCHGATE,10:13,10:16,09:56,10:20,10:03,10:23,10:08,10:27,10:30,10:33,,10:19,10:36
W.E.F. 19.02.2026,,,,,,,,,,,,,
STATIONS,,,,,,,,,,,,,
UP TRAINS,,,,,,,,,,,,,
VIRAR,,,,,08:53,,,09:00,,09:04,,09:05,09:09
Nalla Sopara,,,,,09:00,,,09:06,,09:10,,09:12,09:15
VASAI ROAD,,,,,09:05,09:08,,09:12,,09:15,,09:17,09:20
Naigaon,,,,,09:09,09:14,,09:18,,09:20,,09:21,09:25
BHAYANDAR,,,,,09:15,09:20,,09:24,,09:26,,09:27,09:31
Mira Road,,,,,09:20,09:25,,09:29,,09:31,,09:32,09:36
Dahisar,,,,,09:25,09:29,,09:33,,09:35,,09:36,09:40
BORIVALI,,,,09:28,09:31,09:33,09:35,,09:38,09:41,09:41,09:41,09:45
Kandivali,,,,09:35,,09:38,09:41,,09:44,,09:47,,
Malad,,,,09:38,,09:42,09:44,,09:47,,09:50,,
Goregaon,09:30,,09:40,09:42,,09:45,09:48,,09:50,,09:53,,
Ram Mandir,,,09:44,09:44,,09:47,,,09:52,,09:55,,
Jogeshwari,09:35,,09:47,09:47,,09:50,09:53,,09:55,,09:58,,
ANDHERI,,09:50,09:52,09:53,09:48,09:56,09:57,09:52,10:00,,10:03,09:56,09:58
Vile Parle,,09:55,09:57,09:58,,,,,10:05,,10:08,,
Santa Cruz,,09:58,10:00,10:01,,,,,10:08,,10:11,,
Khar Road,,10:01,10:03,10:05,,,,,10:11,,10:14,,
BANDRA,09:50,10:06,10:09,10:12,09:58,,10:06,10:02,10:15,,10:18,,10:09
Mahim Jn.,,10:09,10:12,10:15,,,,,10:18,,10:21,,
Matunga Road,,10:12,10:15,10:18,,,,,10:21,,10:24,,
DADAR,09:56,10:16,10:19,10:22,10:04,,10:12,10:10,10:25,,10:28,,10:15
Prabhadevi,,10:18,10:21,10:24,,,,,10:27,,10:30,,
Lower Parel,,10:21,10:24,10:27,,,,,10:30,,10:33,,
Mahalakshmi,,10:24,10:27,10:30,,,,,10:33,,10:36,,
M'BAI CENTRAL(L),10:03,10:27,10:30,10:33,10:11,,10:19,,10:36,,10:39,,10:22
Grant Road,10:05,10:29,10:32,10:35,10:13,,10:21,,10:38,,10:41,,10:24
Charni Road,10:07,10:31,10:34,10:37,10:15,,10:23,,10:40,,10:43,,10:26
Marine Lines,10:10,10:34,10:37,10:40,10:18,,10:26,,10:43,,10:46,,10:29
CHURCHGATE,10:14,10:39,10:42,10:45,10:23,,10:29,,10:48,,10:51,,10:32
W.E.F. 19.02.2026,,,,,,,,,,,,,
STATIONS,,,,,,,,,,,,,
UP TRAINS,,,,,,,,,,,,,
VIRAR,,,,,,,09:15,09:19,,09:23,,,09:24
Nalla Sopara,,,,,,,09:22,09:25,,09:29,,,09:31
VASAI ROAD,,,,,,,09:27,09:30,,09:35,,,09:36
Naigaon,,,,,,,09:33,09:34,,09:39,,,09:40
BHAYANDAR,,,,09:35,,,09:39,09:40,,09:45,,,09:46
Mira Road,,,,09:41,,,09:45,09:45,,09:50,,,09:51
Dahisar,,,,09:45,,,09:50,09:49,,09:55,,,09:56
BORIVALI,,,09:48,09:50,09:50,,09:55,09:55,09:55,10:00,10:00,,10:04
Kandivali,,,09:53,,09:56,,,,10:01,,10:05,,
Malad,,,09:56,,09:59,,,,10:04,,10:08,,
Goregaon,09:53,09:57,09:59,,10:02,,,,10:07,,10:11,10:11,
Ram Mandir,,10:00,,,10:04,,,,10:09,,10:13,10:15,
Jogeshwari,09:58,10:03,10:04,,10:07,,,,10:12,,10:16,10:17,
ANDHERI,,10:07,10:09,10:05,10:12,10:14,10:12,,10:17,10:15,10:21,10:22,
Vile Parle,,10:12,,,10:15,10:18,,,10:21,,10:24,10:26,
Santa Cruz,,10:15,,,10:18,10:21,,,10:24,,10:27,10:29,
Khar Road,,10:18,,,10:21,10:24,,,10:27,,10:30,10:32,
BANDRA,10:13,10:22,10:19,10:16,10:25,10:28,10:22,,10:31,10:25,10:34,10:37,
Mahim Jn.,,10:25,,,10:28,10:31,,,10:34,,10:38,10:41,
Matunga Road,,10:28,,,10:31,10:34,,,10:37,,10:41,10:44,
DADAR,10:19,10:32,10:25,10:24,10:35,10:38,10:28,,10:41,10:31,10:45,10:48,
Prabhadevi,,10:34,,,10:37,10:40,,,10:43,,10:47,10:50,
Lower Parel,,10:37,,,10:40,10:43,,,10:46,,10:50,10:53,
Mahalakshmi,,10:40,,,10:43,10:46,,,10:49,,10:53,10:56,
M'BAI CENTRAL(L),10:26,10:43,10:32,,10:46,10:49,10:35,,10:52,10:38,10:56,10:59,
Grant Road,10:28,10:45,10:34,,10:48,10:51,10:37,,10:54,10:40,10:58,11:01,
Charni Road,10:30,10:47,10:36,,10:50,10:53,10:39,,10:56,10:42,11:00,11:03,
Marine Lines,10:33,10:50,10:39,,10:53,10:56,10:42,,10:59,10:45,11:03,11:06,
CHURCHGATE,10:36,10:54,10:42,,10:57,11:00,10:46,,11:03,10:50,11:06,11:09,
W.E.F. 19.02.2026,,,,,,,,,,,,,
STATIONS,,,,,,,,,,,,,
UP TRAINS,,,,,,,,,,,,,
VIRAR,,,09:30,,,09:37,09:41,,,09:43,,,
Nalla Sopara,,,09:36,,,09:43,09:47,,,09:49,,,
VASAI ROAD,,,09:41,,,09:49,09:52,,,09:54,,,
Naigaon,,,09:46,,,09:54,09:57,,,09:59,,,
BHAYANDAR,,09:49,09:53,,,10:00,10:03,,,10:05,,,
Mira Road,,09:56,09:59,,,10:05,10:07,,,10:10,,,
Dahisar,,10:00,10:04,,,10:09,10:11,,,10:14,,,
BORIVALI,10:04,10:05,10:10,,10:06,10:14,10:16,,10:12,10:18,10:16,,10:19
Kandivali,10:10,,,,10:13,,,,10:18,,10:21,,10:25
Malad,10:13,,,,10:16,,,,10:21,,10:24,,10:28
Goregaon,10:16,,,10:18,10:19,,,,10:24,,10:27,10:29,10:31
Ram Mandir,10:18,,,10:21,,,,,10:26,,,10:32,10:33
Jogeshwari,10:21,,,10:24,10:24,,,,10:29,,10:32,10:35,10:36
ANDHERI,10:26,10:18,10:25,10:27,10:28,10:29,,10:31,10:34,10:31,10:37,10:39,10:40
Vile Parle,10:29,,,10:33,,,,10:36,10:38,,,10:42,10:44
Santa Cruz,10:32,,,10:36,,,,10:39,10:41,,,10:45,10:47
Khar Road,10:35,,,10:39,,,,10:42,10:44,,,10:48,10:50
BANDRA,10:40,10:28,10:35,10:44,10:38,,,10:47,10:49,10:41,10:47,10:52,10:55
Mahim Jn.,10:44,,,10:47,,,,10:50,10:52,,,10:55,10:58
Matunga Road,10:47,,,10:50,,,,10:53,10:55,,,10:58,11:01
DADAR,10:51,10:34,10:40,10:54,10:44,,,10:57,10:59,10:47,10:53,11:02,11:05
Prabhadevi,10:53,,,10:56,,,,10:59,11:01,,,11:04,11:07
Lower Parel,10:56,,,10:59,,,,11:02,11:04,,,11:07,11:10
Mahalakshmi,10:59,,,11:02,,,,11:05,11:07,,,11:10,11:13
M'BAI CENTRAL(L),11:02,10:41,10:47,11:05,10:51,,,11:08,11:10,10:54,11:00,11:13,11:16
Grant Road,11:04,10:43,10:49,11:07,10:53,,,11:10,11:12,10:56,11:02,11:15,11:18
Charni Road,11:06,10:45,10:51,11:09,10:55,,,11:12,11:14,10:58,11:04,11:17,11:20
Marine Lines,11:09,10:48,10:54,11:12,10:58,,,11:15,11:17,11:01,11:07,11:20,11:23
CHURCHGATE,11:12,10:53,10:57,11:15,11:03,,,11:18,11:21,11:06,11:12,11:24,11:27
W.E.F. 19.02.2026,,,,,,,,,,,,,
STATIONS,,,,,,,,,,,,,
UP TRAINS,,,,,,,,,,,,,
VIRAR,09:47,09:49,,,09:52,,,,09:56,,,10:08,10:04
Nalla Sopara,09:53,,,,09:58,,,,10:02,,,10:14,10:10
VASAI ROAD,09:58,09:59,,,10:03,,10:02,,10:07,,,10:19,10:15
Naigaon,10:03,,,,10:09,,10:08,,10:12,,,10:23,10:19
BHAYANDAR,10:08,10:08,,10:11,10:15,,10:14,,10:18,,10:20,10:29,10:25
Mira Road,10:13,,,10:17,10:20,,10:20,,10:23,,10:27,10:34,10:30
Dahisar,10:17,,,10:21,10:24,,10:24,,10:27,,10:31,10:38,10:34
BORIVALI,10:22,10:21,10:22,10:26,10:29,,10:28,10:31,10:33,10:36,10:36,10:43,10:39
Kandivali,,,10:28,,,,10:32,10:36,,10:40,,,10:43
Malad,,,10:31,,,,10:35,10:39,,10:43,,,10:46
Goregaon,,,10:34,,,,10:38,10:42,,10:46,,,10:49
Ram Mandir,,,,,,,10:40,10:44,,,,,10:51
Jogeshwari,,,10:39,,,,10:43,10:47,,10:51,,,10:54
ANDHERI,10:35,,10:43,10:40,10:44,10:45,10:48,10:51,10:47,10:56,10:50,10:54,11:00
Vile Parle,,,,,,10:49,10:53,10:56,,,,,
Santa Cruz,,,,,,10:52,10:56,10:59,,,,,
Khar Road,,,,,,10:55,10:59,11:02,,,,,
BANDRA,10:44,,10:53,10:50,,10:59,11:03,11:06,10:57,11:06,11:00,11:03,
Mahim Jn.,,,,,,11:03,11:06,11:09,,,,,
Matunga Road,,,,,,11:06,11:09,11:12,,,,,
DADAR,10:50,,10:58,10:55,,11:09,11:13,11:16,11:02,11:12,11:06,11:09,
Prabhadevi,,,,,,11:11,11:15,11:18,,,,,
Lower Parel,,,,,,11:14,11:18,11:21,,,,,
Mahalakshmi,,,,,,11:17,11:21,11:24,,,,,
M'BAI CENTRAL(L),10:57,,11:05,11:02,,11:20,11:24,11:26,11:09,11:19,11:13,11:16,
Grant Road,10:59,,11:07,11:04,,11:22,11:26,11:29,11:11,11:21,,11:18,
Charni Road,11:01,,11:09,11:06,,11:24,11:28,11:31,11:13,11:23,,11:20,
Marine Lines,11:04,,11:12,11:09,,11:27,11:31,11:34,11:16,11:26,,11:23,
CHURCHGATE,11:09,,11:18,11:15,,11:30,11:36,11:40,11:21,11:30,11:24,11:27,
W.E.F. 19.02.2026,,,,,,,,,,,,,
STATIONS,,,,,,,,,,,,,
UP TRAINS,,,,,,,,,,,,,
VIRAR,,10:12,,,,10:16,,,10:20,,,10:29,
Nalla Sopara,,10:18,,,,10:22,,,10:26,,,10:35,
VASAI ROAD,,10:23,,,,10:27,,,10:31,,,10:40,
Naigaon,,10:27,,,,10:32,,,10:36,,,10:45,
BHAYANDAR,,10:33,,,,10:38,,,10:42,,,10:51,
Mira Road,,10:38,,,,10:43,,,10:47,,,10:56,
Dahisar,,10:42,,,,10:47,,,10:51,,,11:01,
BORIVALI,10:40,10:47,,10:47,10:50,10:53,,10:53,10:55,10:57,,"11:01
11:07",
Kandivali,10:46,,,10:51,10:55,,,10:58,,11:02,,"11:07
11:13",
Malad,10:49,,,10:54,10:58,,,11:01,,11:05,,"11:10
11:16",
Goregaon,10:53,,10:53,10:58,11:02,,11:02,11:05,,11:09,,"11:13
11:20",
Ram Mandir,10:55,,10:57,11:00,,,11:06,11:07,,11:11,,"11:15
11:22",
Jogeshwari,10:58,,11:00,11:03,11:07,,11:09,11:10,,11:14,,"11:18
11:25",
ANDHERI,11:03,11:00,11:03,11:08,11:12,,11:12,11:15,11:09,11:18,11:21,"11:24
11:30",
Vile Parle,11:06,,11:08,11:11,,,11:16,11:18,,11:21,11:25,"11:28
11:33",
Santa Cruz,11:09,,11:11,11:14,,,11:19,11:21,,11:24,11:28,"11:31
11:36",
Khar Road,11:12,,11:14,11:17,,,11:22,11:24,,11:27,11:31,"11:34
11:39",
BANDRA,11:16,11:10,11:18,11:21,11:22,,11:26,11:28,11:18,11:31,11:34,"11:37
11:45",
Mahim Jn.,11:19,,11:21,11:24,,,11:29,11:31,,11:34,11:37,11:40,
Matunga Road,11:22,,11:24,11:27,,,11:32,11:34,,11:37,11:40,11:43,
DADAR,11:25,11:16,11:28,11:31,11:28,,11:36,11:38,11:24,11:41,11:44,11:47,
Prabhadevi,11:27,,11:30,11:33,,,11:38,11:40,,11:43,11:46,11:49,
Lower Parel,11:30,,11:33,11:36,,,11:41,11:43,,11:46,11:49,11:52,
Mahalakshmi,11:33,,11:36,11:39,,,11:44,11:46,,11:49,11:52,11:55,
M'BAI CENTRAL(L),11:36,11:23,11:39,11:42,11:37,,11:47,11:49,11:33,11:52,11:55,11:58,
Grant Road,11:38,11:25,11:41,11:44,11:39,,11:49,11:51,11:35,11:54,11:57,12:00,
Charni Road,11:40,11:27,11:43,11:46,11:41,,11:51,11:53,11:37,11:56,11:59,12:02,
Marine Lines,11:43,11:30,11:46,11:49,11:44,,11:54,11:56,11:40,11:59,12:02,12:05,
CHURCHGATE,11:46,11:35,11:49,11:52,11:47,,11:57,12:00,11:44,12:03,12:07,12:10,
W.E.F. 19.02.2026,,,,,,,,,,,,,
STATIONS,,,,,,,,,,,,,
UP TRAINS,,,,,,,,,,,,,
VIRAR,,,10:33,,10:39,10:44,,,10:55,,,,
Nalla Sopara,,,10:39,,10:45,,,,,,,,
VASAI ROAD,,,10:44,,10:50,10:53,,,,,,,10:58
Naigaon,,,10:49,,10:54,,,,,,,,11:04
BHAYANDAR,,,10:54,,11:00,11:01,11:04,,,,,,11:10
Mira Road,,,10:59,,11:05,,11:10,,,,,,11:15
Dahisar,,,11:03,,11:09,11:07,11:14,,,,,,11:20
BORIVALI,,11:04,11:08,11:13,11:15,,11:19,,,11:20,11:23,11:23,11:26
Kandivali,,11:10,,11:18,,,,,,11:25,,11:29,11:32
Malad,,11:13,,11:21,,,,,,11:28,,11:32,11:35
Goregaon,11:16,11:17,,11:24,,,,,,11:31,,11:35,11:38
Ram Mandir,11:19,,,11:26,,,,,,11:33,,11:37,11:40
Jogeshwari,11:21,11:22,,11:29,,,,,,11:36,,11:40,11:43
ANDHERI,11:26,11:27,11:20,11:34,11:32,11:23,11:35,11:37,,11:41,11:38,11:46,11:49
Vile Parle,11:30,,,11:37,,,,11:42,,11:45,,11:50,
Santa Cruz,11:33,,,11:40,,,,11:45,,11:48,,11:53,
Khar Road,11:36,,,11:43,,,,11:48,,11:51,,11:56,
BANDRA,11:41,11:37,11:29,11:48,11:42,,11:44,11:52,,11:55,11:47,12:01,
Mahim Jn.,11:44,,,11:51,,,,11:55,,11:58,,12:04,
Matunga Road,11:47,,,11:54,,,,11:58,,12:01,,12:07,
DADAR,11:51,11:43,11:35,11:58,11:48,11:41,11:50,12:02,,12:05,11:53,12:11,
Prabhadevi,11:53,,,12:00,,,,12:04,,12:07,,12:13,
Lower Parel,11:56,,,12:03,,,,12:07,,12:10,,12:16,
Mahalakshmi,11:59,,,12:06,,,,12:10,,12:13,,12:19,
M'BAI CENTRAL(L),12:02,11:50,11:43,12:09,11:55,,11:57,12:13,,12:16,12:00,12:22,
Grant Road,12:04,11:52,11:45,12:11,,,11:59,12:15,,12:18,12:02,12:24,
Charni Road,12:06,11:54,11:47,12:13,,,12:01,12:17,,12:20,12:04,12:26,
Marine Lines,12:09,11:57,11:50,12:16,,,12:04,12:20,,12:23,12:07,12:29,
CHURCHGATE,12:14,12:01,11:55,12:19,12:05,,12:09,12:23,,12:26,12:12,12:33,
W.E.F. 19.02.2026,,,,,,,,,,,,,
STATIONS,,,,,,,,,,,,,
UP TRAINS,,,,,,,,,,,,,
VIRAR,10:52,,10:56,,11:00,,,11:06,11:10,,,11:15,
Nalla Sopara,10:58,,11:02,,11:06,,,11:12,11:17,,,11:21,
VASAI ROAD,11:04,,11:07,,11:11,,,11:17,11:22,,,11:26,
Naigaon,11:08,,11:11,,11:16,,,11:22,11:26,,,11:30,
BHAYANDAR,11:14,,11:17,,11:22,,,11:28,11:32,,,11:36,
Mira Road,11:20,,11:23,,11:27,,,11:33,11:37,,,11:41,
Dahisar,11:24,,11:27,,11:32,,,11:37,11:41,,,11:45,
BORIVALI,11:30,11:29,11:33,11:35,,11:40,,11:42,11:46,11:47,11:50,11:50,
Kandivali,,11:35,,11:40,,11:45,,,,11:52,,11:55,
Malad,,11:38,,11:43,,11:48,,,,11:55,,11:58,
Goregaon,,11:41,,11:46,,11:51,11:50,,,11:58,,12:01,12:02
Ram Mandir,,11:43,,11:48,,11:53,11:54,,,12:00,,12:03,12:05
Jogeshwari,,11:46,,11:51,,11:56,11:57,,,12:03,,12:06,12:08
ANDHERI,11:45,11:51,,11:56,11:54,12:01,12:02,11:57,12:00,12:08,12:04,12:12,12:12
Vile Parle,,11:54,,11:59,,12:04,12:06,,,12:12,,,12:16
Santa Cruz,,11:57,,12:02,,12:07,12:09,,,12:15,,,12:19
Khar Road,,12:00,,12:05,,12:10,12:12,,,12:18,,,12:22
BANDRA,11:54,12:04,,12:09,12:03,12:14,12:17,12:06,12:09,12:22,12:12,,12:26
Mahim Jn.,,12:07,,12:12,,12:17,12:20,,,12:25,,,12:29
Matunga Road,,12:10,,12:15,,12:20,12:23,,,12:28,,,12:32
DADAR,12:00,12:14,,12:19,12:09,12:24,12:27,12:12,12:15,12:32,12:18,,12:36
Prabhadevi,,12:16,,12:21,,12:26,12:29,,,12:34,,,12:38
Lower Parel,,12:19,,12:24,,12:29,12:32,,,12:37,,,12:41
Mahalakshmi,,12:22,,12:27,,12:32,12:35,,,12:40,,,12:44
M'BAI CENTRAL(L),12:07,12:25,,12:30,12:16,12:35,12:38,12:19,12:22,12:43,12:25,,12:47
Grant Road,12:09,12:27,,12:32,12:18,12:37,12:40,12:21,,12:45,12:27,,12:49
Charni Road,12:11,12:29,,12:34,12:20,12:39,12:42,12:23,,12:47,12:29,,12:51
Marine Lines,12:14,12:32,,12:37,12:23,12:42,12:45,12:26,,12:50,12:32,,12:54
CHURCHGATE,12:19,12:36,,12:40,12:27,12:45,12:51,12:30,12:34,12:54,12:37,,12:58
W.E.F. 19.02.2026,,,,,,,,,,,,,
STATIONS,,,,,,,,,,,,,
UP TRAINS,,,,,,,,,,,,,
VIRAR,,11:19,11:22,,11:29,11:30,,11:35,,,11:38,,
Nalla Sopara,,11:25,11:28,,11:35,,,,,,11:44,,
VASAI ROAD,,11:30,11:33,,11:40,,,11:44,,,11:49,,
Naigaon,,11:34,11:38,,11:44,,,,,,11:54,,
BHAYANDAR,,11:40,11:44,,11:50,,,11:52,11:54,,11:59,,
Mira Road,,11:45,11:49,,11:55,,,,12:00,,12:04,,
Dahisar,,11:50,11:53,,11:59,,,,12:04,,12:08,,
BORIVALI,11:52,11:56,11:58,11:59,12:03,,12:07,12:02,12:09,12:11,12:13,12:14,12:17
Kandivali,11:59,12:02,,12:05,12:09,,12:13,,,12:16,,12:19,
Malad,12:02,12:05,,12:08,12:12,,12:16,,,12:19,,12:22,
Goregaon,12:05,12:08,,12:11,12:15,,12:19,,,12:22,,12:25,
Ram Mandir,12:07,12:10,,12:13,12:17,,12:21,,,12:24,,12:27,
Jogeshwari,12:10,12:13,,12:16,12:20,,12:24,,,12:27,,12:30,
ANDHERI,12:15,12:18,12:12,12:21,12:26,,12:29,12:17,12:23,12:32,12:26,12:35,12:31
Vile Parle,12:19,12:22,,12:25,,,12:32,,,12:35,,12:38,
Santa Cruz,12:22,12:25,,12:28,,,12:35,,,12:38,,12:41,
Khar Road,12:25,12:28,,12:31,,,12:38,,,12:41,,12:44,
BANDRA,12:30,12:33,12:22,12:36,,,12:42,12:27,12:32,12:45,12:34,12:48,12:40
Mahim Jn.,12:33,,,12:39,,,12:45,,,12:48,,12:51,
Matunga Road,12:36,,,12:42,,,12:48,,,12:51,,12:54,
DADAR,12:40,,12:28,12:46,,,12:52,12:33,12:37,12:55,12:40,12:58,12:46
Prabhadevi,12:42,,,12:48,,,12:54,,,12:57,,13:00,
Lower Parel,12:45,,,12:51,,,12:57,,,13:00,,13:03,
Mahalakshmi,12:48,,,12:54,,,13:00,,,13:03,,13:06,
M'BAI CENTRAL(L),12:51,,12:35,12:57,,,13:03,12:40,12:44,13:06,12:48,13:09,12:53
Grant Road,12:53,,12:37,12:59,,,13:05,12:42,12:46,13:08,,13:11,12:55
Charni Road,12:55,,12:39,13:01,,,13:07,12:44,12:48,13:10,,13:13,12:57
Marine Lines,12:58,,12:42,13:04,,,13:10,12:47,12:51,13:13,,13:16,13:00
CHURCHGATE,13:02,,12:48,13:08,,,13:13,12:52,12:57,13:16,13:00,13:19,13:05
W.E.F. 19.02.2026,,,,,,,,,,,,,
STATIONS,,,,,,,,,,,,,
UP TRAINS,,,,,,,,,,,,,
VIRAR,11:42,,11:46,11:45,11:50,,,,,,12:00,,12:05
Nalla Sopara,11:48,,11:53,,11:56,,,,,,12:07,,12:11
VASAI ROAD,11:53,,11:58,,12:01,,,,,,12:13,,12:16
Naigaon,11:58,,12:02,,12:06,,,,,,12:18,,12:20
BHAYANDAR,12:03,,12:08,,12:11,12:14,,,,12:20,12:24,,12:27
Mira Road,12:08,,12:13,,12:16,12:20,,,,12:26,12:29,,12:32
Dahisar,12:12,,12:17,,12:20,12:25,,,,12:31,12:34,,12:36
BORIVALI,12:18,12:19,12:23,,12:26,12:32,,12:29,12:37,12:36,12:40,,12:41
Kandivali,,12:24,12:29,,,12:38,,12:35,12:42,,,,12:45
Malad,,12:27,12:32,,,12:41,,12:38,12:45,,,,12:48
Goregaon,,12:30,12:35,,,12:44,12:30,12:41,12:48,,,12:50,12:51
Ram Mandir,,12:32,12:37,,,12:46,12:33,12:43,12:50,,,12:53,12:53
Jogeshwari,,12:35,12:40,,,12:49,12:36,12:46,12:53,,,12:56,12:56
ANDHERI,,12:39,12:46,,12:40,12:54,12:40,12:50,12:57,12:50,12:54,13:00,13:03
Vile Parle,,12:42,,,,12:57,12:44,12:53,13:00,,,13:03,
Santa Cruz,,12:45,,,,13:00,12:47,12:56,13:03,,,13:06,
Khar Road,,12:48,,,,13:03,12:50,12:59,13:06,,,13:09,
BANDRA,,12:53,,,12:49,13:07,12:56,13:03,13:10,12:59,13:03,13:13,
Mahim Jn.,,12:56,,,,13:10,12:59,13:06,13:13,,,13:16,
Matunga Road,,12:59,,,,13:13,13:02,13:09,13:16,,,13:19,
DADAR,,13:02,,,12:55,13:16,13:06,13:13,13:20,13:06,13:09,13:23,
Prabhadevi,,13:04,,,,13:18,13:08,13:15,13:22,,,13:25,
Lower Parel,,13:07,,,,13:21,13:11,13:18,13:25,,,13:28,
Mahalakshmi,,13:10,,,,13:24,13:14,13:21,13:28,,,13:31,
M'BAI CENTRAL(L),,13:13,,,13:03,13:27,13:17,13:24,13:31,,13:16,13:34,
Grant Road,,13:15,,,13:05,13:29,13:19,13:26,13:33,,13:18,13:36,
Charni Road,,13:17,,,13:07,13:31,13:21,13:28,13:35,,13:20,13:38,
Marine Lines,,13:20,,,13:10,13:34,13:24,13:31,13:38,,13:23,13:41,
CHURCHGATE,,13:24,,,13:15,13:38,13:28,13:34,13:41,,13:28,13:45,
W.E.F. 19.02.2026,,,,,,,,,,,,,
STATIONS,,,,,,,,,,,,,
UP TRAINS,,,,,,,,,,,,,
VIRAR,12:09,,12:10,12:13,,,12:20,,,12:26,,12:30,12:53
Nalla Sopara,12:15,,12:15,12:19,,,12:26,,,12:32,,12:36,
VASAI ROAD,12:20,,12:20,12:24,,,12:31,,,12:37,,12:41,
Naigaon,12:24,,12:25,12:29,,,12:36,,,12:42,,12:47,
BHAYANDAR,12:30,,12:31,12:34,,,12:41,,12:44,12:48,,12:53,
Mira Road,12:35,,12:36,12:39,,,12:46,,12:50,12:53,,12:58,
Dahisar,12:39,,12:40,12:43,,,12:50,,12:54,12:57,,13:02,
BORIVALI,12:45,12:45,12:44,12:48,12:52,12:55,12:54,13:01,12:58,13:02,13:05,13:06,
Kandivali,,12:50,,,12:56,12:59,,13:06,,,13:11,,
Malad,,12:53,,,12:59,13:02,,13:09,,,13:14,,
Goregaon,,12:56,,,13:02,13:05,,13:12,,,13:17,,
Ram Mandir,,12:58,,,13:04,13:07,,13:14,,,13:19,,
Jogeshwari,,13:01,,,13:07,13:10,,13:17,,,13:22,,
ANDHERI,,13:05,12:57,13:01,13:11,13:14,13:08,13:21,13:13,13:17,13:26,13:20,
Vile Parle,,13:08,,,13:14,13:17,,13:24,,,13:29,,
Santa Cruz,,13:11,,,13:17,13:20,,13:27,,,13:32,,
Khar Road,,13:14,,,13:20,13:23,,13:30,,,13:35,,
BANDRA,,13:18,13:06,13:11,13:24,13:27,13:18,13:34,13:22,13:26,13:39,13:29,
Mahim Jn.,,13:21,,,13:27,13:30,,13:37,,,13:42,,
Matunga Road,,13:24,,,13:30,13:33,,13:40,,,13:45,,
DADAR,,13:28,13:16,13:18,13:34,13:37,13:23,13:44,13:28,13:32,13:49,13:36,
Prabhadevi,,13:30,,,13:36,13:39,,13:46,,,13:51,,
Lower Parel,,13:33,,,13:39,13:42,,13:49,,,13:54,,
Mahalakshmi,,13:36,,,13:42,13:45,,13:52,,,13:57,,
M'BAI CENTRAL(L),,13:39,,13:25,13:45,13:48,13:30,13:55,13:35,13:39,14:00,,
Grant Road,,13:41,,13:27,13:47,13:50,13:32,13:57,13:37,13:41,14:02,,
Charni Road,,13:43,,13:29,13:49,13:52,13:34,13:59,13:39,13:43,14:04,,
Marine Lines,,13:46,,13:32,13:52,13:55,13:37,14:02,13:42,13:46,14:07,,
CHURCHGATE,,13:51,,13:36,13:55,14:01,13:41,14:05,13:48,13:51,14:10,,
W.E.F. 19.02.2026,,,,,,,,,,,,,
STATIONS,,,,,,,,,,,,,
UP TRAINS,,,,,,,,,,,,,
VIRAR,,,12:38,,,12:45,,12:45,,,,,12:55
Nalla Sopara,,,12:44,,,12:51,,,,,,,13:01
VASAI ROAD,,,12:49,,,12:56,,12:54,,,,,13:06
Naigaon,,,12:54,,,13:01,,,,,,,13:11
BHAYANDAR,,,13:00,,,13:07,13:09,13:02,,,,,13:17
Mira Road,,,13:06,,,13:12,13:16,,,,,,13:23
Dahisar,,,13:10,,,13:16,13:20,,,,,,13:27
BORIVALI,,13:10,13:15,13:13,13:18,13:21,13:24,13:10,13:22,13:29,13:32,13:35,13:34
Kandivali,,13:16,,13:20,13:24,13:27,,,13:30,13:34,13:37,13:40,
Malad,,13:19,,13:23,13:27,13:30,,,13:33,13:37,13:40,13:43,
Goregaon,13:19,13:22,,13:26,13:30,13:33,,,13:36,13:40,13:43,13:47,
Ram Mandir,13:22,13:24,,13:28,13:32,13:35,,,13:38,13:42,,13:49,
Jogeshwari,13:25,13:27,,13:31,13:35,13:38,,,13:41,13:45,13:48,13:52,
ANDHERI,13:29,13:32,13:28,13:36,13:40,13:43,13:38,13:24,13:46,13:50,13:53,13:56,13:46
Vile Parle,13:33,13:36,,13:40,13:43,13:46,,,13:50,13:54,,13:59,
Santa Cruz,13:36,13:39,,13:43,13:46,13:49,,,13:53,13:57,,14:02,
Khar Road,13:39,13:42,,13:46,13:49,13:52,,,13:56,14:00,,14:05,
BANDRA,13:43,13:46,13:37,13:50,13:53,13:56,13:47,13:33,14:01,14:05,14:03,14:09,13:56
Mahim Jn.,13:46,13:49,,13:53,13:56,13:59,,,14:04,14:08,,14:12,
Matunga Road,13:49,13:52,,13:56,13:59,14:02,,,14:07,14:11,,14:15,
DADAR,13:53,13:56,13:43,14:00,14:03,14:06,13:55,13:39,14:11,14:15,14:09,14:19,14:02
Prabhadevi,13:55,13:58,,14:02,14:05,14:08,,,14:13,14:17,,14:21,
Lower Parel,13:58,14:01,,14:05,14:08,14:11,,,14:16,14:20,,14:24,
Mahalakshmi,14:01,14:04,,14:08,14:11,14:14,,,14:19,14:23,,14:27,
M'BAI CENTRAL(L),14:04,14:07,13:51,14:11,14:14,14:17,,13:46,14:22,14:26,14:16,14:30,14:09
Grant Road,14:06,14:09,13:53,14:13,14:16,14:19,,13:48,14:24,14:28,14:18,14:32,14:11
Charni Road,14:08,14:11,13:55,14:15,14:18,14:21,,13:50,14:26,14:30,14:20,14:34,14:13
Marine Lines,14:11,14:14,13:58,14:18,14:21,14:24,,13:53,14:29,14:33,14:23,14:37,14:16
CHURCHGATE,14:14,14:17,14:05,14:21,14:24,14:27,,14:00,14:32,14:38,14:30,14:41,14:20
W.E.F. 19.02.2026,,,,,,,,,,,,,
STATIONS,,,,,,,,,,,,,
UP TRAINS,,,,,,,,,,,,,
VIRAR,,13:02,,,13:06,,,13:11,13:14,13:18,,,13:25
Nalla Sopara,,13:08,,,13:12,,,13:18,,13:24,,,13:31
VASAI ROAD,13:09,13:13,,,13:17,,,13:23,13:23,13:29,,,13:36
Naigaon,13:15,13:18,,,13:21,,,13:28,,13:34,,,13:40
BHAYANDAR,13:21,13:23,,,13:26,13:30,,13:34,13:30,13:40,,,13:46
Mira Road,13:27,13:28,,,13:31,13:36,,13:40,,13:45,,,13:51
Dahisar,13:31,13:32,,,13:36,13:40,,13:44,13:38,13:49,,,13:55
BORIVALI,13:37,13:37,,13:40,13:42,13:45,13:46,13:49,,13:54,13:51,13:55,14:01
Kandivali,,13:42,,13:46,,,13:52,,,,13:56,14:00,
Malad,,13:45,,13:49,,,13:55,,,,13:59,14:03,
Goregaon,,13:48,13:49,13:52,,,13:58,,,,14:02,14:06,
Ram Mandir,,13:50,13:52,13:54,,,14:00,,,,14:04,14:08,
Jogeshwari,,13:53,13:55,13:57,,,14:03,,,,14:07,14:11,
ANDHERI,13:49,14:00,13:59,14:02,13:55,13:59,14:07,14:05,13:53,14:10,14:12,14:15,14:14
Vile Parle,,,14:03,14:06,,,14:11,,,,14:15,14:18,
Santa Cruz,,,14:06,14:09,,,14:14,,,,14:18,14:21,
Khar Road,,,14:09,14:12,,,14:17,,,,14:21,14:24,
BANDRA,13:59,,14:13,14:16,14:05,14:09,14:21,14:14,,14:19,14:25,14:28,14:23
Mahim Jn.,,,14:16,14:19,,,14:24,,,,14:28,14:31,
Matunga Road,,,14:19,14:22,,,14:27,,,,14:31,14:34,
DADAR,14:05,,14:22,14:26,14:11,14:15,14:31,14:22,,14:25,14:35,14:38,14:29
Prabhadevi,,,14:24,14:28,,,14:33,,,,14:37,14:40,
Lower Parel,,,14:27,14:31,,,14:36,,,,14:40,14:43,
Mahalakshmi,,,14:30,14:34,,,14:39,,,,14:43,14:46,
M'BAI CENTRAL(L),14:12,,14:33,14:37,,14:22,14:42,,,14:32,14:46,14:49,14:36
Grant Road,14:14,,14:35,14:39,,14:24,14:44,,,14:34,14:48,14:51,14:38
Charni Road,14:16,,14:37,14:41,,14:26,14:46,,,14:36,14:50,14:53,14:40
Marine Lines,14:19,,14:40,14:44,,14:29,14:49,,,14:39,14:53,14:56,14:43
CHURCHGATE,14:23,,14:44,14:48,,14:33,14:53,,,14:44,14:57,15:00,14:47
W.E.F. 19.02.2026,,,,,,,,,,,,,
STATIONS,,,,,,,,,,,,,
UP TRAINS,,,,,,,,,,,,,
VIRAR,,,13:29,,13:34,,,13:34,,13:42,13:42,,
Nalla Sopara,,,13:36,,13:40,,,,,13:48,,,
VASAI ROAD,,,13:41,,13:45,,13:48,13:43,,13:53,,,
Naigaon,,,13:45,,13:49,,13:53,,,13:57,,,
BHAYANDAR,,,13:51,,13:55,,13:59,13:51,,14:03,,,14:07
Mira Road,,,13:56,,14:00,,14:04,,,14:08,,,14:12
Dahisar,,,14:00,,14:04,,14:08,,,14:12,,,14:16
BORIVALI,13:59,14:04,14:06,14:08,14:09,14:11,14:14,14:03,14:17,14:18,,,14:21
Kandivali,14:05,14:09,,14:13,,14:16,14:20,,14:22,,,,14:25
Malad,14:08,14:12,,14:16,,14:19,14:23,,14:25,,,,14:28
Goregaon,14:11,14:15,,14:19,,14:22,14:26,,14:28,,,14:28,14:31
Ram Mandir,14:13,14:17,,14:21,,14:24,14:28,,14:30,,,14:32,
Jogeshwari,14:15,14:20,,14:24,,14:27,14:31,,14:33,,,14:35,14:36
ANDHERI,14:19,14:24,14:21,14:28,14:23,14:31,14:35,14:18,14:38,14:32,,14:39,14:41
Vile Parle,14:22,14:27,,14:31,,14:34,14:38,,14:41,,,14:43,
Santa Cruz,14:25,14:30,,14:34,,14:37,14:41,,14:44,,,14:46,
Khar Road,14:28,14:33,,14:37,,14:40,14:44,,14:47,,,14:49,
BANDRA,14:32,14:37,,14:41,14:32,14:44,14:48,14:28,14:51,14:42,,14:54,14:51
Mahim Jn.,14:35,14:40,,14:44,,14:47,14:51,,14:54,,,14:57,
Matunga Road,14:38,14:43,,14:47,,14:50,14:54,,14:57,,,15:00,
DADAR,14:41,14:47,,14:51,14:37,14:54,14:58,14:34,15:01,14:48,,15:04,14:57
Prabhadevi,14:43,14:49,,14:53,,14:56,15:00,,15:03,,,,
Lower Parel,14:46,14:52,,14:56,,14:59,15:03,,15:06,,,15:09,
Mahalakshmi,14:49,14:55,,14:59,,15:02,15:06,,15:09,,,15:12,
M'BAI CENTRAL(L),14:52,14:58,,15:02,14:44,15:05,15:09,14:41,15:12,14:55,,15:15,15:04
Grant Road,14:54,15:00,,15:04,14:46,15:07,15:11,14:43,15:14,,,15:17,15:06
Charni Road,14:56,15:02,,15:06,14:48,15:09,15:13,14:45,15:16,,,15:19,15:08
Marine Lines,14:59,15:05,,15:09,14:51,15:12,15:16,14:48,15:19,,,15:22,15:11
CHURCHGATE,15:02,15:08,,15:13,14:56,15:16,15:19,14:53,15:23,15:05,,15:26,15:15
W.E.F. 19.02.2026,,,,,,,,,,,,,
STATIONS,,,,,,,,,,,,,
UP TRAINS,,,,,,,,,,,,,
VIRAR,,13:46,13:52,,13:57,,14:06,,14:05,,14:09,,
Nalla Sopara,,13:53,13:58,,,,14:12,,14:11,,14:15,,
VASAI ROAD,,13:58,14:03,,14:07,,14:17,,14:16,,14:20,,
Naigaon,,14:04,14:08,,,,14:21,,14:20,,14:24,,
BHAYANDAR,,14:10,14:14,,14:14,,14:26,,14:26,,14:30,,
Mira Road,,14:15,14:19,,,,14:30,,14:31,,14:35,,
Dahisar,,14:19,14:24,,,,14:34,,14:35,,14:39,,
BORIVALI,,14:24,14:30,14:27,14:24,14:30,14:38,14:35,14:41,14:40,14:44,14:43,14:48
Kandivali,,14:28,,14:33,,14:36,,14:41,,14:46,,14:49,14:54
Malad,,14:31,,14:36,,14:39,,14:44,,14:49,,14:52,14:57
Goregaon,,14:34,,14:39,,14:42,,14:47,,14:52,,14:55,15:00
Ram Mandir,,14:36,,14:41,,14:44,,14:49,,14:54,,14:57,15:02
Jogeshwari,,14:39,,14:43,,14:47,,14:52,,14:57,,15:00,15:05
ANDHERI,,14:46,14:45,14:48,14:36,14:51,14:51,14:57,14:55,15:02,14:58,15:04,15:09
Vile Parle,,,,14:51,,14:54,,15:00,,15:05,,15:07,15:12
Santa Cruz,,,,14:54,,14:57,,15:03,,15:08,,15:10,15:15
Khar Road,,,,14:57,,15:00,,15:06,,15:11,,15:13,15:18
BANDRA,14:57,,,15:01,14:45,15:04,15:00,15:10,15:04,15:15,15:07,15:17,15:22
Mahim Jn.,15:00,,,15:04,,15:07,,15:13,,15:18,,15:20,15:25
Matunga Road,15:03,,,15:07,,15:10,,15:16,,15:21,,15:23,15:28
DADAR,15:07,,,15:11,14:51,15:14,15:06,15:20,15:10,15:25,15:14,15:27,15:32
Prabhadevi,15:09,,,15:13,,15:16,,15:22,,15:27,,15:29,15:34
Lower Parel,15:12,,,15:16,,15:19,,15:25,,15:30,,15:32,15:37
Mahalakshmi,15:15,,,15:19,,15:22,,15:28,,15:33,,15:35,15:40
M'BAI CENTRAL(L),15:18,,,15:22,14:58,15:25,15:13,15:31,15:17,15:36,,15:38,15:43
Grant Road,15:20,,,15:24,15:00,15:27,15:15,15:33,15:19,15:38,,15:40,15:45
Charni Road,15:22,,,15:26,15:02,15:29,15:17,15:35,15:21,15:40,,15:42,15:47
Marine Lines,15:25,,,15:29,15:05,15:32,15:20,15:38,15:24,15:43,,15:45,15:50
CHURCHGATE,15:29,,,15:32,15:09,15:35,15:23,15:41,15:28,15:46,,15:48,15:53
W.E.F. 19.02.2026,,,,,,,,,,,,,
STATIONS,,,,,,,,,,,,,
UP TRAINS,,,,,,,,,,,,,
VIRAR,,,14:14,14:18,,14:35,,,14:27,,14:32,,14:37
Nalla Sopara,,,14:20,14:24,,,,,14:34,,14:38,,14:43
VASAI ROAD,,,14:25,14:29,,,,14:36,14:39,,14:43,,14:48
Naigaon,,,14:30,14:34,,,,14:42,14:45,,14:48,,14:53
BHAYANDAR,,,14:36,14:40,,,,14:47,14:51,,14:54,,14:59
Mira Road,,,14:41,14:45,,,,14:52,14:55,,14:59,,15:04
Dahisar,,,14:45,14:49,,,,14:56,14:59,,15:03,,15:08
BORIVALI,14:47,,14:50,14:54,14:56,,,14:59,15:05,15:03,15:09,15:09,15:14
Kandivali,,,14:57,,15:02,,,15:04,,15:09,,15:15,
Malad,,,15:00,,15:05,,,15:07,,15:12,,15:18,
Goregaon,,,15:03,,15:08,,15:10,15:10,,15:15,,15:21,
Ram Mandir,,,15:06,,,,15:13,15:12,,15:17,,,
Jogeshwari,,,15:09,,15:13,,15:16,15:15,,15:20,,15:26,
ANDHERI,15:01,15:12,15:15,15:06,15:18,,15:20,15:22,15:21,15:24,15:24,15:30,15:28
Vile Parle,,15:16,15:19,,,,15:24,,,15:27,,,
Santa Cruz,,15:19,15:22,,,,15:27,,,15:30,,,
Khar Road,,15:22,15:25,,,,15:30,,,15:33,,,
BANDRA,15:10,15:27,15:31,15:15,15:28,,15:34,,15:31,15:37,15:34,15:40,15:37
Mahim Jn.,,15:30,,,,,15:37,,,15:40,,,
Matunga Road,,15:33,,,,,15:40,,,15:43,,,
DADAR,15:16,15:37,,15:25,15:35,,15:44,,15:38,15:47,15:40,15:46,15:43
Prabhadevi,,15:39,,,,,15:46,,,15:49,,,
Lower Parel,,15:42,,,,,15:49,,,15:52,,,
Mahalakshmi,,15:45,,,,,15:52,,,15:55,,,
M'BAI CENTRAL(L),15:25,15:48,,15:32,15:42,,15:55,,,15:58,15:47,15:53,15:50
Grant Road,15:27,15:50,,15:34,15:44,,15:57,,,16:00,15:49,15:55,
Charni Road,15:29,15:52,,15:36,15:46,,15:59,,,16:02,15:51,15:57,
Marine Lines,15:32,15:55,,15:39,15:49,,16:02,,,16:05,15:54,16:00,
CHURCHGATE,15:36,15:59,,15:46,15:52,,16:05,,,16:08,15:57,16:03,16:00
W.E.F. 19.02.2026,,,,,,,,,,,,,
STATIONS,,,,,,,,,,,,,
UP TRAINS,,,,,,,,,,,,,
VIRAR,,,14:48,14:48,,,14:51,,14:56,15:00,,,
Nalla Sopara,,,,,,,14:57,,15:02,15:06,,,
VASAI ROAD,,,14:59,14:57,,,15:02,,15:07,15:11,,,
Naigaon,,,,,,,15:06,,15:12,15:15,,,
BHAYANDAR,,,15:07,15:05,,15:08,15:12,,15:18,15:21,,,
Mira Road,,,,,,15:14,15:17,,15:23,15:26,,,
Dahisar,,,,,,15:18,15:21,,15:27,15:30,,,
BORIVALI,15:12,15:18,15:17,15:18,15:23,15:23,15:26,15:30,15:32,15:36,,15:36,15:40
Kandivali,15:18,15:24,,,15:29,,15:32,15:36,,,,15:42,15:45
Malad,15:21,15:27,,,15:32,,15:35,15:39,,,,15:45,15:48
Goregaon,15:24,15:30,,,15:35,,15:38,15:42,,,15:46,15:48,15:51
Ram Mandir,15:26,15:32,,,15:37,,15:40,15:44,,,15:48,,15:53
Jogeshwari,15:29,15:35,,,15:40,,15:43,15:47,,,15:51,15:53,15:56
ANDHERI,15:33,15:39,15:33,,15:45,15:38,15:50,15:52,15:46,,15:56,15:58,16:01
Vile Parle,15:36,15:42,,,15:48,,,15:55,,,15:59,,16:04
Santa Cruz,15:39,15:45,,,15:51,,,15:58,,,16:02,,16:07
Khar Road,15:42,15:48,,,15:54,,,16:01,,,16:05,,16:10
BANDRA,15:46,15:52,15:43,,15:59,15:48,,16:06,15:54,,16:09,16:07,16:14
Mahim Jn.,15:49,15:55,,,16:02,,,16:09,,,16:12,,16:17
Matunga Road,15:52,15:58,,,16:05,,,16:12,,,16:15,,16:20
DADAR,15:56,16:02,15:49,,16:09,15:54,,16:16,15:59,,16:19,16:12,16:24
Prabhadevi,15:58,16:04,,,16:12,,,16:18,,,16:21,,16:26
Lower Parel,16:01,16:07,,,16:15,,,16:21,,,16:24,,16:29
Mahalakshmi,16:04,16:10,,,16:18,,,16:24,,,16:27,,16:32
M'BAI CENTRAL(L),16:07,16:13,15:56,,16:21,16:01,,16:27,16:06,,16:30,16:19,16:35
Grant Road,16:09,16:15,,,16:23,16:03,,16:29,16:08,,16:32,16:21,16:37
Charni Road,16:11,16:17,,,16:25,16:05,,16:31,16:10,,16:34,16:23,16:39
Marine Lines,16:14,16:20,,,16:28,16:08,,16:34,16:13,,16:37,16:26,16:42
CHURCHGATE,16:17,16:24,16:05,,16:32,16:13,,16:37,16:16,,16:40,16:29,16:46
W.E.F. 19.02.2026,,,,,,,,,,,,,
STATIONS,,,,,,,,,,,,,
UP TRAINS,,,,,,,,,,,,,
VIRAR,,,,15:12,,15:21,15:16,,15:20,,,15:27,15:30
Nalla Sopara,,,,15:18,,,15:22,,15:26,,,,15:36
VASAI ROAD,15:16,,,15:23,,15:32,15:27,,15:32,,,15:37,15:41
Naigaon,15:23,,,15:28,,,15:32,,15:37,,,,15:46
BHAYANDAR,15:29,,15:32,15:34,,15:40,15:38,,15:43,,,15:46,15:52
Mira Road,15:34,,15:38,15:39,,,15:43,,15:48,,,,15:57
Dahisar,15:38,,15:43,15:44,,,15:48,,15:52,,,,16:01
BORIVALI,15:43,15:43,15:47,15:50,15:48,15:53,15:53,15:54,15:57,,15:58,15:57,16:06
Kandivali,15:48,15:51,,,15:54,,15:57,16:00,,,16:04,,
Malad,15:51,15:54,,,15:57,,16:00,16:03,,,16:07,,
Goregaon,15:54,15:57,,,16:00,,16:03,16:06,,16:06,16:10,,
Ram Mandir,15:56,15:59,,,16:02,,16:05,16:08,,16:09,16:12,,
Jogeshwari,15:59,16:02,,,16:05,,16:08,16:11,,16:12,16:15,,
ANDHERI,16:05,16:07,16:01,16:04,16:10,16:09,16:14,16:16,,16:17,16:19,16:13,16:19
Vile Parle,,16:10,,,16:13,,,16:19,,16:22,16:22,,
Santa Cruz,,16:13,,,16:16,,,16:22,,16:25,16:25,,
Khar Road,,16:16,,,16:19,,,16:25,,16:28,16:28,,
BANDRA,,16:20,16:11,16:14,16:23,16:19,,16:29,,16:32,16:35,16:23,16:28
Mahim Jn.,,16:23,,,16:26,,,16:32,,16:35,16:38,,
Matunga Road,,16:26,,,16:29,,,16:35,,16:38,16:41,,
DADAR,,16:30,16:17,16:20,16:33,16:24,,16:39,,16:42,16:45,16:29,16:34
Prabhadevi,,16:32,,,16:35,,,16:41,,16:44,16:47,,
Lower Parel,,16:35,,,16:38,,,16:44,,16:47,16:50,,
Mahalakshmi,,16:38,,,16:41,,,16:47,,16:50,16:53,,
M'BAI CENTRAL(L),,16:41,16:24,16:27,16:44,16:31,,16:50,,16:53,16:56,16:36,16:41
Grant Road,,16:43,16:26,16:29,16:46,16:33,,16:52,,16:55,16:58,16:38,16:43
Charni Road,,16:45,16:28,16:31,16:48,16:35,,16:54,,16:57,17:00,16:40,16:45
Marine Lines,,16:48,16:31,16:34,16:51,16:38,,16:57,,17:00,17:03,16:43,16:48
CHURCHGATE,,16:51,16:35,16:38,16:56,16:43,,17:00,,17:03,17:07,16:47,16:54
W.E.F. 19.02.2026,,,,,,,,,,,,,
STATIONS,,,,,,,,,,,,,
UP TRAINS,,,,,,,,,,,,,
VIRAR,,,,15:36,,15:40,,,15:45,,,,
Nalla Sopara,,,,15:42,,15:46,,,15:51,,,,
VASAI ROAD,,,,15:47,,15:51,,,15:56,,,,
Naigaon,,,,15:52,,15:56,,,16:02,,,,
BHAYANDAR,,,,15:58,,16:02,,16:05,16:08,,,,
Mira Road,,,,16:03,,16:07,,16:11,16:14,,,,
Dahisar,,,,16:07,,16:11,,16:15,16:18,,,,
BORIVALI,16:01,,16:03,16:12,16:07,16:16,16:15,16:20,16:24,16:18,,,16:21
Kandivali,16:07,,16:10,,16:14,,16:21,,,16:25,,,16:28
Malad,16:10,,16:13,,16:17,,16:24,,,16:28,16:32,,16:31
Goregaon,16:13,16:14,16:16,,16:20,,16:27,,,16:31,,16:33,16:34
Ram Mandir,16:15,16:17,16:18,,16:22,,16:29,,,,,16:36,16:36
Jogeshwari,16:18,16:20,16:21,,16:25,,16:32,,,16:36,,16:39,16:39
ANDHERI,16:24,16:24,16:26,16:26,16:30,16:29,16:37,16:33,16:38,16:40,16:43,16:43,16:44
Vile Parle,16:28,16:27,16:30,,16:34,,16:41,,,,,16:48,16:49
Santa Cruz,16:31,16:30,16:33,,16:37,,16:44,,,,,16:51,16:52
Khar Road,16:34,16:33,16:36,,16:40,,16:47,,,,,16:54,16:55
BANDRA,16:41,16:38,16:43,16:34,16:45,16:38,16:51,16:42,16:48,16:51,16:54,16:58,17:01
Mahim Jn.,16:44,16:41,16:46,,16:48,,16:54,,,,,17:01,17:04
Matunga Road,16:47,16:44,16:49,,16:51,,16:57,,,,,17:04,17:07
DADAR,16:51,16:48,16:53,16:41,16:55,16:45,17:01,16:47,16:54,16:57,17:00,17:08,17:11
Prabhadevi,16:53,16:50,16:55,,16:57,,17:03,,,,,17:10,17:13
Lower Parel,16:56,16:53,16:58,,17:00,,17:06,,,,,17:13,17:16
Mahalakshmi,16:59,16:56,17:01,,17:03,,17:09,,,,,17:16,17:19
M'BAI CENTRAL(L),17:02,16:59,17:04,,17:06,,17:12,16:54,17:01,17:04,17:07,17:19,17:22
Grant Road,17:04,17:01,17:06,,17:08,,17:14,,,,,17:21,17:24
Charni Road,17:06,17:03,17:08,,17:10,,17:16,,,,,17:23,17:26
Marine Lines,17:09,17:06,17:11,,17:13,,17:19,,,,,17:26,17:29
CHURCHGATE,17:13,17:10,17:16,,17:19,,17:25,17:05,17:09,17:12,17:15,17:30,17:33
W.E.F. 19.02.2026,,,,,,,,,,,,,
STATIONS,,,,,,,,,,,,,
UP TRAINS,,,,,,,,,,,,,
VIRAR,,15:52,,,,,16:03,,,16:08,,,16:12
Nalla Sopara,,15:58,,,,,16:09,,,16:14,,,16:18
VASAI ROAD,16:00,16:03,,,,,16:14,,,16:19,,,16:23
Naigaon,16:05,16:07,,,,,16:18,,,16:23,,,16:27
BHAYANDAR,16:11,16:13,,,16:15,,16:24,16:24,,16:29,,,16:33
Mira Road,16:16,16:18,,,16:22,,16:30,16:30,,16:34,,,16:38
Dahisar,16:20,16:22,,,16:26,,16:34,16:34,,16:38,,,16:42
BORIVALI,16:25,16:27,16:28,16:31,16:32,16:34,16:38,16:39,16:42,16:43,,,16:47
Kandivali,16:31,,16:34,16:37,,16:40,,16:43,16:47,,,,16:51
Malad,16:34,,16:37,16:40,,16:43,,16:46,16:50,,16:50,,16:54
Goregaon,16:37,,16:40,16:43,,16:46,,16:49,16:53,,,16:55,16:57
Ram Mandir,16:39,,16:42,16:45,,16:48,,16:51,16:55,,,16:58,16:59
Jogeshwari,16:42,,16:45,16:48,,16:51,,16:54,16:58,,,17:01,17:02
ANDHERI,16:48,16:44,16:49,16:52,16:47,16:55,16:52,16:59,17:02,16:57,17:00,17:05,17:08
Vile Parle,,,16:52,16:55,,16:58,,17:02,17:05,,,17:09,
Santa Cruz,,,16:55,16:58,,17:01,,17:05,17:08,,,17:12,
Khar Road,,,16:58,17:01,,17:04,,17:08,17:11,,,17:15,
BANDRA,,,17:04,17:07,16:57,17:10,17:01,17:13,17:15,17:06,17:09,17:19,
Mahim Jn.,,,17:07,17:10,,17:13,,,17:18,,,17:22,
Matunga Road,,,17:10,17:13,,17:16,,,17:21,,,17:25,
DADAR,,,17:14,17:18,17:03,17:21,17:08,,17:24,17:12,17:15,17:29,
Prabhadevi,,,17:16,17:21,,17:24,,,17:26,,,17:31,
Lower Parel,,,17:19,17:24,,17:27,,,17:29,,,17:34,
Mahalakshmi,,,17:22,17:27,,17:30,,,17:32,,,17:37,
M'BAI CENTRAL(L),,,17:25,17:30,17:11,17:33,,,17:35,17:19,17:22,17:40,
Grant Road,,,17:27,17:32,,17:35,,,17:37,,,17:42,
Charni Road,,,17:29,17:34,,17:37,,,17:39,,,17:44,
Marine Lines,,,17:32,17:37,,17:40,,,17:42,,,17:47,
CHURCHGATE,,,17:36,17:42,17:20,17:45,,,17:48,17:29,17:32,17:51,
W.E.F. 19.02.2026,,,,,,,,,,,,,
STATIONS,,,,,,,,,,,,,
UP TRAINS,,,,,,,,,,,,,
VIRAR,,,16:20,,,,,16:28,,16:32,,,
Nalla Sopara,,,16:26,,,,,16:35,,16:39,,,16:44
VASAI ROAD,,,16:31,,,,16:37,16:40,,16:44,,,16:49
Naigaon,,,16:35,,,,16:43,16:45,,16:50,,,16:53
BHAYANDAR,,,16:41,,,16:45,16:49,16:51,,16:55,,,16:59
Mira Road,,,16:46,,,16:51,16:54,16:56,,17:00,,,17:04
Dahisar,,,16:50,,,16:55,16:58,17:00,,17:04,,,17:08
BORIVALI,16:50,16:53,16:55,,16:56,17:00,17:04,17:05,17:06,17:10,,17:10,17:13
Kandivali,16:55,16:58,,,17:02,,17:09,,17:12,,,17:18,
Malad,16:58,17:01,,17:02,17:05,,17:12,,17:15,,,17:21,
Goregaon,17:01,17:04,,,17:08,,17:15,,17:18,,17:20,17:24,
Ram Mandir,17:03,17:06,,,17:10,,17:17,,17:20,,17:23,17:26,
Jogeshwari,17:06,17:09,,,17:13,,17:20,,17:23,,17:26,17:29,
ANDHERI,17:10,17:13,17:08,17:12,17:18,17:15,17:25,17:19,17:28,17:25,17:30,17:34,
Vile Parle,17:13,17:16,,,17:21,,17:29,,17:32,,17:35,17:38,
Santa Cruz,17:16,17:19,,,17:24,,17:32,,17:35,,17:38,17:41,
Khar Road,17:19,17:22,,,17:27,,17:35,,17:38,,17:41,17:44,
BANDRA,17:23,17:26,17:17,17:22,17:32,,17:39,17:29,17:42,17:35,17:45,17:48,
Mahim Jn.,17:26,17:29,,,17:35,,17:42,,17:45,,17:48,17:51,
Matunga Road,17:29,17:32,,,17:38,,17:45,,17:48,,17:51,17:54,
DADAR,17:33,17:36,17:23,17:28,17:41,,17:49,17:35,17:52,17:41,17:55,17:58,
Prabhadevi,17:35,17:38,,,17:43,,17:51,,17:54,,17:57,18:00,
Lower Parel,17:38,17:41,,,17:46,,17:54,,17:57,,18:00,18:03,
Mahalakshmi,17:41,17:44,,,17:49,,17:57,,18:00,,18:03,18:06,
M'BAI CENTRAL(L),17:44,17:48,17:30,17:35,17:52,,18:00,17:44,18:03,17:50,18:06,18:09,
Grant Road,17:46,17:50,,,17:54,,18:02,,18:05,,18:08,18:11,
Charni Road,17:48,17:52,,,17:56,,18:04,,18:07,,18:10,18:13,
Marine Lines,17:51,17:55,,,17:59,,18:07,,18:10,,18:13,18:16,
CHURCHGATE,17:54,18:00,17:39,17:44,18:03,,18:10,17:52,18:13,17:58,18:16,18:19,
W.E.F. 19.02.2026,,,,,,,,,,,,,
STATIONS,,,,,,,,,,,,,
UP TRAINS,,,,,,,,,,,,,
VIRAR,16:40,,,,,16:44,,,16:48,,,,16:51
Nalla Sopara,,,,,,16:50,,,16:54,,,,16:57
VASAI ROAD,16:52,,,,,16:55,,,16:59,,,,17:02
Naigaon,,,,,,17:00,,,17:05,,,,17:08
BHAYANDAR,17:02,,,17:02,,17:06,,,17:11,,,,17:14
Mira Road,,,,17:08,,17:12,,,17:16,,,,17:19
Dahisar,,,,17:12,,17:16,,,17:20,,,,17:23
BORIVALI,17:13,,17:13,17:17,,17:20,17:23,,17:26,17:28,17:27,17:31,17:31
Kandivali,,,17:21,,,17:25,17:29,,,,17:34,17:37,
Malad,,,17:24,,17:25,17:28,17:32,,,,17:37,17:40,
Goregaon,,,17:28,,,17:31,17:35,17:37,,,17:40,17:44,
Ram Mandir,,,17:30,,,17:33,17:37,17:40,,,17:42,17:46,
Jogeshwari,,,17:33,,,17:36,17:40,17:43,,,17:45,17:48,
ANDHERI,17:29,17:36,17:39,17:33,17:36,17:42,17:44,17:47,,17:44,17:50,17:53,
Vile Parle,,17:41,17:44,,,,17:47,17:51,,,17:54,17:57,
Santa Cruz,,17:44,17:47,,,,17:50,17:54,,,17:57,18:00,
Khar Road,,17:47,17:50,,,,17:53,17:57,,,18:00,18:03,
BANDRA,17:39,17:51,17:54,17:43,17:46,,17:57,18:01,,17:54,18:04,18:07,
Mahim Jn.,,17:54,17:57,,,,18:00,18:04,,,18:07,18:10,
Matunga Road,,17:57,18:00,,,,18:03,18:07,,,18:10,18:13,
DADAR,17:46,18:01,18:04,17:49,17:52,,18:07,18:11,,18:00,18:14,18:17,
Prabhadevi,,18:03,18:06,,,,18:09,18:13,,,18:16,18:19,
Lower Parel,,18:06,18:09,,,,18:12,18:16,,,18:19,18:22,
Mahalakshmi,,18:09,18:12,,,,18:15,18:19,,,18:22,18:25,
M'BAI CENTRAL(L),,18:12,18:15,17:58,18:01,,18:18,18:22,,18:07,18:25,18:28,
Grant Road,,18:14,18:17,,,,18:20,18:24,,,18:27,18:30,
Charni Road,,18:16,18:19,,,,18:22,18:26,,,18:29,18:32,
Marine Lines,,18:19,18:22,,,,18:25,18:29,,,18:32,18:35,
CHURCHGATE,,18:22,18:25,18:06,18:10,,18:29,18:32,,18:17,18:35,18:38,
W.E.F. 19.02.2026,,,,,,,,,,,,,
STATIONS,,,,,,,,,,,,,
UP TRAINS,,,,,,,,,,,,,
VIRAR,,17:00,,,,17:05,17:06,,,,17:15,17:15,
Nalla Sopara,17:03,17:06,,,,17:12,17:13,,,,,17:22,
VASAI ROAD,17:08,17:11,,,,17:17,17:18,,,,,17:28,
Naigaon,17:13,17:16,,,,17:22,17:23,,,,,17:33,
BHAYANDAR,17:19,17:22,,,,17:28,17:29,,17:34,,,17:39,
Mira Road,17:24,17:27,,,,17:33,17:34,,17:40,,,17:44,
Dahisar,17:28,17:31,,,,17:38,17:39,,17:44,,,17:49,
BORIVALI,17:33,17:36,,17:39,17:44,17:45,17:47,17:48,17:50,,,17:54,17:57
Kandivali,,,,17:45,17:50,,,17:54,,,,17:58,18:02
Malad,,,,17:49,17:53,,,17:57,,,,18:01,18:05
Goregaon,,,,17:53,17:56,,,18:00,,17:57,,18:04,18:08
Ram Mandir,,,,,17:58,,,18:02,,18:01,,18:06,18:10
Jogeshwari,,,,17:58,18:01,,,18:05,,18:04,,18:09,18:13
ANDHERI,17:47,17:51,17:56,18:03,18:05,17:58,18:02,18:09,18:06,18:08,,18:15,18:18
Vile Parle,,,18:01,,18:08,,,18:13,,18:13,,,18:21
Santa Cruz,,,18:04,,18:11,,,18:16,,18:16,,,18:24
Khar Road,,,18:07,,18:14,,,18:19,,18:19,,,18:27
BANDRA,17:57,18:00,18:12,18:12,18:18,18:07,,18:23,18:16,18:26,,,18:32
Mahim Jn.,,,18:15,,18:21,,,18:26,,18:29,,,18:35
Matunga Road,,,18:18,,18:24,,,18:29,,18:32,,,18:38
DADAR,18:03,18:06,18:22,18:17,18:28,18:13,,18:33,18:21,18:36,,,18:42
Prabhadevi,,,18:24,,18:30,,,18:35,,18:38,,,18:44
Lower Parel,,,18:27,,18:33,,,18:38,,18:41,,,18:47
Mahalakshmi,,,18:30,,18:36,,,18:41,,18:44,,,18:50
M'BAI CENTRAL(L),18:10,18:13,18:33,18:24,18:39,18:20,,18:44,18:28,18:47,,,18:53
Grant Road,,,18:35,,18:41,,,18:46,,18:49,,,18:55
Charni Road,,,18:37,,18:43,,,18:48,,18:51,,,18:57
Marine Lines,,,18:40,,18:46,,,18:51,,18:54,,,19:00
CHURCHGATE,18:20,18:25,18:44,18:32,18:49,18:28,,18:54,18:36,19:00,,,19:04
W.E.F. 19.02.2026,,,,,,,,,,,,,
STATIONS,,,,,,,,,,,,,
UP TRAINS,,,,,,,,,,,,,
VIRAR,17:20,,17:27,,,17:28,,17:32,,,,,17:41
Nalla Sopara,17:27,17:29,17:33,,,17:34,,17:38,,,,,17:47
VASAI ROAD,17:33,17:34,17:38,,,17:39,,17:44,,,,17:48,17:52
Naigaon,17:38,17:39,17:43,,,17:44,,17:49,,,,17:54,17:57
BHAYANDAR,17:43,17:45,17:48,,,17:50,,17:55,,,,18:00,18:03
Mira Road,17:48,17:50,17:53,,,17:55,,18:00,,,,18:04,18:07
Dahisar,17:52,17:54,17:57,,,17:59,,18:04,,,,18:08,18:11
BORIVALI,17:57,18:00,18:01,,18:04,18:04,,18:10,18:08,18:08,18:13,18:13,18:16
Kandivali,,,,,18:09,,,,18:15,,18:19,,
Malad,,,,,18:12,,,,18:18,,18:22,,
Goregaon,,,,18:11,18:15,,,,18:21,,18:25,,
Ram Mandir,,,,18:14,18:17,,,,18:23,,18:27,,
Jogeshwari,,,,18:17,18:20,,,,18:26,,18:30,,
ANDHERI,18:12,,18:15,18:21,18:25,18:19,,,18:31,18:23,18:34,18:27,18:30
Vile Parle,,,,18:25,18:29,,,,18:35,,18:38,,
Santa Cruz,,,,18:28,18:32,,,,18:38,,18:41,,
Khar Road,,,,18:31,18:35,,,,18:41,,18:44,,
BANDRA,18:21,,18:24,18:36,18:40,,18:42,,18:45,18:32,18:48,18:35,18:38
Mahim Jn.,,,,18:39,18:43,,18:45,,18:48,,18:51,,
Matunga Road,,,,18:42,18:46,,18:48,,18:51,,18:54,,
DADAR,18:28,,18:30,18:46,18:50,,18:52,,18:55,18:37,18:58,18:41,18:44
Prabhadevi,,,,18:48,18:52,,18:54,,18:57,,19:00,,
Lower Parel,,,,18:51,18:55,,18:57,,19:00,,19:03,,
Mahalakshmi,,,,18:54,18:58,,19:00,,19:03,,19:06,,
M'BAI CENTRAL(L),,,18:37,18:57,19:01,,19:03,,19:06,18:44,19:09,18:48,18:51
Grant Road,,,,18:59,19:03,,19:05,,19:08,,19:11,,
Charni Road,,,,19:01,19:05,,19:07,,19:10,,19:13,,
Marine Lines,,,,19:04,19:08,,19:10,,19:13,,19:16,,
CHURCHGATE,,,18:46,19:07,19:11,,19:14,,19:16,18:52,19:19,18:56,19:00
W.E.F. 19.02.2026,,,,,,,,,,,,,
STATIONS,,,,,,,,,,,,,
UP TRAINS,,,,,,,,,,,,,
VIRAR,,,17:43,,,,,,,17:52,17:56,,
Nalla Sopara,,,17:50,,,17:53,,,,17:58,18:02,,
VASAI ROAD,,,17:56,,,17:58,,,,18:03,18:07,,
Naigaon,,,18:00,,,18:03,,,,18:08,18:12,,
BHAYANDAR,,,18:06,,,18:09,,,,18:13,18:17,,
Mira Road,,,18:11,,,18:14,,,,18:18,18:21,,
Dahisar,,,18:15,,,18:18,,,,18:22,18:26,,
BORIVALI,,18:19,18:19,,18:24,18:22,18:24,,18:27,18:29,18:30,,18:32
Kandivali,,18:23,,,,18:27,18:31,,18:34,,,,18:38
Malad,,18:26,,,,18:30,18:34,,18:37,,,18:44,18:41
Goregaon,,18:29,,18:33,,18:33,18:37,,18:40,,,,18:44
Ram Mandir,,18:32,,18:36,,18:35,18:40,,18:42,,,,18:46
Jogeshwari,,18:34,,18:39,,18:38,18:42,,18:45,,,,18:49
ANDHERI,18:37,18:40,18:33,18:43,18:38,18:45,18:47,,18:50,,18:45,18:52,18:54
Vile Parle,18:41,18:44,,18:47,,,18:50,,18:54,,,,18:58
Santa Cruz,18:44,18:47,,18:50,,,18:53,,18:57,,,,19:02
Khar Road,18:47,18:50,,18:53,,,18:56,,19:00,,,,19:05
BANDRA,18:51,18:54,18:42,18:57,18:46,,19:00,19:02,19:05,,,19:01,19:09
Mahim Jn.,18:54,18:57,,19:00,,,19:03,19:06,19:09,,,,19:12
Matunga Road,18:57,19:00,,19:03,,,19:06,19:09,19:12,,,,19:15
DADAR,19:01,19:04,18:48,19:07,18:52,,19:10,19:13,19:16,,,19:07,19:19
Prabhadevi,19:03,19:06,,19:09,,,19:12,19:15,19:18,,,,19:21
Lower Parel,19:06,19:09,,19:12,,,19:15,19:18,19:21,,,,19:24
Mahalakshmi,19:09,19:12,,19:15,,,19:18,19:21,19:24,,,,19:27
M'BAI CENTRAL(L),19:12,19:15,18:55,19:18,18:59,,19:21,19:24,19:27,,,19:14,19:30
Grant Road,19:14,19:17,,19:20,,,19:23,19:26,19:29,,,,19:32
Charni Road,19:16,19:19,,19:22,,,19:25,19:28,19:31,,,,19:34
Marine Lines,19:19,19:22,,19:25,,,19:28,19:31,19:34,,,,19:37
CHURCHGATE,19:22,19:25,19:03,19:28,19:08,,19:31,19:34,19:37,,,19:22,19:41
W.E.F. 19.02.2026,,,,,,,,,,,,,
STATIONS,,,,,,,,,,,,,
UP TRAINS,,,,,,,,,,,,,
VIRAR,,,18:00,18:04,,18:09,,18:13,,,,18:20,18:28
Nalla Sopara,,,18:06,18:11,,18:15,,18:19,,,,18:26,
VASAI ROAD,,,18:12,18:16,,18:20,,18:24,,,18:26,18:31,
Naigaon,,,18:17,18:20,,18:24,,18:28,,,18:32,18:36,
BHAYANDAR,,,18:23,18:26,,18:30,,18:34,,,18:38,18:42,
Mira Road,,,18:28,18:31,,18:35,,18:39,,,18:43,18:47,
Dahisar,,,18:33,18:35,,18:39,,18:44,,,18:48,18:52,
BORIVALI,,18:37,18:40,18:40,18:43,18:46,18:47,18:48,18:52,18:52,18:54,18:58,
Kandivali,,18:43,,18:46,18:49,,18:53,,,18:57,,,
Malad,,18:46,,18:49,18:52,,18:56,,,19:00,,,
Goregaon,18:49,18:49,,18:52,18:55,,18:59,,,19:03,,,
Ram Mandir,18:52,18:51,,18:54,18:57,,,,,19:05,,,
Jogeshwari,18:55,18:54,,18:57,19:00,,19:04,,,19:08,,,
ANDHERI,18:59,19:00,18:56,19:04,19:05,,19:09,19:01,19:06,19:12,19:09,19:14,
Vile Parle,19:02,19:05,,,19:09,,,,,19:15,,,
Santa Cruz,19:05,19:09,,,19:12,,,,,19:18,,,
Khar Road,19:08,19:12,,,19:15,,,,,19:21,,,
BANDRA,19:12,19:17,19:05,,19:19,,19:18,19:09,19:15,19:26,,19:24,
Mahim Jn.,19:15,19:20,,,19:22,,,,,19:29,,,
Matunga Road,19:18,19:23,,,19:25,,,,,19:32,,,
DADAR,19:22,19:27,19:11,,19:29,,19:23,19:14,19:21,19:36,,19:31,
Prabhadevi,19:24,19:29,,,19:31,,,,,19:38,,,
Lower Parel,19:27,19:32,,,19:34,,,,,19:41,,,
Mahalakshmi,19:30,19:35,,,19:37,,,,,19:44,,,
M'BAI CENTRAL(L),19:33,19:38,,,19:40,,19:30,19:21,19:28,19:47,,,
Grant Road,19:35,19:40,,,19:42,,,,,19:49,,,
Charni Road,19:37,19:42,,,19:44,,,,,19:51,,,
Marine Lines,19:40,19:45,,,19:47,,,,,19:54,,,
CHURCHGATE,19:45,19:48,,,19:51,,19:42,19:29,19:36,19:57,,,
W.E.F. 19.02.2026,,,,,,,,,,,,,
STATIONS,,,,,,,,,,,,,
UP TRAINS,,,,,,,,,,,,,
VIRAR,,,,18:24,,,18:33,18:30,,,,,
Nalla Sopara,,,,18:30,,,18:40,18:37,,,,,
VASAI ROAD,,,,18:35,,,18:45,18:42,,,,,
Naigaon,,,,18:41,,,18:50,18:47,,,,,
BHAYANDAR,,,,18:47,,,18:56,18:53,,,,,
Mira Road,,,,18:52,,,19:01,18:58,,,,,
Dahisar,,,,18:56,,,19:05,19:03,,,,,
BORIVALI,,18:58,19:00,19:01,,19:05,19:10,19:08,19:10,,19:11,19:13,19:16
Kandivali,,19:03,19:06,,,19:10,,19:13,,,19:16,19:21,19:25
Malad,,19:06,19:09,,,19:13,,19:16,,,19:19,19:24,19:28
Goregaon,19:06,19:09,19:12,,,19:16,,19:19,,19:21,19:24,19:28,19:32
Ram Mandir,19:09,19:11,19:14,,,19:18,,19:21,,19:24,,19:30,19:34
Jogeshwari,19:12,19:15,19:17,,,19:21,,19:24,,19:27,19:28,19:33,19:37
ANDHERI,19:16,19:19,19:23,19:18,,19:26,19:24,19:29,19:26,19:32,19:33,19:37,19:41
Vile Parle,19:20,19:23,19:26,,,19:29,,19:33,,19:36,,19:40,19:44
Santa Cruz,19:23,19:26,19:29,,,19:32,,19:36,,19:39,,19:43,19:47
Khar Road,19:26,19:29,19:32,,,19:35,,19:39,,19:42,,19:46,19:50
BANDRA,19:30,19:33,19:36,19:28,19:39,19:41,19:34,19:44,19:36,19:46,19:42,19:50,19:54
Mahim Jn.,19:33,19:36,19:39,,19:42,19:45,,,,19:49,,19:53,19:57
Matunga Road,19:36,19:39,19:42,,19:45,19:48,,,,19:52,,19:56,20:00
DADAR,19:40,19:43,19:46,19:34,19:49,19:52,19:40,,19:42,19:56,19:48,20:00,20:04
Prabhadevi,19:42,19:45,19:48,,19:51,19:54,,,,19:58,,20:02,20:06
Lower Parel,19:45,19:48,19:51,,19:54,19:57,,,,20:01,,20:05,20:09
Mahalakshmi,19:48,19:51,19:54,,19:57,20:00,,,,20:04,,20:08,20:12
M'BAI CENTRAL(L),19:51,19:54,19:57,19:41,20:00,20:03,19:47,,19:49,20:07,19:55,20:11,20:15
Grant Road,19:53,19:56,19:59,,20:02,20:05,,,,20:09,,20:13,20:17
Charni Road,19:55,19:58,20:01,,20:04,20:07,,,,20:11,,20:15,20:19
Marine Lines,19:58,20:01,20:04,,20:07,20:10,,,,20:14,,20:18,20:22
CHURCHGATE,20:01,20:04,20:07,19:49,20:10,20:16,19:55,,19:58,20:19,20:03,20:23,20:26
W.E.F. 19.02.2026,,,,,,,,,,,,,
STATIONS,,,,,,,,,,,,,
UP TRAINS,,,,,,,,,,,,,
VIRAR,18:39,18:45,,18:55,,,,,,18:55,,19:07,
Nalla Sopara,18:46,18:52,,,,,,,,,,19:13,
VASAI ROAD,18:51,18:58,,19:04,,,,,,19:09,,19:18,
Naigaon,18:56,19:03,,,,,,,,,,19:23,
BHAYANDAR,19:02,19:08,,19:12,,,,,,19:17,19:23,19:29,
Mira Road,19:07,19:13,,,,,,,,,19:29,19:35,
Dahisar,19:11,19:17,,,,,,,,,19:34,19:40,
BORIVALI,19:17,19:23,19:21,19:20,,19:25,19:26,19:27,19:33,19:29,19:38,19:47,
Kandivali,,,19:28,,,,,19:35,19:40,,,19:52,
Malad,,,19:31,,,,,19:38,19:43,,,19:55,
Goregaon,,,19:35,,,,,19:42,19:46,,,19:58,
Ram Mandir,,,19:37,,,,,19:44,19:48,,,20:00,
Jogeshwari,,,19:40,,,,,19:47,19:51,,,20:03,
ANDHERI,,19:39,19:44,19:35,19:48,19:50,19:42,19:53,19:56,19:45,19:53,20:09,20:01
Vile Parle,,,19:47,,19:52,,,19:57,20:00,,,,20:06
Santa Cruz,,,19:50,,19:55,,,20:00,20:03,,,,20:09
Khar Road,,,19:53,,19:58,,,20:03,20:06,,,,20:12
BANDRA,,19:48,19:57,19:45,20:02,19:59,19:51,20:07,20:10,19:54,20:01,,20:16
Mahim Jn.,,,20:00,,20:05,,,20:10,20:13,,,,20:19
Matunga Road,,,20:03,,20:08,,,20:13,20:16,,,,20:22
DADAR,,19:54,20:07,19:51,20:12,20:05,19:57,20:17,20:20,20:00,20:06,,20:26
Prabhadevi,,,20:09,,20:14,,,20:19,20:22,,,,20:28
Lower Parel,,,20:12,,20:17,,,20:22,20:25,,,,20:31
Mahalakshmi,,,20:15,,20:20,,,20:25,20:28,,,,20:34
M'BAI CENTRAL(L),,,20:18,19:58,20:23,20:12,20:04,20:28,20:31,20:07,20:14,,20:37
Grant Road,,,20:20,,20:25,,,20:30,20:33,,,,20:39
Charni Road,,,20:22,,20:27,,,20:32,20:35,,,,20:41
Marine Lines,,,20:25,,20:30,,,20:34,20:38,,,,20:44
CHURCHGATE,,,20:30,20:07,20:33,20:20,20:13,20:39,20:43,20:16,20:23,,20:49
STATIONS,,,,,,,,,,,,,
UP TRAINS,,,,,,,,,,,,,
VIRAR,,19:11,,,,19:15,,,19:24,,,,19:26
Nalla Sopara,,19:17,,,,19:22,,,,,,,19:32
VASAI ROAD,,19:22,,,,19:27,,19:30,19:34,,,,19:37
Naigaon,,19:28,,,,19:32,,19:35,,,,,19:42
BHAYANDAR,,19:34,,,,19:38,,19:41,19:44,,,,19:48
Mira Road,,19:39,,,,19:43,,19:46,,,,,19:53
Dahisar,,19:43,,,,19:47,,19:51,,,,,19:58
BORIVALI,19:43,19:48,,19:49,19:52,19:51,19:57,19:55,19:54,20:02,20:04,,20:05
Kandivali,19:48,,,19:55,19:59,,20:02,20:05,,20:08,20:11,,
Malad,19:51,,,19:58,20:02,,20:05,20:08,,20:11,20:14,,
Goregaon,19:54,,19:59,20:02,20:05,,20:08,20:11,,20:14,20:17,20:16,
Ram Mandir,19:56,,20:02,20:04,20:07,,20:10,20:13,,20:16,20:19,20:20,
Jogeshwari,19:59,,20:05,20:07,20:10,,20:13,20:16,,20:19,20:22,20:24,
ANDHERI,20:04,20:02,20:09,20:12,20:15,20:06,20:18,20:22,20:10,20:24,20:27,20:29,20:19
Vile Parle,20:09,,20:13,20:16,20:19,,20:22,,,20:28,20:32,20:33,
Santa Cruz,20:12,,20:16,20:19,20:22,,20:25,,,20:31,20:35,20:36,
Khar Road,20:15,,20:19,20:22,20:25,,20:28,,,20:34,20:38,20:39,
BANDRA,20:19,20:11,20:24,20:27,20:30,20:14,20:33,,20:19,20:38,20:42,20:45,20:28
Mahim Jn.,20:22,,20:27,20:30,20:33,,20:36,,,20:41,20:45,20:48,
Matunga Road,20:25,,20:30,20:33,20:36,,20:39,,,20:44,20:48,20:51,
DADAR,20:29,20:17,20:34,20:37,20:40,20:20,20:43,,20:25,20:47,20:52,20:55,20:35
Prabhadevi,20:31,,20:36,20:39,20:42,,20:45,,,20:49,20:54,20:57,
Lower Parel,20:34,,20:39,20:42,20:45,,20:48,,,20:52,20:57,21:00,
Mahalakshmi,20:37,,20:42,20:45,20:48,,20:51,,,20:55,21:00,21:03,
M'BAI CENTRAL(L),20:40,20:24,20:45,20:48,20:51,20:27,20:54,,20:32,20:58,21:03,21:06,
Grant Road,20:42,,20:47,20:50,20:53,20:29,20:56,,20:34,21:00,21:05,21:08,
Charni Road,20:44,,20:49,20:52,20:55,20:31,20:58,,20:36,21:02,21:07,21:10,
Marine Lines,20:47,,20:52,20:55,20:58,20:34,21:01,,20:39,21:05,21:10,21:13,
CHURCHGATE,20:53,20:33,20:55,20:58,21:01,20:37,21:05,,20:43,21:09,21:14,21:17,
W.E.F. 19.02.2026,,,,,,,,,,,,,
STATIONS,,,,,,,,,,,,,
UP TRAINS,,,,,,,,,,,,,
VIRAR,,19:11,,,,19:15,,,19:24,,,,19:26
Nalla Sopara,,19:17,,,,19:22,,,,,,,19:32
VASAI ROAD,,19:22,,,,19:27,,19:30,19:34,,,,19:37
Naigaon,,19:28,,,,19:32,,19:35,,,,,19:42
BHAYANDAR,,19:34,,,,19:38,,19:41,19:44,,,,19:48
Mira Road,,19:39,,,,19:43,,19:46,,,,,19:53
Dahisar,,19:43,,,,19:47,,19:51,,,,,19:58
BORIVALI,19:43,19:48,,19:49,19:52,19:51,19:57,19:55,19:54,20:02,20:04,,20:05
Kandivali,19:48,,,19:55,19:59,,20:02,20:05,,20:08,20:11,,
Malad,19:51,,,19:58,20:02,,20:05,20:08,,20:11,20:14,,
Goregaon,19:54,,19:59,20:02,20:05,,20:08,20:11,,20:14,20:17,20:16,
Ram Mandir,19:56,,20:02,20:04,20:07,,20:10,20:13,,20:16,20:19,20:20,
Jogeshwari,19:59,,20:05,20:07,20:10,,20:13,20:16,,20:19,20:22,20:24,
ANDHERI,20:04,20:02,20:09,20:12,20:15,20:06,20:18,20:22,20:10,20:24,20:27,20:29,20:19
Vile Parle,20:09,,20:13,20:16,20:19,,20:22,,,20:28,20:32,20:33,
Santa Cruz,20:12,,20:16,20:19,20:22,,20:25,,,20:31,20:35,20:36,
Khar Road,20:15,,20:19,20:22,20:25,,20:28,,,20:34,20:38,20:39,
BANDRA,20:19,20:11,20:24,20:27,20:30,20:14,20:33,,20:19,20:38,20:42,20:45,20:28
Mahim Jn.,20:22,,20:27,20:30,20:33,,20:36,,,20:41,20:45,20:48,
Matunga Road,20:25,,20:30,20:33,20:36,,20:39,,,20:44,20:48,20:51,
DADAR,20:29,20:17,20:34,20:37,20:40,20:20,20:43,,20:25,20:47,20:52,20:55,20:35
Prabhadevi,20:31,,20:36,20:39,20:42,,20:45,,,20:49,20:54,20:57,
Lower Parel,20:34,,20:39,20:42,20:45,,20:48,,,20:52,20:57,21:00,
Mahalakshmi,20:37,,20:42,20:45,20:48,,20:51,,,20:55,21:00,21:03,
M'BAI CENTRAL(L),20:40,20:24,20:45,20:48,20:51,20:27,20:54,,20:32,20:58,21:03,21:06,
Grant Road,20:42,,20:47,20:50,20:53,20:29,20:56,,20:34,21:00,21:05,21:08,
Charni Road,20:44,,20:49,20:52,20:55,20:31,20:58,,20:36,21:02,21:07,21:10,
Marine Lines,20:47,,20:52,20:55,20:58,20:34,21:01,,20:39,21:05,21:10,21:13,
CHURCHGATE,20:53,20:33,20:55,20:58,21:01,20:37,21:05,,20:43,21:09,21:14,21:17,
W.E.F. 19.02.2026,,,,,,,,,,,,,
STATIONS,,,,,,,,,,,,,
UP TRAINS,,,,,,,,,,,,,
VIRAR,19:28,19:30,,,19:37,,19:43,,,19:49,,19:51,19:55
Nalla Sopara,,19:36,,,19:44,,19:49,,,,,19:57,20:01
VASAI ROAD,19:39,19:41,,,19:49,,19:54,,,20:00,,20:02,20:06
Naigaon,,19:46,,,19:54,,19:58,,,,,20:06,20:10
BHAYANDAR,19:48,19:52,19:55,,20:00,,20:04,,,20:10,,20:12,20:16
Mira Road,,19:57,20:00,,20:06,,20:09,,,,,20:17,20:21
Dahisar,,20:01,20:04,,20:10,,20:13,,,,,20:21,20:25
BORIVALI,19:57,20:10,20:10,20:11,20:16,20:16,20:19,,20:20,20:24,20:23,20:26,20:30
Kandivali,,,,20:17,,20:22,,,20:26,,20:29,,
Malad,,,,20:20,,20:25,,,20:29,,20:32,,
Goregaon,,,,20:23,,20:28,,20:29,20:32,,20:35,,
Ram Mandir,,,,20:25,,,,20:32,20:34,,20:37,,
Jogeshwari,,,,20:28,,20:33,,20:35,20:37,,20:40,,
ANDHERI,20:11,,20:24,20:33,,20:38,20:35,20:39,20:42,20:40,20:45,20:41,20:45
Vile Parle,,,,20:38,,,,20:43,20:46,,20:49,,
Santa Cruz,,,,20:41,,,,20:46,20:49,,20:52,,
Khar Road,,,,20:44,,,,20:49,20:52,,20:55,,
BANDRA,,,20:33,20:48,,20:48,20:44,20:54,20:57,,21:00,20:51,20:55
Mahim Jn.,,,,20:51,,,,20:57,21:00,,21:03,,
Matunga Road,,,,20:54,,,,21:00,21:03,,21:06,,
DADAR,,,20:39,20:58,,20:55,20:50,21:04,21:07,,21:10,20:57,21:02
Prabhadevi,,,,21:00,,,,21:06,21:09,,21:12,,
Lower Parel,,,,21:03,,,,21:09,21:12,,21:15,,
Mahalakshmi,,,,21:06,,,,21:12,21:15,,21:18,,
M'BAI CENTRAL(L),,,20:46,21:09,,21:02,20:57,21:15,21:18,,21:21,21:04,
Grant Road,,,20:48,21:11,,21:04,20:59,21:17,21:20,,21:23,21:06,
Charni Road,,,20:50,21:13,,21:06,21:01,21:19,21:22,,21:25,21:08,
Marine Lines,,,20:53,21:16,,21:09,21:04,21:22,21:25,,21:28,21:11,
CHURCHGATE,,,21:00,21:22,,21:13,21:08,21:26,21:29,,21:32,21:19,
W.E.F. 19.02.2026,,,,,,,,,,,,,
STATIONS,,,,,,,,,,,,,
UP TRAINS,,,,,,,,,,,,,
VIRAR,,19:55,,,,,,20:07,20:16,,20:13,,
Nalla Sopara,,20:01,,,,,,20:14,,,20:20,,
VASAI ROAD,,20:06,,,,,,20:19,20:24,,20:25,,
Naigaon,,20:10,,,,,,20:23,,,20:31,,
BHAYANDAR,,20:16,,,,20:20,,20:29,20:32,20:36,20:37,,
Mira Road,,20:21,,,,20:27,,20:34,,20:42,20:42,,
Dahisar,,20:25,,,,20:32,,20:39,,20:46,20:47,,
BORIVALI,20:30,20:31,20:34,,,20:37,20:41,20:45,20:40,20:50,20:53,,20:46
Kandivali,20:35,,20:39,,,20:42,20:47,,,,,,20:53
Malad,20:38,,20:42,,,20:46,20:50,,,,,,20:56
Goregaon,20:41,,20:45,20:46,,20:49,20:53,,,,,20:57,21:00
Ram Mandir,20:43,,20:47,20:49,,20:51,20:55,,,,,21:00,
Jogeshwari,20:46,,20:50,20:52,,20:54,20:58,,,,,21:03,21:05
ANDHERI,20:50,,20:54,20:56,,20:59,21:03,20:58,20:53,21:03,21:07,21:07,21:10
Vile Parle,20:55,,20:58,21:00,,,21:07,,,,,21:11,
Santa Cruz,20:58,,21:01,21:03,,,21:10,,,,,21:14,
Khar Road,21:01,,21:04,21:06,,,21:13,,,,,21:17,
BANDRA,21:05,,21:08,21:11,21:14,,21:18,21:06,21:02,21:12,21:16,21:22,21:20
Mahim Jn.,21:08,,21:11,21:14,21:18,,21:21,,,,,21:25,
Matunga Road,21:11,,21:14,21:17,21:21,,21:24,,,,,21:28,
DADAR,21:15,,21:18,21:21,21:25,,21:28,21:14,21:08,21:18,21:22,21:33,21:26
Prabhadevi,21:17,,21:20,21:23,21:27,,21:30,,,,,21:35,
Lower Parel,21:20,,21:23,21:26,21:30,,21:33,,,,,21:38,
Mahalakshmi,21:23,,21:26,21:29,21:33,,21:36,,,,,21:41,
M'BAI CENTRAL(L),21:26,,21:29,21:32,21:36,,21:39,,21:15,21:25,21:29,21:44,21:33
Grant Road,21:28,,21:31,21:34,21:38,,21:41,,21:17,21:27,21:31,21:46,21:35
Charni Road,21:30,,21:33,21:36,21:40,,21:43,,21:19,21:29,21:33,21:48,21:37
Marine Lines,21:33,,21:36,21:39,21:43,,21:46,,21:22,21:32,21:36,21:51,21:40
CHURCHGATE,21:36,,21:41,21:44,21:47,,21:50,,21:27,21:36,21:40,21:55,21:46
W.E.F. 19.02.2026,,,,,,,,,,,,,
STATIONS,,,,,,,,,,,,,
UP TRAINS,,,,,,,,,,,,,
VIRAR,,,,20:17,20:24,,20:29,,20:35,,,,20:43
Nalla Sopara,,,,20:24,20:31,,20:36,,20:42,,,,20:49
VASAI ROAD,,,,20:30,20:37,,20:41,,20:47,,,,20:54
Naigaon,,,,20:35,20:43,,20:46,,20:51,,,,20:58
BHAYANDAR,,,,20:41,20:49,,20:52,,20:57,,,,21:04
Mira Road,,,,20:46,20:55,,20:57,,21:02,,,,21:09
Dahisar,,,,20:51,20:59,,21:01,,21:06,,,,21:13
BORIVALI,20:50,20:59,,20:56,21:05,21:03,21:06,21:09,21:11,21:12,21:16,,21:19
Kandivali,20:57,21:05,,21:01,,21:09,,21:15,,21:18,21:21,,21:23
Malad,21:00,21:08,,21:04,,21:12,,21:18,,21:21,21:24,,21:26
Goregaon,21:03,21:11,21:11,21:07,,21:15,,21:21,,21:24,21:27,21:32,21:29
Ram Mandir,21:05,21:13,21:14,21:09,,21:17,,21:23,,21:26,21:29,21:35,21:31
Jogeshwari,21:08,21:16,21:17,21:12,,21:20,,21:26,,21:29,21:32,21:38,21:34
ANDHERI,21:15,21:21,21:21,21:18,,21:25,21:20,21:31,21:24,21:35,21:38,21:42,21:41
Vile Parle,21:19,21:24,21:25,,,21:29,,21:34,,21:39,21:42,21:46,
Santa Cruz,21:22,21:27,21:28,,,21:32,,21:37,,21:42,21:45,21:49,
Khar Road,21:25,21:30,21:31,,,21:35,,21:40,,21:45,21:48,21:53,
BANDRA,21:30,21:34,21:37,,,21:39,21:30,21:45,21:34,21:50,21:53,21:59,
Mahim Jn.,21:33,21:37,21:40,,,21:42,,21:48,,21:53,21:56,22:02,
Matunga Road,21:36,21:40,21:43,,,21:45,,21:51,,21:56,21:59,22:05,
DADAR,21:40,21:44,21:47,,,21:49,21:36,21:55,21:40,22:00,22:03,22:09,
Prabhadevi,21:42,21:46,21:49,,,21:51,,21:57,,22:02,22:05,22:11,
Lower Parel,21:45,21:49,21:52,,,21:54,,22:00,,22:05,22:08,22:14,
Mahalakshmi,21:48,21:52,21:55,,,21:57,,22:03,,22:08,22:11,22:17,
M'BAI CENTRAL(L),21:51,21:55,21:58,,,22:00,21:43,22:06,21:47,22:11,22:14,22:20,
Grant Road,21:53,21:57,22:00,,,22:02,21:45,22:08,21:49,22:13,22:16,22:22,
Charni Road,21:55,21:59,22:02,,,22:04,21:47,22:10,21:51,22:15,22:18,22:24,
Marine Lines,21:58,22:02,22:05,,,22:07,21:50,22:13,21:54,22:18,22:21,22:27,
CHURCHGATE,22:01,22:05,22:08,,,22:12,21:53,22:17,21:57,22:22,22:25,22:30,
W.E.F. 19.02.2026,,,,,,,,,,,,,
STATIONS,,,,,,,,,,,,,
UP TRAINS,,,,,,,,,,,,,
VIRAR,,20:48,21:00,,,,,20:58,21:03,,,21:07,21:16
Nalla Sopara,,20:55,,,,,,21:04,21:10,,,21:13,21:22
VASAI ROAD,,21:00,21:08,,,,,21:10,21:16,,21:19,21:19,21:27
Naigaon,,21:05,,,,,,21:15,21:22,,21:25,21:26,21:31
BHAYANDAR,,21:11,21:15,,,,,21:21,21:28,,21:31,21:32,21:37
Mira Road,,21:16,,,,,,21:26,21:33,,21:36,21:38,21:43
Dahisar,,21:20,,,,,,21:31,21:38,,21:41,21:42,21:48
BORIVALI,21:24,21:25,21:23,21:28,21:32,21:36,21:40,21:36,21:42,21:44,21:46,21:47,21:53
Kandivali,21:29,,,,21:37,21:41,21:45,,,21:49,21:51,,
Malad,21:32,,,,21:40,21:44,21:48,,,21:52,21:54,,
Goregaon,21:35,,,,21:43,21:47,21:51,,,21:55,21:57,,
Ram Mandir,21:37,,,,21:45,21:49,21:53,,,21:57,21:59,,
Jogeshwari,21:40,,,,21:48,21:52,21:56,,,22:00,22:02,,
ANDHERI,21:47,21:38,21:36,21:42,21:52,21:57,22:00,21:50,21:56,22:05,22:08,22:01,22:06
Vile Parle,21:51,,,,21:56,22:00,22:03,,,22:09,,,
Santa Cruz,21:54,,,,21:59,22:03,22:06,,,22:12,,,
Khar Road,21:57,,,,22:02,22:06,22:09,,,22:15,,,
BANDRA,22:02,21:47,21:45,21:52,22:07,22:10,22:13,22:00,,22:20,,22:10,22:14
Mahim Jn.,22:05,,,,22:10,22:13,22:16,,,22:23,,,
Matunga Road,22:08,,,,22:13,22:16,22:19,,,22:26,,,
DADAR,22:12,21:53,21:51,21:58,22:17,22:20,22:23,22:06,,22:30,,22:16,22:19
Prabhadevi,22:14,,,,22:19,22:22,22:25,,,22:32,,,
Lower Parel,22:17,,,,22:22,22:25,22:28,,,22:35,,,
Mahalakshmi,22:20,,,,22:25,22:28,22:31,,,22:38,,,
M'BAI CENTRAL(L),22:23,22:00,21:58,22:05,22:28,22:31,22:34,22:13,,22:41,,22:23,22:26
Grant Road,22:25,22:02,22:00,22:07,22:30,22:33,22:36,22:15,,22:43,,22:25,22:28
Charni Road,22:27,22:04,22:02,22:09,22:32,22:35,22:38,22:17,,22:45,,22:27,22:30
Marine Lines,22:30,22:07,22:05,22:12,22:35,22:38,22:41,22:20,,22:48,,22:30,22:33
CHURCHGATE,22:33,22:12,22:09,22:16,22:39,22:42,22:45,22:24,,22:52,,22:35,22:38
W.E.F. 19.02.2026,,,,,,,,,,,,,
STATIONS,,,,,,,,,,,,,
UP TRAINS,,,,,,,,,,,,,
VIRAR,21:20,,,21:24,,,21:28,21:32,,21:36,21:39,,
Nalla Sopara,21:26,,,21:30,,,21:34,21:38,,21:42,21:45,,
VASAI ROAD,21:31,,,21:35,,,21:39,21:43,,21:48,21:51,,
Naigaon,21:35,,,21:39,,,21:44,21:47,,21:53,21:56,,
BHAYANDAR,21:41,,,21:45,,,21:50,21:53,,21:59,22:02,,
Mira Road,21:46,,,21:50,,,21:55,21:58,,22:04,22:07,,
Dahisar,21:50,,,21:54,,,21:59,22:02,,22:09,22:11,,
BORIVALI,21:55,21:50,21:56,21:59,,21:58,22:04,22:07,22:08,22:13,22:17,22:15,22:22
Kandivali,,21:56,22:01,,,22:06,,,22:14,22:17,,22:20,22:27
Malad,,21:59,22:04,,,22:09,,,22:17,22:20,,22:23,22:30
Goregaon,,22:02,22:07,,22:12,22:13,,,22:20,22:23,,22:26,22:33
Ram Mandir,,22:04,22:09,,22:15,22:15,,,22:22,22:25,,22:28,22:35
Jogeshwari,,22:07,22:12,,22:18,22:19,,,22:25,22:28,,22:31,22:38
ANDHERI,,22:13,22:18,22:13,22:22,22:25,22:20,22:23,22:30,22:33,22:31,22:36,22:43
Vile Parle,,22:17,22:22,,22:26,22:29,,,22:33,,,22:39,22:46
Santa Cruz,,22:20,22:25,,22:29,22:32,,,22:36,,,22:42,22:49
Khar Road,,22:23,22:28,,22:32,22:35,,,22:39,,,22:45,22:52
BANDRA,,22:28,22:33,22:22,22:37,22:40,22:29,22:33,22:43,,22:41,22:49,22:56
Mahim Jn.,,22:31,22:36,,22:40,22:43,,,22:46,,,22:52,22:59
Matunga Road,,22:34,22:39,,22:43,22:46,,,22:49,,,22:55,23:02
DADAR,,22:38,22:43,22:28,22:47,22:50,22:35,22:39,22:53,,22:47,22:59,23:06
Prabhadevi,,22:40,22:45,,22:49,22:52,,,22:55,,,23:01,23:08
Lower Parel,,22:43,22:48,,22:52,22:55,,,22:58,,,23:04,23:11
Mahalakshmi,,22:46,22:51,,22:55,22:58,,,23:01,,,23:07,23:14
M'BAI CENTRAL(L),,22:49,22:54,22:35,22:58,23:01,22:42,22:46,23:04,,22:54,23:10,23:17
Grant Road,,22:51,22:56,22:37,23:00,23:03,22:44,22:48,23:06,,22:56,23:12,23:19
Charni Road,,22:53,22:58,22:39,23:02,23:05,22:46,22:50,23:08,,22:58,23:14,23:21
Marine Lines,,22:56,23:01,22:42,23:05,23:08,22:49,22:53,23:11,,23:01,23:17,23:24
CHURCHGATE,,23:00,23:05,22:47,23:09,23:12,22:52,22:59,23:15,,23:05,23:21,23:30
W.E.F. 19.02.2026,,,,,,,,,,,,,
STATIONS,,,,,,,,,,,,,
UP TRAINS,,,,,,,,,,,,,
VIRAR,21:44,21:48,21:52,,21:58,22:05,22:05,22:07,,,,22:14,
Nalla Sopara,21:50,21:54,21:59,,22:04,,22:11,,,,,22:20,
VASAI ROAD,21:55,21:59,22:04,,22:09,,22:16,22:17,22:20,,,22:25,
Naigaon,21:59,22:03,22:09,,22:14,,22:21,,22:25,,,22:29,
BHAYANDAR,22:05,22:09,22:15,,22:19,,22:27,22:25,22:31,,,22:35,
Mira Road,22:10,22:14,22:20,,22:24,,22:32,,22:36,,,22:40,
Dahisar,22:14,22:18,22:24,,22:28,,22:36,,22:40,,,22:44,
BORIVALI,22:21,22:24,22:29,22:30,22:32,,22:40,22:35,22:46,22:37,22:43,22:49,22:49
Kandivali,,22:29,,22:35,,,,,,22:44,22:49,,22:56
Malad,,22:32,,22:38,,,,,,22:47,22:52,,22:59
Goregaon,,22:35,,22:41,,,,,,22:50,22:55,,23:02
Ram Mandir,,22:37,,22:43,,,,,,22:52,22:57,,23:04
Jogeshwari,,22:40,,22:46,,,,,,22:55,23:00,,23:07
ANDHERI,,22:46,22:43,22:51,,,22:52,22:48,,22:59,23:06,23:05,23:12
Vile Parle,,,,22:54,,,,,,23:02,23:10,,23:15
Santa Cruz,,,,22:57,,,,,,23:05,23:13,,23:18
Khar Road,,,,23:00,,,,,,23:08,23:16,,23:21
BANDRA,,,22:52,23:04,,,23:01,22:57,,23:12,23:20,23:15,23:25
Mahim Jn.,,,,23:07,,,,,,23:15,23:23,,23:28
Matunga Road,,,,23:10,,,,,,23:18,23:26,,23:31
DADAR,,,22:58,23:14,,,23:07,23:03,,23:22,23:30,23:21,23:34
Prabhadevi,,,,23:16,,,,,,23:24,23:32,,23:36
Lower Parel,,,,23:19,,,,,,23:27,23:35,,23:39
Mahalakshmi,,,,23:22,,,,,,23:30,23:38,,23:42
M'BAI CENTRAL(L),,,23:05,23:25,,,23:14,23:10,,23:33,23:41,23:28,23:45
Grant Road,,,23:07,23:27,,,23:16,23:12,,23:35,23:43,23:30,23:47
Charni Road,,,23:09,23:29,,,23:18,23:14,,23:37,23:45,23:32,23:49
Marine Lines,,,23:12,23:32,,,23:21,23:17,,23:40,23:48,23:35,23:52
CHURCHGATE,,,23:16,23:36,,,23:27,23:22,,23:43,23:51,23:41,23:56
W.E.F. 19.02.2026,,,,,,,,,,,,,
STATIONS,,,,,,,,,,,,,
UP TRAINS,,,,,,,,,,,,,
VIRAR,22:18,,,22:24,22:33,,,22:40,22:44,,,22:50,
Nalla Sopara,22:24,,,22:30,22:39,,,22:47,22:51,,,22:56,
VASAI ROAD,22:30,,,22:35,22:44,,,22:52,22:56,,,23:01,
Naigaon,22:35,,,22:40,22:48,,,22:56,23:00,,,23:05,
BHAYANDAR,22:41,,,22:46,22:54,22:56,,23:02,23:06,,,23:11,
Mira Road,22:46,,,22:51,22:59,23:02,,23:07,23:11,,,23:16,
Dahisar,22:50,,,22:55,23:03,23:06,,23:11,23:15,,,23:20,
BORIVALI,22:54,22:58,23:03,22:59,23:07,23:11,23:15,23:17,23:21,23:25,23:25,23:24,
Kandivali,23:00,23:04,23:08,,23:11,,23:21,,,,23:31,23:28,
Malad,23:03,23:07,23:11,,23:14,,23:24,,,,23:34,23:31,
Goregaon,23:06,23:10,23:14,,23:17,,23:27,,,,23:37,23:34,
Ram Mandir,23:08,23:12,23:16,,23:19,,23:29,,,,23:39,23:36,
Jogeshwari,23:11,23:15,23:19,,23:22,,23:32,,,,23:42,23:39,
ANDHERI,23:17,23:21,23:25,23:13,23:29,,23:37,23:33,23:37,23:40,23:47,23:46,
Vile Parle,,23:25,23:28,,,,23:40,,,,23:50,,
Santa Cruz,,23:28,23:31,,,,23:43,,,,23:53,,
Khar Road,,23:31,23:34,,,,23:46,,,,23:56,,
BANDRA,,23:36,23:38,23:22,,,23:50,23:42,,23:49,00:00,,
Mahim Jn.,,23:39,23:41,,,,23:53,,,,00:03,,
Matunga Road,,23:42,23:44,,,,23:56,,,,00:06,,
DADAR,,23:46,23:48,23:28,,,00:00,23:48,,23:55,00:10,,
Prabhadevi,,23:48,23:50,,,,00:02,,,,00:12,,
Lower Parel,,23:51,23:53,,,,00:05,,,,00:15,,
Mahalakshmi,,23:54,23:56,,,,00:08,,,,00:18,,
M'BAI CENTRAL(L),,23:57,23:59,23:35,,,00:11,23:55,,00:02,00:21,,
Grant Road,,23:59,00:01,23:37,,,00:13,23:57,,00:04,00:23,,
Charni Road,,00:01,00:03,23:39,,,00:15,23:59,,00:06,00:25,,
Marine Lines,,00:04,00:06,23:42,,,00:18,00:02,,00:09,00:28,,
CHURCHGATE,,00:08,00:10,23:47,,,00:22,00:05,,00:13,00:31,,
W.E.F. 19.02.2026,,,,,,,,,,,,,
STATIONS,,,,,,,,,,,,,
UP TRAINS,,,,,,,,,,,,,
VIRAR,22:55,23:00,,,23:15,,23:20,23:30,,23:40,23:49,,23:50
Nalla Sopara,23:01,23:06,,,23:21,,23:26,23:36,,23:46,23:55,,
VASAI ROAD,23:07,23:11,,,23:26,,23:31,23:41,,23:51,00:00,,
Naigaon,23:12,23:16,,,23:31,,23:36,23:45,,23:55,00:04,,
BHAYANDAR,23:18,23:22,,23:25,23:37,,23:42,23:51,,00:01,00:09,,
Mira Road,23:23,23:27,,23:32,23:42,,23:47,23:56,,00:06,00:14,,
Dahisar,23:27,23:31,,23:36,23:46,,23:51,00:00,,00:10,00:18,,
BORIVALI,23:32,23:37,23:34,23:42,23:50,23:48,23:55,00:05,00:10,00:15,00:22,00:30,
Kandivali,,,23:39,23:46,,23:53,,00:10,00:14,00:19,00:26,00:35,
Malad,,,23:42,23:49,,23:56,,00:13,00:17,00:22,00:29,00:38,
Goregaon,,,23:45,23:52,,23:59,,00:16,00:20,00:25,00:32,00:41,
Ram Mandir,,,23:47,23:54,,00:01,,00:18,00:22,00:27,00:34,00:43,
Jogeshwari,,,23:50,23:57,,00:04,,00:21,00:25,00:30,00:37,00:46,
ANDHERI,23:47,,23:55,00:04,00:06,00:09,,00:25,00:30,00:37,00:41,00:50,
Vile Parle,,,23:58,,,00:12,,00:28,00:33,,00:44,00:53,
Santa Cruz,,,00:01,,,00:15,,00:31,00:36,,00:47,00:56,
Khar Road,,,00:04,,,00:18,,00:34,00:39,,00:50,00:59,
BANDRA,23:56,,00:08,,00:16,00:22,,00:38,00:43,,00:54,01:03,
Mahim Jn.,,,00:11,,,00:25,,00:41,00:46,,00:57,01:06,
Matunga Road,,,00:14,,,00:28,,00:44,00:49,,01:00,01:09,
DADAR,00:02,,00:18,,00:22,00:32,,00:48,00:53,,01:04,01:13,
Prabhadevi,,,00:20,,,00:34,,00:50,00:55,,01:06,01:15,
Lower Parel,,,00:23,,,00:37,,00:53,00:58,,01:09,01:18,
Mahalakshmi,,,00:26,,,00:40,,00:56,01:01,,01:12,01:21,
M'BAI CENTRAL(L),00:09,,00:29,,00:29,00:43,,00:59,01:04,,01:15,01:24,
Grant Road,00:11,,00:31,,00:31,00:45,,01:01,01:06,,01:17,01:26,
Charni Road,00:13,,00:33,,00:33,00:47,,01:03,01:08,,01:19,01:28,
Marine Lines,00:16,,00:36,,00:36,00:50,,01:06,01:11,,01:22,01:31,
CHURCHGATE,00:20,,00:39,,00:42,00:53,,01:10,01:15,,01:26,01:35,
W.E.F. 19.02.2026,,,,,,,,,,,,,
STATIONS,,,,,,,,,,,,,
UP TRAINS,,,,,,,,,,,,,
VIRAR,23:57,00:05,,,,,,,,,,,
Nalla Sopara,00:03,00:11,,,,,,,,,,,
VASAI ROAD,00:08,00:16,,,,,,,,,,,
Naigaon,00:12,00:20,,,,,,,,,,,
BHAYANDAR,00:18,00:26,,,,,,,,,,,
Mira Road,00:23,00:31,,,,,,,,,,,
Dahisar,00:27,00:35,,,,,,,,,,,
BORIVALI,00:32,00:39,,,,,,,,,,,
Kandivali,,00:43,,,,,,,,,,,
Malad,,00:46,,,,,,,,,,,
Goregaon,,00:49,,,,,,,,,,,
Ram Mandir,,00:51,,,,,,,,,,,
Jogeshwari,,00:54,,,,,,,,,,,
ANDHERI,,01:00,,,,,,,,,,,
Vile Parle,,01:03,,,,,,,,,,,
Santa Cruz,,01:06,,,,,,,,,,,
Khar Road,,01:09,,,,,,,,,,,
BANDRA,,01:13,,,,,,,,,,,
Mahim Jn.,,01:16,,,,,,,,,,,
Matunga Road,,01:19,,,,,,,,,,,
DADAR,,01:23,,,,,,,,,,,
Prabhadevi,,01:25,,,,,,,,,,,
Lower Parel,,01:28,,,,,,,,,,,
Mahalakshmi,,01:31,,,,,,,,,,,
M'BAI CENTRAL(L),,01:34,,,,,,,,,,,
Grant Road,,01:36,,,,,,,,,,,
Charni Road,,01:38,,,,,,,,,,,
Marine Lines,,01:41,,,,,,,,,,,
CHURCHGATE,,01:45,,,,,,,,,,,
