TRAIN,,KasaraUmbermali,KhardiThansit,AtgaonAsangaon,VasindKhadavli,TitwalaAmbivli,ShahadKhopoli00,Lowjee00Dolavli00,Kelavli00Palasdhari00,Karjat 00Bhivpuri road,NeralShelu,VanganiBadlapur,AmbernathUlhas nagar,VithalwadiKalyan,ThakurliDombivli,KoparDiwa,MumbraKalva,ThaneMulund,NahurBhandup,Kanjur margVikhroli,GhatkoparVidyavihar,KurlaSion,MatungaDadar,ParelCurrey road,ChinchpokliByculla,Sandhurst roadMasjid,CSMT,ShahadKhopoli,LowjeeDolavli,KelavliPalasdhari,Karjat Bhivpuri road
96002,,,,,,,,,,,,,,,,,,,,,,,,,,,04:56,,,,
96102,,,,,,,,,,,,,,,,,,,,,,,,,,,05:00,,,,
97302,,,,,,,,,,,,,,,,,,,,,,,,,,,05:08,,,,
97602,,,,,,,,,,,,,,,,,,,,,,,,,,,05:12,,,,
97304,,,,,,,,,,,,,,,,,,,,,,,,,,,05:16,,,,
97604,,,,,,,,,,,,,,,,,,,,,,,,,,,05:24,,,,
96302,,,,,,,,,,,,,,,,,,,,,,,,,,,05:36,,,,
97306,,,,,,,,,,,,,,04:12,,,,,,,,,,,,,05:40,,,,
96602,,,,,,,,,,,,,,,,,,,,,,,,,,,05:46,,,,
97308,,,,,,,,,,,,,,,,,,,,,,,,,,,05:50,,,,
96304,,,,,,,,,,,,,,,,,,,,,,,,,,,05:52,,,,
95902,,,,,,,,,,,,,,,,,,,,,,,,,,,05:56,,,,
96104,,,,,,,,,,,,,,04:39,,,,,,,,,,,,,06:07,,,,
97002,,,,,,,,,,,,,,04:48,,,,,,,,,,,,,06:15,,,,
96604,,,,,,,,,,,,,,,,,,,,,,,,,,,06:21,,,,
96002,,,,,,,,,,,,,,05:03,,,,,,,,,,,,,06:30,,,,
96102,,,,,,,,,,,,,,,,,,,,,,,,,,,06:34,,,,
97302,,,,,,,,,,,,,,,,,,,,,,,,,,,06:38,,,,
97602,,,,,,,,,,,,,,,,,,,,,,,,,,,06:44,,,,
97304,,,,,,,,,,,,,,,,,,,,,,,,,,,06:48,,,,
97604,,,,,,,,,,,,,,,05:51,,,,,,,,,,,,06:51,,,,
96302,,,,,,,,,,,,,,05:28,,,,,,,,,,,,,06:56,,,,
97306,,,,,,,,,,,,,,,,,,,,,,,,,,,07:00,,,,
96602,,,,,,,,,,,,,,05:39,,,,,,,,,,,,,07:08,,,,
97308,,,,,,,,,,,,,,05:43,,,,,,,,,,,,,07:12,,,,
96304,,,,,,,,,,,,,,,06:14,,,,,,,,,,,,07:14,,,,
95902,,,,,,,,,,,,,,,05:56,,,,,,,,,,,,07:16,,,,
96104,,,,,,,,,,,,,,,06:18,,,,,,,,,,,,07:18,04:50,,,
97002,,,,,,,,,,,,,,05:50,,,,,,,,,,,,,07:20,,,,
96604,,,,,,,,,,,,,,,,,,,,,,,,,,,07:24,,,,
96002,,,,,,,,,,,,05:40,,,,,,,,,,,,,,,07:28,,,,
96102,,,,,,,,,,,,,,06:03,,,,,,,,,,,,,07:32,,,,
97302,,,,,,,,,,,,,,06:11,,,,,,,,,,,,,07:38,,,,
97602,,,,,,,,,,,,,,06:32,,,,,,,,,,,,,07:39,,,,
97304,,,,,,,,,,,,,,06:14,,,,,,,,,,,,,07:42,,,,
97604,,,,,,,,,,,,,,,,,,,,,,,,,,,,05:10,,,05:35
96302,,,,,,,,,,,,,,,,,,,,,,,,,,,07:45,,,,
97306,,,,,,,,,,,,,,,,,,,,,,,,,,,07:46,,,,
96602,,,,,,,,,,,,,,,,,,,,,,,,,,,07:52,,,,
97308,,,,,,,,,,,,,,06:29,,,,,,,,,,,,,07:56,,,,
96304,,,,,,,,,,,,,,,,,,,,,,,,,,,08:00,,,,
95902,,,,,,,,,,,,06:15,,,,,,,,,,,,,,,08:04,,,,
96104,,,,,,,,,,,,,,,,,,,,,,,,,,,08:08,,,,
97002,,,,,,,,,,,,,,06:43,,,,,,,,,,,,,08:12,,,,
96604,,,,,,,,,,,,06:52,,,,,,,,,,,,,08:07,,08:16,,,,
96002,,,,,,,,,,,,,,06:47,,,,,,,,,,08:01,,,,,,,
96102,,,,,,,,,,,,,,06:51,,,,,,,,,,,,,08:22,,,,
97302,,,,,,,,,,,,,,06:54,,,,,,,,,,08:10,,,,,,,
97602,,,,,,,,,,,,,,07:22,,,,,,,,,,,08:17,,08:25,,,,
97304,,,,,,,,,,,,,,07:18,,,,,,,,,,,,,08:26,,,,
97604,,,,,,,,,,,,,,,,,,,,,,,,,,,08:29,,,,
96302,,,,,,,,,,,,,,07:02,,,,,,,,,,,,,08:31,,,,
97306,,,,,,,,,,,,06:46,,,,,,,,,,,,,,,08:34,,,,
96602,,,,,,,,,,,,,,,,,,,,,,,,,,,08:36,,,,
97308,,,,,,,,,,,,,,07:09,,,,,,,,,,08:22,,,,,,,
96304,,,,,,,,,,,,,,,,,,,,,,,,,,,08:40,06:16,,,
95902,,,,,,,,,,,,,,,,,,,,,,,,,,,08:41,,,,
96104,,,,,,,,,,,,,,07:15,,,,,,,,,,,,,08:45,,,,
97002,,,,,,,,,,,,,,07:37,,,,,,,,,,,,,08:47,,,,
96604,,,,,,,,,,,,,,,07:29,,,,,,,,,,,,08:49,,,,
96002,,,,,,,,,,,,,,07:26,,,,,,,,,,,,,,,,,
96102,,,,,,,,,,,,,,,,,,,,,,,,,,,08:50,,,,
97302,,,,,,,,,,,,,,07:21,,,,,,,,,,,,,08:53,,,,
97602,,,,,,,,,,,,,,,,,,,,,,,,,,,08:54,,,,
97304,,,,,,,,,,,,,,,,,,,,,,,,,,,08:57,,,,
97604,,,,,,,,,,,,,,,,,,,,,,,,,,,08:58,,,,
96302,,,,,,,,,,,,,,07:42,,,,,,,,,,,,,09:03,,,,
97306,,,,,,,,,,,,,,07:34,,,,,,,,,,,,,09:05,,,,
96602,,,,,,,,,,,,,,,,,,,,,,,,,,,09:05,,,,
97308,,,,,,,,,,,,,,,07:47,,,,,,,,,,,,09:09,,,,
96304,,,,,,,,,,,,,,,,,,,,,,,,,,,09:09,,,,
95902,,,,,,,,,,,,,,08:07,,,,,,,,,,,,,09:12,,,,
96104,,,,,,,,,,,,,,,,,,,,,,,,,,,09:12,,,,
97002,,,,,,,,,,,,,,,,,,,,,,,,,,,09:15,,,,
96604,,,,,,,,,,,,,,07:47,,,,,,,,,,,,,09:15,,,,
97310,,,,,,,,,,,,,,07:50,,,,,,,,,,09:03,,,,,,,
96002,,,,,,,,,,,,,,08:14,,,,,,,,,,,,,09:18,,,,
96102,,,,,,,,,,,,,,,08:14,,,,,,,,,,,,09:21,,,,
97302,,,,,,,,,,,,,,,,,,,,,,,,,,,09:23,,,,
97602,,,,,,,,,,,,,,,,,,,,,,,,,,,09:26,,,,
97304,,,,,,,,,,,,,,07:57,,,,,,,,,,,,,09:26,,,,
97604,,,,,,,,,,,,,,08:14,,,,,,,,,,,,,09:30,,,,
96302,,,,,,,,,,,,,,08:01,,,,,,,,,,,,,09:30,,,,
97306,,,,,,,,,,,,08:10,,,,,,,,,,,,,,,09:33,,,,
96602,,,,,,,,,,,,,,,,,,,,,,,,,,,09:33,,,,
97308,,,,,,,,,,,,,,08:33,08:39,,,,,,,,,,,,09:37,,,,
96304,,,,,,,,,,,,,,08:09,,,,,,,,,,,,,09:38,,,,
95902,,,,,,,,,,,,,,08:36,,,,,,,,,,,,,09:40,,,,
96104,,,,,,,,,,,,,,,,,,,,,,,,,,,09:41,,,,
97002,,,,,,,,,,,,,,,,,,,,,,,,,,,09:44,,,,
96604,,,,,,,,,,,,,,,,,,,,,,,,,,,09:45,,,,
97310,,,,,,,,,,,,07:56,,,,,,08:49,,,,,,,,,,,,,
96002,,,,,,,,,,,,,,,,,,,,,,,,,,,09:47,,,,
96102,,,,,,,,,,,,,,08:20,,,,,,,,,,,,,09:49,,,,
97302,,,,,,,,,,,,,,,,,,,,,,,,,,,,07:20,,,07:45
97602,,,,,,,,,,,,,,,,,,,,,,,,,,,09:51,,,,
97304,,,,,,,,,,,,,,,,,,,,,,,,,,,09:53,,,,
97604,,,,,,,,,,,,,,08:25,,,,,,,,,,09:40,,,,,,,
96302,,,,,,,,,,,,,,08:54,,,,,,,,,,,,,09:59,,,,
97306,,,,,,,,,,,,,,,,,,,,,,,,,,,09:59,,,,
96602,,,,,,,,,,,,,,08:46,,,,,,,,,,,,,10:03,,,,
97308,,,,,,,,,,,,,,,,,,,,,,,,,,,10:03,,,,
96304,,,,,,,,,,,,,,,,,,,,,,,,,,,10:06,,,,
95902,,,,,,,,,,,,,,,,,,,,,,,,,,,10:10,,,,
96104,,,,,,,,,,,,,,,,,,,,,,,,,,,10:10,,,,
97002,,,,,,,,,,,,08:45,,,,,,,,,,,,,,,10:13,,,,
96002,,,,,,,,,,,,,,,,,,,,,,,,,,,10:14,,,,
96102,,,,,,,,,,,,,,09:09,,,,,,,,,,,,,10:16,,,,
97302,,,,,,,,,,,,,,08:51,,,,,,,,,,,,,10:18,,,,
97602,,,,,,,,,,,,,,09:02,,,,,,,,,,,,,10:20,,,,
97304,,,,,,,,,,,,,,,,,,,,,,,,,,,10:22,,,,
97604,,,,,,,,,,,,,,,09:04,,,,,,,,,,,,10:26,,,,
96302,,,,,,,,,,,,,,,,,,,,,,,,,,,10:29,,,,
97306,,,,,,,,,,,,,,,,,,,,,,,,,,,10:30,,,,
96602,,,,,,,,,,,,,,,,,,,,,,,,,,,10:34,,,,
97308,,,,,,,,,,,,,,09:07,,,,,,,,,,10:20,,,,,,,
96304,,,,,,,,,,,,,,09:20,,,,,,,,,,,,,10:34,,,,
95902,,,,,,,,,,,,,,,,,,,,,,,,,,,10:40,,,,
96104,,,,,,,,,,,,,,,,,,,,,,,,,,,10:40,,,,
97002,,,,,,,,,,,,08:52,,,,,,,,,,,,,,,10:44,,,,
96604,,,,,,,,,,,,,,,,,,,,,,,,,,,10:48,,,,
96002,,,,,,,,,,,,,,09:32,,,,,,,,,,,,,10:50,,,,
96102,,,,,,,,,,,,,,,,,,,,,,,,,,,10:52,,,,
97302,,,,,,,,,,,,,,,,,,,,,,,,,,,10:56,,,,
97602,,,,,,,,,,,,,,09:47,,,,,,,,,,,,,,,,,
97304,,,,,,,,,,,,09:29,,,,,,,,,,,,,,,10:57,,,,
97604,,,,,,,,,,,,,,09:43,,,,,,,,,,,,,11:00,,,,
96302,,,,,,,,,,,,,,09:29,,,,,,,,,,,,,11:00,,,,
97306,,,,,,,,,,,,,,,,,,,,,,,,,,,11:03,08:40,,,
96602,,,,,,,,,,,,,,,,,,,,,,,,,,,11:04,,,,
97308,,,,,,,,,,,,,,10:02,,,,10:23,,,,,,,,,,,,,
96304,,,,,,,,,,,,,,,09:47,,,,,,,,,10:52,,,,,,,
95902,,,,,,,,,,,,,,,,,,,,,,,,,,,11:10,,,,
96104,,,,,,,,,,,,,,,,,,,,,,,,,,,11:12,,,,
97002,,,,,,,,,,,,,,,,,,,,,,,,,,,11:17,,,,
96002,,,,,,,,,,,,,,09:50,,,,,,,,,,,,,11:20,,,,
96102,,,,,,,,,,,,,,09:55,,,,,,,,,,,,,11:24,,,,
97302,,,,,,,,,,,,,,,,,,,,,,,,,,,11:29,,,,
97602,,,,,,,,,,,,,,,,,,,,,,,,,,,11:31,,,,
97304,,,,,,,,,,,,,,,,,,,,,,,,,,,11:33,,,,
97604,,,,,,,,,,,,,,10:09,,,,,,,,,,11:22,,,,10:03,,,
96302,,,,,,,,,,,,,,,,,,,,,,,,,,,11:42,,,,
97306,,,,,,,,,,,,,,,,,,,,,,,,,,,11:44,,,,
96602,,,,,,,,,,,,,,10:15,,,,,,,,,,,,,11:45,,,,
97308,,,,,,,,,,,,,,,,,,,,,,,,,,,11:50,,,,
96304,,,,,,,,,,,,,,10:25,,,,,,,,,,,,,11:54,,,,
95902,,,,,,,,,,,,,,,10:40,,,,,,,,,,,,12:00,,,,
96104,,,,,,,,,,,,,,10:36,,,,,,,,,,,,,12:03,10:30,,,
97002,,,,10:03,,,,,,,,,,10:40,,,,,,,,,,,,,12:07,10:34,,,
96604,,,,,,,,,,,,,,10:43,,,,,,,,11:41,,,,,,,,,
96002,,,,,,,,,,,,,,11:02,,,,,,,,,,,11:59,,12:08,10:55,,,
96102,,,,,,,,,,,,10:42,,,,,,,,,,,,,,,12:12,,,,
97302,,,,,,,,,,,,10:26,,,,,,,,,,,,,,,12:15,,,,
97602,,,,,,,,,,,,,,10:50,,,,,,,,,,12:03,,,,,,,
97304,,,,,,,,,,,,,,,,,,,,,,,,,,,12:23,,,,
97604,,,,,,,,,,,,,,,11:06,,,,,,,,,,,,12:27,,,,
96302,,,,,,,,,,,,,,11:02,,,,11:34,,,,,,,,,,,,,
97306,,,,,,,,,,,,,,,,,,,,,,,,,,,12:34,,,,
96602,,,,,,,,,,,,,,11:22,,,,,,,,,,,,,,,,,
97308,,,,,,,,,,,,,,11:10,,,,,,,,,,12:23,,,,,,,
96304,,,,,,,,,,,,,,11:31,,,,,,,,,,,,,12:40,11:24,,,
95902,,,,,,,,,,,,,,,,,,,,,,,,,,,,10:00,,,10:25
96104,,,,,,,,,,,,,,,,,,,,,,,,,,,12:44,,,,
97002,,,,,,,,,,,,,,11:15,,,,,,,,,,,,,12:44,11:08,,,
96604,,,,,,,,,,,,,,,,,,,,,,,,,,,12:48,,,,
96002,,,,,,,,,,,,,,11:22,,,,11:55,,,,,,,,,,,,,
96102,,,,,,,,,,,,,,11:46,,,,,,,,,,,,,12:48,,,,
97302,,,,,,,,,,,,,,,,,,,,,,,,,,,,,,,
97602,,,,,,,,,,,,,,,,,,,,,,,,,,,12:54,,,,
97304,,,,,,,,,,,,10:58,,,,,,,,,,,,,,,12:57,,,,
97604,,,,,,,,,,,,,,,,,,,,,,,,,,,13:02,,,,
96302,,,,,,,,,,,,,,11:35,,,,,,,,,,,,,13:05,11:28,,,
97306,,,,,,,,,,,,,,,11:48,,,,,,,,,,,,13:10,,,,
96602,,,,,,,,,,,,,,11:42,,,,,,,,,,12:58,,,,,,,
97308,,,,,,,,,,,,,,,,,,,,,,,,,,,13:15,,,,
96304,,,,,,,,,,,,11:25,,,,,,,,,,,,,,,13:19,,,,
95902,,,,,,,,,,,,,,11:50,,,,,,,,,,,,,13:22,,,,
96104,,,,,,,,,,,,,,12:22,,,,,,,,,,,,,13:25,12:16,,,
97002,,,,11:16,,,,,,,,,,11:54,,,,,,,,,,,,,13:26,11:47,,,
96604,,,,,,,,,,,,,,,12:08,,,,,,,,,,,,13:30,,,,
96002,,,,,,,,,,,,11:41,,,,,,,,,,,,,,,13:34,,,,
96102,,,,,,,,,,,,,,12:05,,,,,,,,,,13:22,,,,,,,
97302,,,,,,,,,,,,,,12:10,,,,,,,,,,,,,13:42,12:04,,,
97602,,,,,,,,,,,,12:15,,,12:43,,,,,,,,,,,,13:42,,,,
97304,,,,,,,,,,,,,,,,,,,,,,,,,,,13:46,,,,
97604,,,,,,,,,,,,12:00,,,,,,,,,,,,,,,13:50,,,,
96302,,,,,,,,,,,,,,,,,,,,,,,,,,,13:54,,,,
97306,,,,,,,,,,,,,,12:24,,,,12:57,,,,,,,,,,,,,
96602,,,,,,,,,,,,12:27,,,12:54,,,,,,,,,,,,,,,,
97308,,,,,,,,,,,,,,,,,,,,,,,,,,,,11:20,,,11:45
96304,,,,,,,,,,,,,,,,,,,,,,,,,,,13:59,,,,
95902,,,,,,,,,,,,,,,,,,,,,,,,,,,13:59,,,,
96104,,,,,,,,,,,,,,12:37,,,,,,,,,,,,,14:04,12:31,,,
97002,,,,,,,,,,,,,,12:40,,,,,,,,,,,,,14:08,,,,
96604,,,,,,,,,,,,,,,12:56,,,,,,,,,,,,14:16,,,,
96002,,,,,,,,,,,,,,,13:22,,,,,,,,,,,,14:20,,,,
96102,,,,,,,,,,,,,,12:53,,,,,,,,,,,,,14:21,,,,
97302,,,,,,,,,,,,,,,,,,,,,,,,,,,14:25,,,,
97602,,,,,,,,,,,,,,13:00,,,,,,,,,,,,,14:29,12:54,,,
97304,,,,,,,,,,,,,,,,,,,,,,,,,,,14:33,,,,
97604,,,,,,,,,,,,,,13:09,,,,13:40,,,,,,,,,,,,,
96302,,,,,,,,,,,,,,13:32,13:38,,,,,,,,,,,,14:38,13:25,,,
97306,,,,,,,,,,,,,,13:14,,,,,,,,,,,,,14:41,13:08,,,
96602,,,,,,,,,,,,,,13:19,,,,,,,,14:17,,,,,,,,,
97308,,,,,,,,,,,,,,13:36,13:42,,,,,,,,,,,,14:41,,,,
96304,,,,,,,,,,,,13:22,,,13:51,,,,,,,,,,14:40,,14:49,,,,
95902,,,,,,,,,,,,,,,13:32,,,,,,,,,,,,14:52,,,,
96104,,,,,,,,,,,,,,,14:00,,,,,,,,,,,,14:55,,,,
97002,,,,,,,,,,,,,,13:28,,,,,,,,,,,,,14:57,,,,
96604,,,,,,,,,,,,,,,,,,,,,,,,,,,15:01,,,,
96002,,,,,,,,,,,,,,13:35,,,,,,,,,,,,,15:04,13:29,,,
96102,,,,,,,,,,,,,,,13:48,,,,,,,,,14:53,,,,,,,
97302,,,,,,,,,,,,,,14:02,,,,,,,,,,,,,15:08,,,,
97602,,,,,,,,,,,,,,13:43,,,,,,,,,,,,,15:13,,,,
97304,,,,,,,,,,,,13:48,,,14:15,,,,,,,,,,,,,,,,
97604,,,,,,,,,,,,,,,,,,,,,,,,,,,15:17,,,,
96302,,,,,,,,,,,,,,,,,,,,,,,,,,,15:20,,,,
97306,,,,13:16,,,,,,,,,,13:52,,,,14:24,,,,,,,,,,13:47,,,
96602,,,,,,,,,,,,,,13:55,,,,,,,,,,,,,15:24,,,,
97308,,,,,,,,,,,,,,,14:08,,,,,,,,,,,,15:30,,,,
96304,,,,,,,,,,,,,,14:04,,,,,,,,,,15:17,,,,,,,
95902,,,,,,,,,,,,14:11,,,14:37,,,,,,,,,,,,15:35,,,,
96104,,,,,,,,,,,,,,14:08,,,,,,,,,,,,,15:36,14:01,,,
97002,,,,,,,,,,,,,,,14:44,,,,,,,,,,,,15:41,,,,
96604,,,,,,,,,,,,,,14:11,,,,,,,,,,,,,15:41,,,,
96002,,,,,,,,,,,,,,,,,,,,,,,,,,,15:45,,,,
96102,,,,,,,,,,,,,,,,,,,,,,,,,,,15:47,,,,
97302,,,,,,,,,,,,,,,,,,,,,,,,15:34,,,,,,,
97602,,,,,,,,,,,,,,,,,,14:53,,,,,,,,,,,,,
97304,,,,,,,,,,,,,,14:44,14:51,,,,,,,,,,,,15:49,14:37,,,
97604,,,,,,,,,,,,,,,14:54,,,,,,,,,,,,15:55,,,,
96302,,,,,,,,,,,,,,14:25,,,,,,,,,,,,,15:55,,,,
97306,,,,,,,,,,,,,,14:33,,,,,,,,,,,,,16:02,,,,
96602,,,,,,,,,,,,,,,,,,,,,,,,,,,16:06,,,,
97308,,,,,,,,,,,,,,,15:05,,,,,,,,,,,,16:09,,,,
96304,,,,,,,,,,,,,,14:41,,,,,,,,,,,,,16:11,,,,
95902,,,,,,,,,,,,,,,15:12,,,,,,,,,,,,16:14,13:48,,,
96104,,,,,,,,,,,,,,,14:56,,,,,,,,,,,,16:17,,,,
97002,,,,,,,,,,,,,,,,,,,,,,,,16:04,,,,,,,
96002,,,,,,,,,,,,14:57,,,,,,,,,,,,,,,16:23,,,,
96102,,,,,,,,,,,,,,,,,,,,,,,,,,,16:24,,,,
97302,,,,,,,,,,,,,,15:00,,,,,,,,,,,,,16:29,14:54,,,
97602,,,,,,,,,,,,,,,,,,,,,,,,,,,16:31,,,,
97304,,,,,,,,,,,,,,,,,,,,,,,,,,,16:34,,,,
97604,,,,,,,,,,,,,,15:10,,,,,,,,,,,,,16:38,,,,
96302,,,,,,,,,,,,,,15:14,,,,15:46,,,,,,,,,,,,,
97306,,,,,,,,,,,,,,,,,,,,,,,,,,,16:42,,,,
96602,,,,15:02,,,,,,,,,,15:40,15:47,,,,,,,,,,,,16:44,15:33,,,
97308,,,,,,,,,,,,,,,,,,,,,,,,,,,16:48,,,,
96304,,,,,,,,,,,,,,15:24,,,,,,,,,,,,,16:52,15:18,,,
95902,,,,,,,,,,,,15:32,,,15:58,,,,,,,,,,,,16:56,,,,
96104,,,,,,,,,,,,,,,15:35,,,,,,,,,,,,16:56,,,,
97002,,,,,,,,,,,,,,15:56,16:03,,,,,,,,,,,,17:02,15:49,,,
96604,,,,,,,,,,,,,,15:30,,,,,,,,,,,,,17:04,,,,
96002,,,,,,,,,,,,,,,,,,,,,,,,,,,17:08,,,,
96102,,,,,,,,,,,,15:47,,,16:13,,,,,,,,,,,,17:13,,,,
97302,,,,,,,,,,,,,,15:37,,,,,,,,,,,,,17:12,,,,
97602,,,,,,,,,,,,,,,,,,,,,,,,,,,17:16,,,,
97304,,,,,,,,,,,,,,15:47,,,,,,,,,,17:00,,,,,,,
97604,,,,,,,,,,,,,,15:51,,,,,,,,,,,,,17:20,15:45,,,
96302,,,,,,,,,,,,,,16:15,,,,,,,,,,,,,17:22,16:07,,,
97306,,,,,,,,,,,,,,,,,,,,,,,,,,,,14:55,,,15:20
96602,,,,,,,,,,,,,,,16:24,,,,,,,,,,,,17:26,,,,
97308,,,,,,,,,,,,,,,,,,,,,,,,,,,17:28,,,,
96304,,,,15:43,,,,,,,,,,16:21,,,,,,,,,,,,,17:30,16:14,,,
95902,,,,,,,,,,,,,,15:58,,,,16:30,,,,,,,,,,,,,
96104,,,,,,,,,,,,,,16:04,,,,,,,,,,,,,17:32,,,,
97002,,,,,,,,,,,,,,16:10,,,,,,,,,,,,,17:37,,,,
96604,,,,,,,,,,,,,,16:28,,,,,,,,,,,,,,,,,
96002,,,,,,,,,,,,,,,16:40,,,,,,,,,,,,17:37,,,,
96102,,,,,,,,,,,,,,,,,,,,,,,,,,,17:40,,,,
97302,,,,,,,,,,,,,,16:17,,,,,,,,,,17:29,,,,,,,
97602,,,,,,,,,,,,16:18,,,16:45,,,,,,,,,,,,17:41,,,,
97304,,,,,,,,,,,,,,16:42,16:50,,,,,,,,,,,,17:46,,,,
97604,,,,,,,,,,,,,,,,,,,,,,,,,,,17:48,,,,
96302,,,,,,,,,,,,,,16:48,16:55,,,,,,,,,,,,17:51,16:41,,,
97306,,,,,,,,,,,,,,16:24,,,,,,,,,,,,,17:53,,,,
96602,,,,,,,,,,,,,,,17:00,,,,,,,,,,,,17:57,,,,
97308,,,,,,,,,,,,,,,,,,,,,,,,,,,17:57,,,,
96304,,,,,,,,,,,,,,,16:38,,,,,,,,,,,,18:00,,,,
95902,,,,,,,,,,,,,,,,,,,,,,,,,,,18:03,,,,
96104,,,,,,,,,,,,,,,17:04,,,,,,,,,,,,,,,,
97002,,,,,,,,,,,,,,,,,,,,,,,,17:50,,,,,,,
96604,,,,,,,,,,,,,,17:03,17:09,,,,,,,,,,,,18:06,16:57,,,
96002,,,,,,,,,,,,16:47,,,,,,,,,,,,,,,18:10,,,,
96102,,,,,,,,,,,,,,,,,,,,,,,,,,,18:10,,,,
97302,,,,,,,,,,,,,,,16:55,,,,,,,,,,,,18:14,,,,
97602,,,,16:36,,,,,,,,,,17:12,,,,,,,,,,,,,18:14,17:07,,,
97304,,,,,,,,,,,,,,,,,,,,,,,,,,,18:18,,,,
97604,,,,,,,,,,,,17:00,,,17:26,,,,,,,,,,,,18:21,,,,
96302,,,,,,,,,,,,,,,,,,,,,,,,,,,18:22,,,,
97306,,,,,,,,,,,,,,16:57,,,,,,,,,,18:09,,,,,,,
96602,,,,,,,,,,,,,,17:23,17:29,,,,,,,,,,,,18:26,17:17,,,
97308,,,,,,,,,,,,,,,,,,,,,,,,,,,18:29,,,,
96304,,,,,,,,,,,,,,17:27,17:33,,,,,,,,,,,,18:30,,,,
95902,,,,,,,,,,,,,,,17:13,,,,,,,,,,,,18:33,,,,
96104,,,,,,,,,,,,,,17:30,17:36,,,,,,,,,,,,18:34,17:23,,,
97002,,,,,,,,,,,,,,,,,,,,,,,,,,,18:37,,,,
96002,,,,,,,,,,,,17:16,,,17:42,,,,,,,,,,,,18:38,,,,
96102,,,,,,,,,,,,,,,,,,,,,,,,,,,18:40,,,,
97302,,,,,,,,,,,,,,17:39,17:47,,,,,,,,,,,,18:42,,,,
97602,,,,,,,,,,,,,,17:13,,,,,,,,,,,,,18:45,,,,
97304,,,,,,,,,,,,,,,17:51,,,,,,,,,,,,18:46,,,,
97604,,,,,,,,,,,,,,,,,,,,,,,,,,,18:50,,,,
96302,,,,,,,,,,,,,,,17:32,,,,,,,,,18:38,,,,,,,
97306,,,,,,,,,,,,,,,17:56,,,,,,,,,,,,18:51,16:30,,,
96602,,,,,,,,,,,,,,17:53,17:59,,,,,,,,,,,,18:54,17:46,,,
97308,,,,,,,,,,,,,,17:27,,,,,,,,,,,,,18:59,,,,
96304,,,,,,,,,,,,,,,,,,,,,,,,,,,19:02,,,,
95902,,,,,,,,,,,,,,,,,,,,,,,,,,,19:06,,,,
96104,,,,,,,,,,,,,,17:37,,,,,,,,,,,,,19:10,,,,
97002,,,,,,,,,,,,,,,18:12,,,,,,,,,,,,19:11,,,,
96604,,,,,,,,,,,,,,,,,,,,,,,,,,,19:14,,,,
96002,,,,,,,,,,,,,,,17:58,,,,,,,,,,,,19:18,,,,
96102,,,,,,,,,,,,,,,,,,,,,,,,19:06,,,,,,,
97302,,,,,,,,,,,,,,18:14,18:21,,,,,,,,,,,,19:19,18:08,,,
97602,,,,,,,,,,,,,,,18:25,,,,,,,,,,,,,,,,
97304,,,,,,,,,,,,,,18:22,,,,,,,,,,,,,19:25,,,,
97604,,,,,,,,,,,,,,,,,,,,,,,,,,,19:26,,,,
96302,,,,,,,,,,,,,,,18:32,,,,,,,,,,,,19:28,,,,
97306,,,,,,,,,,,,,,18:00,,,,,,,,,,,,,19:30,,,,
96602,,,,17:50,,,,,,,,,,18:28,,,,,,,,,,,,,19:33,18:21,,,
97308,,,,,,,,,,,,,,,,,,,,,,,,19:18,,,,,,,
96304,,,,,,,,,,,,,,18:08,,,,18:39,,,,,,,,,,,,,
95902,,,,,,,,,,,,,,18:25,,,,,,,,,,,,,19:40,,,,
96104,,,,,,,,,,,,,,,18:20,,,,,,,,,,,,19:41,,,,
97002,,,,,,,,,,,,18:17,,,18:43,,,,,,,,,,,,19:44,,,,
96604,,,,,,,,,,,,,,,,,,,,,,,,,,,19:46,,,,
96002,,,,,,,,,,,,,,18:21,,,,,,,,,,,,,19:50,,,,
96102,,,,,,,,,,,,,,,18:49,,,,,,,,,,,,,,,,
97302,,,,,,,,,,,,,,18:46,18:53,,,,,,,,,,,,19:52,18:40,,,
97602,,,,,,,,,,,,,,,,,,,,,,,,,,,19:55,,,,
97304,,,,,,,,,,,,,,,18:37,,,,,,,,,19:42,,,,,,,
97604,,,,,,,,,,,,,,,18:57,,,,,,,,,,,,19:56,,,,
96302,,,,,,,,,,,,,,18:34,,,,,,,,,,,,,20:02,,,,
97306,,,,,,,,,,,,,,,,,,,,,,,,,,,20:06,,,,
96602,,,,,,,,,,,,,,,,,,,,,,,,19:52,,,,,,,
97308,,,,,,,,,,,,,,18:40,,,,19:12,,,,,,,,,,,,,
96304,,,,,,,,,,,,,,,18:52,,,,,,,,,,,,20:12,,,,
95902,,,,,,,,,,,,,,18:48,,,,,,,,19:46,,,,,,,,,
96104,,,,,,,,,,,,18:55,,,,,,,,,,,,,20:09,,20:18,,,,
97002,,,,,,,,,,,,,,18:51,,,,,,,,,,,,,20:22,,,,
96604,,,,,,,,,,,,,,,,,,,,,,,,,,,20:24,18:02,,,
96002,,,,18:15,,,,,,,,,,18:54,,,,,,,,,,,,,20:26,18:46,,,
96102,,,,,,,,,,,,,,,,,,,,,,,,,,,20:30,,,,
97302,,,,,,,,,,,,,,18:58,,,,19:30,,,,,,,,,,,,,
97602,,,,,,,,,,,,,,,,,,,,,,,,,,,,,,,
97304,,,,,,,,,,,,,,19:02,,,,,,,,,,,,,20:34,,,,
97604,,,,,,,,,,,,,,19:29,,,,,,,,,,,,,20:35,19:23,,,
96302,,,,,,,,,,,,,,,,,,,,,,,,,,,20:38,,,,
97306,,,,,,,,,,,,,,,,,,,,,,,,,20:32,,20:41,,,,
96602,,,,,,,,,,,,,,19:08,,,,,,,,,,20:23,,,,,,,
97308,,,,,,,,,,,,,,19:12,,,,,,,,,,,,,20:44,,,,
96304,,,,,,,,,,,,,,,,,,,,,,,,,,,20:48,,,,
95902,,,,,,,,,,,,,,19:17,,,,19:49,,,,,,,,,,19:11,,,
96104,,,,,,,,,,,,,,,19:28,,,,,,,,,,,,20:52,,,,
97002,,,,19:10,,,,,,,,,,19:47,,,,,,,,,,,,,20:55,19:41,,,
96604,,,,,,,,,,,,,,19:26,,,,,,,,,,,,,20:56,,,,
96002,,,,,,,,,,,,19:34,,,,,,,,,,,,,,,20:59,,,,
96102,,,,,,,,,,,,,,,,,,,,,,,,,,,20:59,,,,
97302,,,,,,,,,,,,,,19:38,,,,,,,,,,20:50,,,,,,,
97602,,,,,,,,,,,,,,,19:50,,,,,,,,,,,,21:12,,,,
97304,,,,,,,,,,,,,,19:45,,,,,,,,,,,,,21:16,,,,
97604,,,,,,,,,,,,,,19:48,,,,20:21,,,,,,,,,,,,,
96302,,,,,,,,,,,,,,,,,,,,,,,,,,,21:24,,,,
97306,,,,,,,,,,,,,,,20:25,,,,,,,,,,,,21:27,,,,
96602,,,,,,,,,,,,,,19:56,,,,,,,,,,,,,21:28,,,,
97308,,,,,,,,,,,,20:03,,,20:29,,,,,,,,,,21:21,,21:32,,,,
96304,,,,,,,,,,,,,,20:03,,,,,,,,,,,,,21:35,19:55,,,
95902,,,,,,,,,,,,,,20:10,,,,,,,,,,21:25,,,,,,,
96104,,,,,,,,,,,,,,,20:42,,,,,,,,,,21:30,,21:39,,,,
97002,,,,,,,,,,,,,,,20:23,,,,,,,,,,,,21:45,,,,
96604,,,,,,,,,,,,,,20:41,,,,,,,,,,,,,,,,,
96002,,,,,,,,,,,,,,,,,,,,,,,,,,,21:48,,,,
96102,,,,19:42,,,,,,,,,,20:21,,,,,,,,,,,,,21:52,20:13,,,
97302,,,,,,,,,,,,,,,20:33,,,,,,,,,,,,21:56,,,,
97602,,,,,,,,,,,,,,20:29,,,,,,,,,,,,,22:00,,,,
97304,,,,,,,,,,,,,,20:34,,,,,,,,,,,,,22:03,20:27,,,
97604,,,,,,,,,,,,,,,21:11,,,,,,,,,,,,22:07,,,,
96302,,,,,,,,,,,,,,20:38,,,,,,,,,,,,,22:08,,,,
97306,,,,,,,,,,,,,,20:43,,,,,,,,,,21:55,,,,,,,
96602,,,,,,,,,,,,20:46,,,21:15,,,,,,,,,,22:02,,22:11,,,,
97308,,,,,,,,,,,,20:22,,,,,,,,,,,,,,,22:15,,,,
96304,,,,20:33,,,,,,,,,,21:12,21:20,,,,,,,,,,,,22:20,21:04,,,
95902,,,,,,,,,,,,,,,,,,,,,,,,,,,22:20,,,,
96104,,,,,,,,,,,,,,20:50,,,,21:24,,,,,,,,,,,,,
97002,,,,,,,,,,,,,,,21:29,,,,,,,,,,,,22:28,,,,
96604,,,,,,,,,,,,,,20:55,,,,,,,,,,,,,22:28,20:47,,,
97310,,,,,,,,,,,,,,,21:08,,,,,,,,,,,,22:32,,,,
96002,,,,,,,,,,,,,,21:04,,,,,,,,22:03,,,,,,,,,
96102,,,,,,,,,,,,,,,,,,,,,,,,22:21,,,,,,,
97302,,,,,,,,,,,,,,21:26,21:34,,,,,,,,,,,,22:35,21:21,,,
97602,,,,,,,,,,,,,,,,,,,,,,,,,,,,20:03,,,20:28
97304,,,,,,,,,,,,,,,21:40,,,,,,,,,,22:28,,22:41,,,,
97604,,,,,,,,,,,,,,21:16,,,,,,,,,,,,,22:45,21:10,,,
96302,,,,,,,,,,,,,,21:19,,,,,,,,,,22:32,,,,,,,
97306,,,,,,,,,,,,,,,,,,,,,,,,,,,22:53,,,,
96602,,,,,,,,,,,,21:06,,,,,,,,,,,,,,,22:57,,,,
97308,,,,,,,,,,,,21:37,,,,,,,,,,,,,22:52,,23:01,,,,
96304,,,,,,,,,,,,,,,,,,,,,,,,,,,23:04,,,,
95902,,,,,,,,,,,,,,21:36,,,,,,,,,,,,,23:05,,,,
96104,,,,,,,,,,,,,,21:40,,,,,,,,,,,,,23:09,21:34,,,
97002,,,,,,,,,,,,,,,,,,,,,,,,22:57,,,,,,,
96604,,,,,,,,,,,,,,,,,,,,,,,,,,,23:18,,,,
96002,,,,,,,,,,,,,,,22:00,,,,,,,,,,,,23:22,,,,
96102,,,,,,,,,,,,21:58,,,,,,,,,,,,,23:17,,23:27,,,,
97302,,,,,,,,,,,,,,21:59,,,,,,,,,,,,,23:30,,,,
97602,,,,,,,,,,,,,,22:06,,,,,,,,,,,,,23:36,,,,
97304,,,,,,,,,,,,,,22:33,,,,,,,,,,,,,23:38,22:26,,,
97604,,,,,,,,,,,,,,,22:18,,,,,,,,,,,,23:40,,,,
96302,,,,,,,,,,,,,,,,,,,,,,,,,,,23:44,,,,
97306,,,,,,,,,,,,,,22:22,,,,,,,,,,,,,23:53,22:16,,,
96602,,,,,,,,,,,,,,22:26,,,,,,,,,,,,,23:58,,,,
97308,,,,,,,,,,,,,,,,,,,,,,,,,,,23:59,,,,
96304,,,,,,,,,,,,,,,,,,,,,,,,,,,00:02,,,,
95902,,,,,,,,,,,,,,,,,,,,,,,,,,,,21:09,,,21:34
96104,,,,,,,,,,,,,,,,,,,,,,,,,,,00:06,,,,
97002,,,,,,,,,,,,,,,22:48,,,,,,,,,23:52,,,,,,,
96604,,,,,,,,,,,,,,22:42,,,,23:16,,,,,,,,,,22:35,,,
96002,,,,22:10,,,,,,,,,,22:52,,,,,,,,,,,,,00:20,22:44,,,
96102,,,,,,,,,,,,,,22:56,,,,,,,,23:55,,,,,,,,,
97302,,,,,,,,,,,,,,23:15,,,,,,,,,,,,,00:22,,,,
97602,,,,,,,,,,,,22:40,,,,,,,,,,,,00:13,,,,,,,
97304,,,,,,,,,,,,,,23:04,,,,23:35,,,,,,,,,,,,,
97604,,,,,,,,,,,,,,,,,,,,,,00:06,,,,,,,,,
96302,,,,,,,,,,,,,,23:15,,,,,,,,,,,,,00:45,23:08,,,
97306,,,,,,,,,,,,,,23:19,,,,23:50,,,,,,,,,,,,,
96602,,,,,,,,,,,,23:04,,,,,,23:59,,,,,,,,,,,,,
97308,,,,,,,,,,,,,,23:30,,,,00:03,,,,,,,,,,23:24,,,
96304,,,,,,,,,,,,,,,,,,,,,,,,,,,01:05,22:15,,,
95902,,,,23:08,,,,,,,,,,23:43,,,,00:16,,,,,,,,,,23:38,,,
96104,,,,,,,,,,,,,,23:47,,,,00:20,,,,,,,,,,,,,
97002,,,,,,,,,,,,23:29,,,,,,,,,,,,,,,01:20,23:20,,,23:45
