TRAIN,CSMT,Masjid,Sandhurst Road,Byculla,Chinchpokli,Currey Road,Parel,Dadar,Matunga,Sion,Kurla,Vidyavihar,Ghatkopar,Vikhroli,Kanjurmarg,Bhandup,Nahur,Mulund,Thane,Kalwa,Mumbra,Diva Junction,Kopar,Dombivli,Thakurli,Kalyan,Vithalwadi,Ulhasnagar,Ambernath,Badlapur,Vangani,Shelu,Neral,Bhivpuri Road,Karjat,Palasdhari,Kelavli,Dolavli,Lowjee,Khopoli,Ambivli,Titwala,Khadavli,Vasind,Asangaon,Atgaon,Thansit,Khardi,Umbermali,Kasara
96301,00:02,00:05,00:07,00:10,00:12,00:14,00:17,00:20,00:23,00:26,00:30,00:33,00:36,00:40,00:43,00:46,00:49,00:52,00:56,01:01,01:07,01:11,01:16,01:20,01:24,01:30,1:35,1:38,1:46,,,,,,,,,,,,,,,,,,,,,
97601,00:05,00:08,00:10,00:13,00:15,00:17,00:20,00:23,00:26,00:29,00:33,,,,,,,,,,,,,,,,,,,,,,,,,,,,,,,,,,,,,,,
96401,00:08,00:11,00:13,00:16,00:18,00:20,00:23,00:26,00:29,00:32,00:36,00:39,00:42,00:46,00:49,00:52,00:55,00:58,01:02,01:07,01:13,01:17,01:22,01:26,01:30,01:37,,,,,,,,,,,,,,1:41,1:44,1:50,1:57,2:04,2:10,2:19,2:24,2:29,2:35,2:54
96101,00:12,00:15,00:17,00:20,00:22,00:24,00:27,00:30,00:33,00:36,00:40,00:43,00:46,00:50,00:53,00:56,00:59,01:02,01:06,01:11,01:17,01:21,01:26,01:30,01:34,01:40,1:44,1:47,1:51,1:58,2:06,2:10,2:14,2:21,2:33,,,,,,,,,,,,,,,
97301,00:24,00:27,00:29,00:32,00:34,00:36,00:39,00:42,00:45,00:48,00:52,00:55,00:58,01:02,01:05,01:08,01:11,01:14,01:19,,,,,,,,,,,,,,,,,,,,,,,,,,,,,,,
96001,,,,,,,,,,,,,,,,,,,,,,,,,,,,,,,,,,5:43,,5:48,5:55,5:58,6:02,6:08,,,,,,,,,,
96501,,,,,,,,,,,,,,,,,,,,,,,,,,05:28,,,,,,,,,,,,,,5:32,5:35,5:41,5:48,5:55,6:03,,,,,
96103,,,,,,,,,,,,,,,,,,05:00,,05:05,05:11,05:15,05:20,05:23,05:27,05:34,5:38,5:41,5:45,5:52,6:01,6:05,6:09,6:16,6:25,,,,,,,,,,,,,,,
97001,,,,,,,,,,,,,,,,,,05:04,,05:09,05:15,05:19,05:24,05:27,05:31,05:36,,,,,,,,,,,,,,,,,,,,,,,,
96105,,,,,,,,,,,,,,,,,,05:27,,05:32,05:38,05:42,05:47,05:50,05:54,06:01,6:05,6:08,6:12,6:19,6:28,6:32,6:36,6:43,6:52,,,,,,,,,,,,,,,
96603,,,,,,,,,,,,,,,,,,05:35,,05:40,05:46,05:50,05:55,05:58,06:02,06:08,,,,,,,,,,,,,,6:12,6:15,6:23,,,,,,,,
96107,04:47,04:50,04:52,04:55,04:57,04:59,05:02,05:05,05:08,05:11,05:15,05:18,05:21,05:25,05:28,05:31,05:34,05:37,05:42,05:47,05:53,05:57,06:02,06:05,06:09,06:16,6:20,6:23,6:27,6:34,6:43,6:47,6:51,6:58,7:08,,,,,,,,,,,,,,,
96503,,,,,,,,,,,,,,,,,,05:46,,05:51,05:57,06:01,06:06,06:09,06:13,06:20,,,,,,,,,,,,,,6:25,6:28,6:34,6:41,6:48,6:58,,,,,
96201,,,,,,,,,,,,05:26,05:29,05:33,05:36,05:39,05:42,05:45,05:50,05:55,06:01,06:05,06:10,06:13,06:17,06:23,6:27,6:30,6:34,6:43,,,,,,,,,,,,,,,,,,,,
97003,05:00,05:03,05:05,05:08,05:10,05:12,05:15,05:18,05:21,05:24,05:28,05:31,05:34,05:38,05:41,05:44,05:47,05:50,05:54,05:59,06:05,06:09,06:14,06:17,06:21,06:27,,,,,,,,,,,,,,,,,,,,,,,,
97005,,,,,,,,,,,,05:34,05:37,05:41,05:44,05:47,05:50,05:53,05:58,06:03,06:09,06:13,06:18,06:21,06:25,06:31,,,,,,,,,,,,,,,,,,,,,,,,
96405,05:07,05:10,05:12,05:15,05:17,05:19,05:22,05:25,05:28,05:31,05:35,05:38,05:41,05:45,05:48,05:51,05:54,05:57,06:02,06:07,06:13,06:17,06:22,06:25,06:29,06:36,,,,,,,,,,,,,,6:40,6:43,6:49,6:56,7:03,7:09,7:18,7:25,7:28,7:34,7:46
96505,05:12,05:15,05:17,05:20,05:22,05:24,05:27,05:30,05:33,05:36,05:40,05:43,05:46,05:50,05:53,05:56,05:59,06:02,06:07,06:12,06:18,06:22,06:27,06:30,06:34,06:41,,,,,,,,,,,,,,6:45,6:48,6:54,7:01,7:08,7:18,,,,,
96303,05:16,05:19,05:21,05:24,05:26,05:28,05:31,05:34,05:37,05:40,05:44,05:47,05:50,05:54,05:57,06:00,06:03,06:06,06:11,06:16,06:22,06:26,06:31,06:34,06:38,06:45,6:49,6:52,6:58,,,,,,,,,,,,,,,,,,,,,
95701,05:20,,,05:27,,,,05:33,,,05:40,,05:44,,,,,,06:01,,,,,06:17,,06:24,,,,,,,,,,,,,,,,,,,,,,,,
97007,,,,,,,,,,,,,,,,,,06:15,,06:20,06:26,06:30,06:35,06:38,06:42,06:47,,,,,,,,,,,,,,,,,,,,,,,,
96605,05:28,05:31,05:33,05:36,05:38,05:40,05:43,05:46,05:49,05:52,05:56,05:59,06:02,06:06,06:09,06:12,06:15,06:18,06:23,06:28,06:34,06:38,06:43,06:46,06:50,06:56,,,,,,,,,,,,,,7:00,7:03,7:11,,,,,,,,
97009,,,,,,,,,,,,06:05,06:08,06:12,06:15,06:18,06:21,06:24,06:30,06:36,06:42,06:46,06:51,06:54,06:57,07:04,,,,,,,,,,,,,,,,,,,,,,,,
96305,05:40,05:43,05:45,05:48,05:50,05:52,05:55,05:58,06:01,06:04,06:08,06:11,06:14,06:18,06:21,06:24,06:27,06:30,06:35,06:40,06:46,06:50,06:55,06:59,07:03,07:09,7:13,7:16,7:23,,,,,,,,,,,,,,,,,,,,,
95101,05:46,,,05:53,,,,05:59,,,06:06,,06:10,,,,,,06:25,,,,,06:41,,06:50,6:54,6:57,7:03,7:10,7:19,7:23,7:27,7:34,7:43,,,,,,,,,,,,,,,
97011,,,,,,,,,,,,06:15,06:18,06:22,06:25,06:28,06:31,06:34,06:39,06:44,06:50,06:54,06:59,07:03,07:07,07:14,,,,,,,,,,,,,,,,,,,,,,,,
96607,05:51,05:54,05:56,05:59,06:01,06:03,06:06,06:09,06:12,06:15,06:19,06:22,06:25,06:29,06:32,06:35,06:38,06:41,06:46,06:51,06:57,07:01,07:06,07:10,07:15,07:22,,,,,,,,,,,,,,7:26,7:29,7:37,,,,,,,,
97013,,,,,,,,,,,,06:26,06:29,06:33,06:36,06:39,06:42,06:45,06:50,06:55,07:01,07:05,07:10,07:14,07:19,07:25,,,,,,,,,,,,,,,,,,,,,,,,
96507,06:01,06:04,06:06,06:09,06:11,06:13,06:16,06:19,06:22,06:25,06:29,06:32,06:35,06:39,06:42,06:45,06:48,06:51,06:56,07:01,07:07,07:11,07:16,07:20,07:24,07:32,,,,,,,,,,,,,,7:36,7:39,7:45,7:52,7:59,8:07,,,,,
96609,06:14,06:17,06:19,06:22,06:24,06:26,06:29,06:32,06:35,06:38,06:42,06:45,06:48,06:52,06:55,06:58,07:01,07:04,07:08,07:13,07:19,07:23,07:28,07:32,07:36,07:43,,,,,,,,,,,,,,7:47,7:50,7:58,,,,,,,,
96307,,,,,,,,,,,,06:49,06:52,06:56,06:59,07:02,07:05,07:08,07:12,07:17,07:23,07:27,07:32,07:35,07:39,07:47,7:51,7:54,8:00,,,,,,,,,,,,,,,,,,,,,
97203,06:23,06:26,06:28,06:31,06:33,06:35,06:38,06:41,06:44,06:47,06:51,06:54,06:57,07:01,07:04,07:07,07:10,07:13,07:17,07:22,07:28,07:32,07:37,07:41,,,,,,,,,,,,,,,,,,,,,,,,,,
95201,06:24,,,06:32,,,,06:38,,,06:45,,,06:53,,,,07:01,07:05,,,,,07:20,,07:27,7:31,7:33,7:37,7:45,,,,,,,,,,,,,,,,,,,,
97019,,,,,,06:41,,06:44,06:47,06:50,06:54,06:57,07:00,07:04,07:07,07:10,07:13,07:16,07:21,07:26,07:32,07:36,07:41,07:45,07:49,07:55,,,,,,,,,,,,,,,,,,,,,,,,
96611,06:30,06:33,06:35,06:38,06:40,06:42,06:45,06:48,06:51,06:54,06:58,07:01,07:04,07:08,07:11,07:14,07:17,07:20,07:25,07:30,07:36,07:40,07:45,07:49,07:53,08:01,,,,,,,,,,,,,,8:05,8:08,8:15,,,,,,,,
97205,,,,,,,,,,,,07:04,07:07,07:11,07:14,07:17,07:20,07:23,07:28,07:33,07:39,07:43,07:48,07:52,,,,,,,,,,,,,,,,,,,,,,,,,,
96509,,,,,,,,,,,,,,,,,,,,,,,,,,08:04,,,,,,,,,,,,,,8:08,8:11,8:18,8:25,8:32,8:39,,,,,
97021,06:37,06:40,06:42,06:45,06:47,06:49,06:52,06:55,06:58,07:01,07:05,07:08,07:11,07:15,07:18,07:21,07:24,07:27,07:32,07:37,07:43,07:47,07:52,07:56,08:00,08:06,,,,,,,,,,,,,,,,,,,,,,,,
97305,06:41,06:44,06:46,06:49,06:51,06:53,06:56,06:59,07:02,07:05,07:09,07:12,07:15,07:19,07:22,07:25,07:28,07:31,07:36,,,,,,,,,,,,,,,,,,,,,,,,,,,,,,,
96309,06:48,06:51,06:53,06:56,06:58,07:00,07:03,07:06,07:09,07:12,07:16,07:19,07:22,07:26,07:29,07:32,07:35,07:38,07:43,07:48,07:54,07:58,08:03,08:07,08:11,08:17,8:21,8:24,8:30,,,,,,,,,,,,,,,,,,,,,
95105,06:49,,,06:56,,,,07:02,,,07:09,,07:13,,,,,07:24,07:28,,,,,07:43,,07:51,7:55,7:58,8:04,8:11,8:19,8:23,8:27,8:33,8:44,,,,,,,,,,,,,,,
97023,,,,,,,,,,,,07:23,07:26,07:30,07:33,07:36,07:39,07:42,07:47,07:52,07:58,08:02,08:07,08:11,08:15,08:20,,,,,,,,,,,,,,,,,,,,,,,,
95401,06:55,,,07:02,,,,07:08,,,07:15,,07:19,,,,,07:30,07:34,,,07:45,,07:49,,07:57,,,,,,,,,,,,,,8:02,8:05,8:12,8:19,8:26,8:36,8:45,8:50,8:55,9:02,9:14
96613,06:56,06:59,07:01,07:04,07:06,07:08,07:11,07:14,07:17,07:20,07:24,07:27,07:30,07:34,07:37,07:40,07:43,07:46,07:51,07:56,08:02,08:06,08:11,08:15,08:19,08:26,,,,,,,,,,,,,,8:30,8:33,8:41,,,,,,,,
97307,07:00,07:03,07:05,07:08,07:10,07:12,07:15,07:18,07:21,07:24,07:28,07:31,07:34,07:38,07:41,07:44,07:47,07:50,07:55,,,,,,,,,,,,,,,,,,,,,,,,,,,,,,,
95203,07:05,,,07:12,,,,07:19,,,07:26,,07:30,,,07:38,,,07:46,,,,,08:01,,08:09,8:13,8:16,8:22,8:32,,,,,,,,,,,,,,,,,,,,
97025,07:08,07:11,07:13,07:16,07:18,07:20,07:23,07:26,07:29,07:32,07:36,07:39,07:42,07:46,07:49,07:52,07:55,07:58,08:03,08:08,08:14,08:18,08:23,08:27,08:31,08:37,,,,,,,,,,,,,,,,,,,,,,,,
97309,07:12,07:15,07:17,07:20,07:22,07:24,07:27,07:30,07:33,07:36,07:40,07:43,07:46,07:50,07:53,07:56,07:59,08:02,08:07,,,,,,,,,,,,,,,,,,,,,,,,,,,,,,,
97029,07:32,07:35,07:37,07:40,07:42,07:44,07:47,07:50,07:53,07:56,08:00,08:03,08:06,08:10,08:13,08:16,08:19,08:22,08:27,08:32,08:38,08:42,08:47,08:51,08:55,09:01,,,,,,,,,,,,,,,,,,,,,,,,
97209,07:36,07:39,07:41,07:44,07:46,07:48,07:51,07:54,07:57,08:00,08:04,08:07,08:10,08:14,08:17,08:20,08:23,08:26,08:31,08:36,08:42,08:46,08:51,08:55,,,,,,,,,,,,,,,,,,,,,,,,,,
96511,07:42,07:45,07:47,07:50,07:52,07:54,07:57,08:00,08:03,08:06,08:10,08:13,08:16,08:20,08:23,08:26,08:29,08:32,08:37,08:42,08:48,08:52,08:57,09:01,09:05,09:11,,,,,,,,,,,,,,9:15,9:18,9:24,9:31,9:38,9:46,,,,,
95707,07:43,,,07:50,,,,07:56,,,08:03,,08:07,,,,,,08:23,,,,,08:39,,08:46,,,,,,,,,,,,,,,,,,,,,,,,
97313,07:46,07:49,07:51,07:54,07:56,07:58,08:01,08:04,08:07,08:10,08:14,08:17,08:20,08:24,08:27,08:30,08:33,08:36,08:42,,,,,,,,,,,,,,,,,,,,,,,,,,,,,,,
95205,07:55,,,08:02,,,,08:08,,,08:15,,08:19,,,,,08:30,08:38,,,08:49,,08:55,,09:03,9:07,9:10,9:14,9:22,,,,,,,,,,,,,,,,,,,,
97031,,,,,,08:05,,08:08,08:11,08:14,08:18,08:21,08:24,08:28,08:31,08:34,08:37,08:40,08:44,08:49,08:55,08:59,09:04,09:07,09:11,09:17,,,,,,,,,,,,,,,,,,,,,,,,
97033,07:53,07:56,07:58,08:01,08:03,08:05,08:09,08:12,08:15,08:18,08:22,08:25,08:28,08:32,08:35,08:38,08:41,08:44,08:48,08:53,08:59,09:03,09:08,09:11,09:15,09:21,,,,,,,,,,,,,,,,,,,,,,,,
97315,07:58,08:01,08:03,08:06,08:08,08:10,08:13,08:16,08:19,08:22,08:26,08:29,08:32,08:36,08:39,08:42,08:45,08:48,08:54,,,,,,,,,,,,,,,,,,,,,,,,,,,,,,,
95901,08:04,,,08:11,,,,08:17,,,08:24,,08:28,,,,,,08:46,,,,,,,,,,,,,,,,,,,,,,,,,,,,,,,
96615,,,,,,,,,,,,,,,,,,08:56,,09:01,09:07,09:11,09:16,09:19,09:23,09:30,,,,,,,,,,,,,,9:34,9:37,9:45,,,,,,,,
97035,,,,,,08:17,,08:22,08:25,08:28,08:32,08:35,08:38,08:42,08:45,08:48,08:51,08:54,08:59,09:06,09:12,09:16,09:21,09:24,09:28,09:34,,,,,,,,,,,,,,,,,,,,,,,,
97317,08:08,08:11,08:13,08:16,08:18,08:20,08:23,08:26,08:29,08:32,08:36,08:39,08:42,08:46,08:49,08:52,08:55,08:58,09:04,,,,,,,,,,,,,,,,,,,,,,,,,,,,,,,
97037,08:12,08:15,08:17,08:20,08:22,08:24,08:27,08:30,08:33,08:36,08:40,08:43,08:46,08:50,08:53,08:56,08:59,09:02,09:07,09:14,09:20,09:24,09:29,09:32,09:36,09:42,,,,,,,,,,,,,,,,,,,,,,,,
95107,08:16,,,08:24,,,,08:32,,,08:39,,08:43,,,,,,08:56,,,09:05,,09:09,,09:19,9:24,9:27,9:31,9:38,9:47,9:51,9:55,10:02,10:12,,,,,,,,,,,,,,,
97319,08:16,08:19,08:21,08:24,08:26,08:28,08:31,08:34,08:37,08:40,08:44,08:47,08:50,08:54,08:57,09:00,09:03,09:06,09:12,,,,,,,,,,,,,,,,,,,,,,,,,,,,,,,
97211,08:20,08:23,08:25,08:28,08:30,08:32,08:35,08:38,08:41,08:44,08:48,08:51,08:54,08:58,09:01,09:04,09:07,09:10,09:15,09:20,09:26,09:30,09:35,09:38,,,,,,,,,,,,,,,,,,,,,,,,,,
96617,,,,,,,,,,,,,,,,,,09:18,,09:23,09:29,09:33,09:38,09:41,09:45,09:52,,,,,,,,,,,,,,9:56,9:59,10:07,,,,,,,,
97321,,,,,,08:38,,08:41,08:45,08:48,08:52,08:55,08:58,09:02,09:05,09:08,09:11,09:14,09:19,,,,,,,,,,,,,,,,,,,,,,,,,,,,,,,
97605,08:41,08:44,08:46,08:49,08:51,08:53,08:56,08:59,09:03,09:06,09:10,,,,,,,,,,,,,,,,,,,,,,,,,,,,,,,,,,,,,,,
95303,08:45,,,08:53,,,,09:00,,,09:07,,09:11,,,09:19,,,09:27,,,,,09:43,,09:51,9:55,9:58,10:04,,,,,,,,,,,,,,,,,,,,,
97325,08:45,08:48,08:50,08:53,08:55,08:57,09:00,09:03,09:06,09:09,09:13,09:16,09:20,09:24,09:27,09:30,09:33,09:36,09:42,,,,,,,,,,,,,,,,,,,,,,,,,,,,,,,
95903,08:48,,,08:56,,,,09:03,,,09:10,,,09:18,,,,09:27,09:33,,,,,,,,,,,,,,,,,,,,,,,,,,,,,,,
97041,08:49,08:52,08:54,08:57,08:59,09:01,09:04,09:07,09:10,09:13,09:17,09:20,09:24,09:28,09:31,09:34,09:37,09:40,09:45,09:50,09:56,10:00,10:05,10:08,10:12,,,,,,,,,,,,,,,,,,,,,,,,,
95207,08:52,,,09:00,,,,09:07,,,09:14,,09:18,,,,,09:30,09:34,,,,,09:49,,09:56,10:01,10:04,10:08,10:17,,,,,,,,,,,,,,,,,,,,
97607,08:53,08:56,08:58,09:01,09:03,09:05,09:08,09:11,09:14,09:17,09:21,,,,,,,,,,,,,,,,,,,,,,,,,,,,,,,,,,,,,,,
95711,08:56,,,09:03,,,,09:10,,,09:17,,09:21,,,09:29,,,09:37,,,,,09:52,,09:58,,,,,,,,,,,,,,,,,,,,,,,,
96005,,,,,,,,,,,,,,,,,,,,,,,,,,,,,,,,,,10:40,,10:45,10:52,10:55,10:59,11:05,,,,,,,,,,
95109,09:01,,,09:08,,,,09:14,,,09:21,,09:25,,,09:33,,,09:41,,,,,09:56,,10:04,10:08,10:11,10:15,10:22,10:30,10:34,10:38,10:45,10:54,,,,,,,,,,,,,,,
97327,,,,,,09:12,,09:15,09:18,09:21,09:25,09:28,09:31,09:35,09:38,09:41,09:44,09:47,09:53,,,,,,,,,,,,,,,,,,,,,,,,,,,,,,,
97329,09:01,09:04,09:06,09:09,09:11,09:13,09:16,09:19,09:22,09:25,09:29,09:32,09:35,09:39,09:42,09:45,09:49,09:53,10:00,,,,,,,,,,,,,,,,,,,,,,,,,,,,,,,
95905,09:05,,,,,,,09:17,,,09:24,,,,,,,09:40,09:46,,,,,,,,,,,,,,,,,,,,,,,,,,,,,,,
97043,09:05,09:08,09:10,09:13,09:15,09:17,09:20,09:23,09:26,09:29,09:33,09:36,09:39,09:43,09:46,09:49,09:52,09:57,10:03,10:08,10:14,10:18,10:23,10:26,10:30,10:37,,,,,,,,,,,,,,,,,,,,,,,,
95209,09:09,,,09:16,,,,09:22,,,09:29,,09:33,09:37,,,,09:45,09:51,,,,,10:06,,10:13,10:17,10:20,10:24,10:32,,,,,,,,,,,,,,,,,,,,
97503,09:09,09:12,09:14,09:17,09:19,09:21,09:24,09:27,09:30,09:33,09:37,09:40,09:43,,,,,,,,,,,,,,,,,,,,,,,,,,,,,,,,,,,,,
97609,09:12,09:15,09:17,09:20,09:22,09:24,09:27,09:30,09:33,09:36,09:40,,,,,,,,,,,,,,,,,,,,,,,,,,,,,,,,,,,,,,,
95601,09:12,,,09:20,,,,09:26,,,09:33,,09:37,,,09:45,,,09:55,,,,,10:11,,10:18,,,,,,,,,,,,,,10:23,10:26,10:35,,,,,,,,
97611,09:23,09:26,09:28,09:31,09:33,09:35,09:38,09:41,09:44,09:47,09:51,,,,,,,,,,,,,,,,,,,,,,,,,,,,,,,,,,,,,,,
97047,09:26,09:29,09:31,09:34,09:36,09:38,09:41,09:44,09:47,09:50,09:54,09:57,10:00,10:04,10:07,10:10,10:13,10:16,10:20,10:25,10:31,10:35,10:40,10:43,10:47,10:53,,,,,,,,,,,,,,,,,,,,,,,,
95603,09:27,,,09:34,,,,09:40,,,09:47,,09:51,09:55,,,,10:04,10:10,,,,,10:25,,10:33,,,,,,,,,,,,,,10:38,10:41,10:50,,,,,,,,
95111,09:30,,,09:38,,,,09:44,,,09:51,,09:55,,,10:05,,,10:14,,,,,10:30,,10:38,10:42,10:45,10:49,10:56,11:04,11:08,11:12,11:19,11:28,,,,,,,,,,,,,,,
97333,09:30,09:33,09:35,09:38,09:40,09:42,09:45,09:48,09:51,09:54,09:58,10:01,10:04,10:08,10:11,10:14,10:17,10:20,10:25,,,,,,,,,,,,,,,,,,,,,,,,,,,,,,,
97215,,,,,,09:48,,09:51,09:54,09:57,10:01,10:04,10:07,10:11,10:14,10:17,10:20,10:23,10:28,10:33,10:39,10:43,10:48,10:51,,,,,,,,,,,,,,,,,,,,,,,,,,
97049,09:34,09:37,09:39,09:42,09:45,09:48,09:51,09:54,09:57,10:00,10:04,10:07,10:10,10:14,10:17,10:20,10:23,10:26,10:31,10:36,10:42,10:46,10:51,10:54,10:58,11:04,,,,,,,,,,,,,,,,,,,,,,,,
95405,09:34,,,09:42,,,,09:48,,,09:55,,09:59,,,,,10:12,10:17,,,10:28,,10:35,,10:43,,,,,,,,,,,,,,10:48,10:51,10:57,11:04,11:11,11:20,11:29,11:39,,11:45,11:57
97051,09:37,09:40,09:42,09:45,09:48,09:51,09:54,09:57,10:00,10:03,10:07,10:10,10:13,10:17,10:20,10:23,10:26,10:29,10:34,10:40,10:46,10:50,10:55,10:58,11:02,11:08,,,,,,,,,,,,,,,,,,,,,,,,
95605,09:38,,,09:46,,,,09:52,,,09:59,,10:03,,,,,10:16,10:21,,,10:32,,10:39,,10:47,,,,,,,,,,,,,,10:52,10:55,11:04,,,,,,,,
97335,09:41,09:44,09:46,09:49,09:51,09:54,09:57,10:00,10:03,10:06,10:10,10:13,10:16,10:20,10:23,10:26,10:29,10:32,10:38,,,,,,,,,,,,,,,,,,,,,,,,,,,,,,,
95907,09:42,,,,,,,09:55,,,10:02,,10:06,,,,,10:18,10:24,,,,,,,,,,,,,,,,,,,,,,,,,,,,,,,
97613,09:45,09:48,09:50,09:53,09:55,09:57,10:00,10:03,10:06,10:09,10:13,,,,,,,,,,,,,,,,,,,,,,,,,,,,,,,,,,,,,,,
95213,09:46,,,09:53,,,,09:59,,,10:06,,10:10,10:14,,,,10:22,10:27,,,,,10:42,,10:50,10:54,10:56,11:00,11:09,,,,,,,,,,,,,,,,,,,,
97337,09:49,09:52,09:54,09:57,09:59,10:01,10:04,10:07,10:10,10:13,10:17,10:20,10:23,10:27,10:30,10:33,10:36,10:39,10:46,,,,,,,,,,,,,,,,,,,,,,,,,,,,,,,
95307,09:51,,,09:58,,,,10:04,,,10:11,,,10:19,,,,10:27,10:32,,,,,10:47,,10:55,11:00,11:03,11:08,,,,,,,,,,,,,,,,,,,,,
96619,09:53,09:56,09:58,10:01,10:03,10:05,10:08,10:11,10:14,10:17,10:21,10:24,10:27,10:31,10:34,10:37,10:40,10:43,10:50,10:56,11:02,11:06,11:11,11:14,11:18,11:24,,,,,,,,,,,,,,11:29,11:33,11:41,,,,,,,,
97505,09:57,10:00,10:02,10:05,10:07,10:09,10:12,10:15,10:18,10:21,10:25,10:28,10:31,,,,,,,,,,,,,,,,,,,,,,,,,,,,,,,,,,,,,
95113,09:57,,,10:05,,,,10:11,,,10:18,,10:22,,,,,,10:38,,,10:49,,10:55,,11:04,11:09,11:12,11:16,11:23,11:31,11:35,11:39,11:46,11:55,,,,,,,,,,,,,,,
96007,,,,,,,,,,,,,,,,,,,,,,,,,,,,,,,,,,12:00,,12:05,12:12,12:15,12:19,12:25,,,,,,,,,,
95309,10:12,,,10:19,,,,10:25,,,10:32,,10:36,,,10:46,,,10:54,,,,,11:09,,11:16,11:20,11:23,11:29,,,,,,,,,,,,,,,,,,,,,
97055,10:14,10:17,10:19,10:22,10:24,10:26,10:29,10:32,10:34,10:37,10:41,10:44,10:47,10:51,10:54,10:57,11:00,11:03,11:08,11:13,11:19,11:23,11:28,11:32,11:36,11:42,,,,,,,,,,,,,,,,,,,,,,,,
95407,10:16,,,10:23,,,,10:29,,,10:36,,10:40,,,,,10:53,10:57,,,11:07,,11:13,,11:21,,,,,,,,,,,,,,11:26,11:29,11:35,11:42,11:49,11:55,12:04,12:14,,12:20,12:34
97341,10:18,10:21,10:23,10:26,10:28,10:30,10:33,10:36,10:39,10:42,10:46,10:49,10:52,10:56,10:59,11:02,11:05,11:08,11:13,,,,,,,,,,,,,,,,,,,,,,,,,,,,,,,
95217,10:20,,,10:27,,,,10:33,,,10:40,,10:44,10:48,,,,10:56,11:00,,,,,11:16,,11:24,11:29,11:32,11:37,11:46,,,,,,,,,,,,,,,,,,,,
97217,10:22,10:25,10:27,10:30,10:32,10:34,10:37,10:40,10:43,10:46,10:50,10:53,10:56,11:00,11:03,11:06,11:09,11:12,11:16,11:21,11:27,11:31,11:36,11:40,,,,,,,,,,,,,,,,,,,,,,,,,,
95311,10:25,,,10:32,,,,10:38,,,10:45,,10:49,,,10:57,,,11:06,,,11:15,,11:22,,11:30,11:34,11:37,11:45,,,,,,,,,,,,,,,,,,,,,
97057,,,,,,10:40,,10:44,10:48,10:51,10:55,10:58,11:01,11:05,11:08,11:11,11:15,11:19,11:24,11:28,11:34,11:38,11:43,11:46,11:50,11:56,,,,,,,,,,,,,,,,,,,,,,,,
95715,,,,,,,,10:45,,,10:53,,10:57,,,,,,11:14,,,,,11:29,,11:36,,,,,,,,,,,,,,,,,,,,,,,,
97343,10:27,10:30,10:32,10:35,10:37,10:39,10:44,10:47,10:51,10:54,10:58,11:01,11:04,11:09,11:12,11:15,11:18,11:22,11:28,,,,,,,,,,,,,,,,,,,,,,,,,,,,,,,
97617,10:30,10:33,10:35,10:38,10:40,10:42,10:47,10:52,10:55,10:58,11:02,,,,,,,,,,,,,,,,,,,,,,,,,,,,,,,,,,,,,,,
97219,10:34,10:37,10:39,10:42,10:44,10:46,10:51,10:55,10:59,11:02,11:06,11:09,11:12,11:16,11:19,11:22,11:25,11:28,11:33,11:37,11:43,11:47,11:52,11:55,,,,,,,,,,,,,,,,,,,,,,,,,,
95115,10:36,,,10:44,,,,10:50,,,10:57,,11:01,,,11:09,,,11:17,,,,,11:32,,11:40,11:45,11:48,11:52,11:59,12:07,12:11,12:15,12:22,12:32,,,,,,,,,,,,,,,
97345,10:39,10:42,10:44,10:47,10:49,10:51,10:55,10:59,11:03,11:06,11:10,11:13,11:16,11:20,11:23,11:26,11:29,11:32,11:37,,,,,,,,,,,,,,,,,,,,,,,,,,,,,,,
95219,10:40,,,10:47,,,,10:53,,,11:00,,11:04,11:08,,,,11:16,11:21,,,,,11:36,,11:48,11:52,11:55,11:59,12:07,,,,,,,,,,,,,,,,,,,,
97619,10:44,10:47,10:49,10:52,10:54,10:56,10:59,11:02,11:06,11:09,11:13,,,,,,,,,,,,,,,,,,,,,,,,,,,,,,,,,,,,,,,
97059,10:48,10:51,10:53,10:56,10:58,11:00,11:03,11:06,11:10,11:13,11:17,11:20,11:23,11:27,11:30,11:33,11:36,11:39,11:45,11:50,11:56,12:00,12:05,12:08,12:12,12:18,,,,,,,,,,,,,,,,,,,,,,,,
95607,10:48,,,10:55,,,,11:01,,,11:08,,11:12,,,,,11:24,11:28,,,,,11:44,,11:53,,,,,,,,,,,,,,11:57,12:00,12:08,,,,,,,,
97347,10:51,10:54,10:56,10:59,11:01,11:03,11:06,11:09,11:13,11:16,11:20,11:23,11:26,11:30,11:33,11:36,11:39,11:42,11:48,,,,,,,,,,,,,,,,,,,,,,,,,,,,,,,
95313,10:52,,,10:59,,,,11:05,,,11:12,,11:16,,,,,,11:31,,,,,11:47,,11:57,12:01,12:04,12:09,,,,,,,,,,,,,,,,,,,,,
97621,11:00,11:03,11:05,11:08,11:10,11:12,11:15,11:19,11:22,11:25,11:29,,,,,,,,,,,,,,,,,,,,,,,,,,,,,,,,,,,,,,,
96621,11:04,11:07,11:09,11:12,11:14,11:16,11:19,11:22,11:25,11:28,11:32,11:35,11:38,11:42,11:45,11:48,11:51,11:54,12:00,12:06,12:12,12:16,12:21,12:24,12:28,12:34,,,,,,,,,,,,,,12:38,12:41,12:49,,,,,,,,
97351,11:07,11:10,11:12,11:15,11:17,11:19,11:22,11:25,11:28,11:31,11:35,11:38,11:41,11:45,11:48,11:51,11:54,11:57,12:03,,,,,,,,,,,,,,,,,,,,,,,,,,,,,,,
97623,11:12,11:15,11:17,11:20,11:22,11:24,11:27,11:30,11:33,11:36,11:40,,,,,,,,,,,,,,,,,,,,,,,,,,,,,,,,,,,,,,,
95117,11:14,,,11:21,,,,11:27,,,11:34,,11:38,,,,,11:49,11:53,,,,,12:08,,12:17,12:21,12:24,12:28,12:35,12:43,12:47,12:51,12:58,13:08,,,,,,,,,,,,,,,
96009,,,,,,,,,,,,,,,,,,,,,,,,,,,,,,,,,,13:15,,13:20,13:27,13:30,13:34,13:40,,,,,,,,,,
96109,,,,,,,,,,,,,,,,,,12:05,,12:10,12:16,12:20,12:25,12:28,12:32,12:39,12:44,12:47,12:51,12:58,13:06,13:10,13:14,13:21,13:31,,,,,,,,,,,,,,,
97353,11:16,11:19,11:21,11:24,11:26,11:28,11:31,11:34,11:37,11:40,11:44,11:47,11:50,11:54,11:57,12:00,12:03,12:06,12:11,,,,,,,,,,,,,,,,,,,,,,,,,,,,,,,
95315,11:18,,,11:25,,,,11:31,,,11:38,,11:42,,,11:50,,,11:58,,,12:09,,12:15,,12:24,12:28,12:31,12:36,,,,,,,,,,,,,,,,,,,,,
97063,11:20,11:23,11:25,11:28,11:30,11:32,11:35,11:38,11:41,11:44,11:48,11:51,11:54,11:58,12:01,12:04,12:07,12:10,12:15,12:20,12:26,12:30,12:35,12:38,12:42,12:48,,,,,,,,,,,,,,,,,,,,,,,,
96623,11:24,11:27,11:29,11:32,11:34,11:36,11:39,11:42,11:45,11:48,11:52,11:55,11:58,12:02,12:05,12:08,12:11,12:14,12:19,12:24,12:30,12:34,12:39,12:43,12:47,12:53,,,,,,,,,,,,,,12:57,13:00,13:08,,,,,,,,
97065,,,,,,11:42,,11:45,11:48,11:51,11:55,11:58,12:01,12:05,12:08,12:11,12:14,12:17,12:23,12:28,12:34,12:38,12:43,12:46,12:50,12:56,,,,,,,,,,,,,,,,,,,,,,,,
97221,11:30,11:33,11:35,11:38,11:40,11:42,11:45,11:48,11:51,11:54,11:58,12:01,12:04,12:08,12:11,12:14,12:17,12:21,12:27,12:32,12:38,12:42,12:47,12:50,,,,,,,,,,,,,,,,,,,,,,,,,,
97067,,,,,,,,,,12:01,,12:05,12:08,12:12,12:15,12:18,12:21,12:24,12:30,12:35,12:41,12:45,12:50,12:54,12:58,13:04,,,,,,,,,,,,,,,,,,,,,,,,
95801,11:37,,,11:44,,,,11:51,,,11:58,,12:02,,,12:10,,,12:17,,,,,12:32,,,,,,,,,,,,,,,,,,,,,,,,,,
97355,11:36,11:39,11:41,11:44,11:46,11:48,11:51,11:54,11:57,12:00,12:04,12:08,12:11,12:15,12:18,12:21,12:24,12:27,12:33,,,,,,,,,,,,,,,,,,,,,,,,,,,,,,,
96311,11:40,11:43,11:45,11:48,11:50,11:52,11:55,11:58,12:01,12:04,12:08,12:12,12:15,12:19,12:22,12:25,12:28,12:31,12:37,12:42,12:48,12:52,12:57,13:00,13:04,13:12,13:16,13:19,13:24,,,,,,,,,,,,,,,,,,,,,
95409,11:42,,,11:49,,,,11:55,,,12:02,,12:06,,,,,12:18,12:22,,,12:33,,12:38,,12:47,,,,,,,,,,,,,,12:52,12:55,13:01,13:08,13:15,13:21,13:30,13:35,13:40,13:46,13:58
97357,11:45,11:48,11:50,11:53,11:55,11:57,12:00,12:03,12:06,12:09,12:13,12:17,12:20,12:24,12:27,12:30,12:33,12:36,12:40,,,,,,,,,,,,,,,,,,,,,,,,,,,,,,,
95223,11:50,,,11:57,,,,12:03,,,12:10,,12:14,,,,,,12:30,,,,,12:46,,12:54,12:58,13:01,13:05,13:12,,,,,,,,,,,,,,,,,,,,
95225,,,,,,,,12:30,,,12:38,,12:42,,,,,,12:57,,,,,13:13,,13:21,13:25,13:28,13:32,13:39,,,,,,,,,,,,,,,,,,,,
96203,,,,,,,,,,,,,,,,,,13:06,,13:11,13:17,13:21,13:26,13:29,13:33,13:40,13:45,13:48,13:52,13:59,,,,,,,,,,,,,,,,,,,,
97073,12:15,12:18,12:20,12:23,12:25,12:27,12:30,12:33,12:36,12:39,12:43,12:46,12:49,12:53,12:56,12:59,13:02,13:05,13:10,13:15,13:21,13:25,13:30,13:34,13:38,13:44,,,,,,,,,,,,,,,,,,,,,,,,
97225,,,,,,12:34,,12:37,12:41,12:44,12:48,12:51,12:54,12:58,13:01,13:04,13:07,13:10,13:15,13:20,13:26,13:30,13:35,13:39,,,,,,,,,,,,,,,,,,,,,,,,,,
95005,12:20,,,12:27,,,,12:33,,,12:41,,12:45,,,,,,13:01,,,,,13:17,,13:25,13:30,13:33,13:37,13:44,13:52,13:56,14:00,14:07,14:18,14:23,14:30,14:33,14:37,14:43,,,,,,,,,,
97359,12:24,12:27,12:29,12:32,12:34,12:36,12:39,12:42,12:45,12:48,12:52,12:55,12:58,13:02,13:05,13:08,13:11,13:14,13:20,,,,,,,,,,,,,,,,,,,,,,,,,,,,,,,
95717,12:25,,,12:32,,,,12:38,,,12:46,,12:50,,,,,,13:06,,,,,13:22,,13:29,,,,,,,,,,,,,,,,,,,,,,,,
97075,12:27,12:30,12:32,12:35,12:37,12:39,12:42,12:45,12:48,12:51,12:55,12:58,13:01,13:05,13:08,13:11,13:14,13:17,13:23,13:28,13:34,13:38,13:43,13:46,13:50,13:56,,,,,,,,,,,,,,,,,,,,,,,,
95411,12:30,,,12:37,,,,12:43,,,12:50,,12:54,,,,,13:06,13:12,,,13:23,,13:29,,13:37,,,,,,,,,,,,,,13:41,13:44,13:50,13:57,14:04,14:10,14:19,14:25,14:29,14:35,14:47
97077,12:32,12:35,12:37,12:40,12:42,12:44,12:47,12:50,12:53,12:56,13:00,13:03,13:06,13:10,13:13,13:16,13:19,13:22,13:27,13:32,13:38,13:42,13:47,13:50,13:54,14:00,,,,,,,,,,,,,,,,,,,,,,,,
97227,12:38,12:41,12:43,12:46,12:48,12:50,12:53,12:56,12:59,13:02,13:06,13:09,13:12,13:16,13:19,13:22,13:25,13:28,13:33,13:38,13:44,13:48,13:53,13:57,,,,,,,,,,,,,,,,,,,,,,,,,,
96627,12:44,12:47,12:49,12:52,12:54,12:56,12:59,13:02,13:05,13:08,13:12,13:15,13:18,13:22,13:25,13:28,13:31,13:34,13:39,13:44,13:50,13:54,13:59,14:02,14:06,14:14,,,,,,,,,,,,,,14:18,14:21,14:29,,,,,,,,
96315,12:48,12:51,12:53,12:56,12:58,13:00,13:03,13:06,13:09,13:12,13:16,13:19,13:22,13:26,13:29,13:32,13:35,13:38,13:42,13:47,13:53,13:57,14:02,14:05,14:09,14:15,14:19,14:22,14:28,,,,,,,,,,,,,,,,,,,,,
97079,12:52,12:55,12:57,13:00,13:02,13:04,13:07,13:10,13:13,13:16,13:20,13:23,13:26,13:30,13:33,13:36,13:39,13:42,13:46,13:51,13:57,14:01,14:06,14:09,14:13,14:19,,,,,,,,,,,,,,,,,,,,,,,,
97081,,,,,,13:10,,13:13,13:17,13:20,13:24,13:27,13:30,13:34,13:37,13:40,13:43,13:46,13:50,13:55,14:01,14:05,14:10,14:13,14:17,14:23,,,,,,,,,,,,,,,,,,,,,,,,
95719,12:53,,,13:01,,,,13:07,,,13:14,,13:18,,,,,,13:34,,,,,13:49,,13:57,,,,,,,,,,,,,,,,,,,,,,,,
95317,,,,,,,,13:10,,,13:17,,13:21,,,13:29,,,13:37,,,,,13:53,,14:02,14:06,14:09,14:14,,,,,,,,,,,,,,,,,,,,,
97361,12:58,13:01,13:03,13:06,13:08,13:10,13:13,13:17,13:21,13:24,13:28,13:31,13:34,13:38,13:42,13:45,13:48,13:52,13:58,,,,,,,,,,,,,,,,,,,,,,,,,,,,,,,
97083,13:02,13:05,13:07,13:10,13:12,13:14,13:17,13:21,13:25,13:28,13:32,13:35,13:38,13:42,13:46,13:49,13:52,13:56,14:01,14:06,14:12,14:16,14:21,14:24,14:28,14:33,,,,,,,,,,,,,,,,,,,,,,,,
96629,,,,,,,,,,,,,,,,,,14:05,,14:11,14:17,14:21,14:26,14:29,14:34,14:43,,,,,,,,,,,,,,14:49,14:52,14:59,,,,,,,,
95227,13:23,,,13:30,,,,13:36,,,13:43,,13:47,,,,,,14:02,,,,,14:19,,14:28,14:32,14:35,14:40,14:49,,,,,,,,,,,,,,,,,,,,
97229,,,,,,13:35,,13:38,13:42,13:45,13:49,13:52,13:55,13:59,14:02,14:05,14:08,14:11,14:17,14:22,14:28,14:32,14:37,14:40,,,,,,,,,,,,,,,,,,,,,,,,,,
97085,13:26,13:29,13:31,13:34,13:36,13:38,13:41,13:44,13:47,13:50,13:54,13:57,14:00,14:04,14:07,14:10,14:13,14:16,14:22,14:27,14:33,14:37,14:42,14:45,14:49,14:55,,,,,,,,,,,,,,,,,,,,,,,,
96515,13:30,13:33,13:35,13:38,13:40,13:42,13:45,13:48,13:51,13:54,13:58,14:01,14:04,14:08,14:11,14:14,14:17,14:20,14:26,14:31,14:37,14:41,14:46,14:49,14:53,15:00,,,,,,,,,,,,,,15:04,15:07,15:13,15:20,15:27,15:35,,,,,
97365,13:38,13:41,13:43,13:46,13:48,13:50,13:53,13:56,13:59,14:02,14:06,14:09,14:12,14:16,14:19,14:22,14:25,14:28,14:34,,,,,,,,,,,,,,,,,,,,,,,,,,,,,,,
95121,13:40,,,13:47,,,,13:53,,,14:00,,14:04,,,,,14:16,14:20,,,,,14:35,,14:43,14:47,14:50,14:54,15:01,15:09,15:13,15:17,15:24,15:35,,,,,,,,,,,,,,,
96011,,,,,,,,,,,,,,,,,,,,,,,,,,,,,,,,,,15:39,,15:44,15:51,15:54,15:58,16:04,,,,,,,,,,
97087,,,,,,,,,,,,,,,,,,14:33,,14:38,14:44,14:48,14:53,14:56,15:00,15:06,,,,,,,,,,,,,,,,,,,,,,,,
96631,13:42,13:45,13:47,13:50,13:52,13:54,13:57,14:00,14:03,14:06,14:10,14:13,14:16,14:20,14:23,14:26,14:29,14:32,14:37,14:42,14:48,14:52,14:57,15:00,15:04,15:10,,,,,,,,,,,,,,15:14,15:17,15:24,,,,,,,,
97089,13:46,13:49,13:51,13:54,13:56,13:58,14:01,14:04,14:07,14:10,14:14,14:17,14:20,14:24,14:27,14:30,14:33,14:36,14:41,14:46,14:52,14:56,15:01,15:04,15:08,15:14,,,,,,,,,,,,,,,,,,,,,,,,
95229,13:50,,,13:57,,,,14:03,,,14:11,,14:15,,,,,14:27,14:31,,,14:42,,14:47,,14:54,14:59,15:02,15:06,15:15,,,,,,,,,,,,,,,,,,,,
96205,13:50,13:53,13:55,13:58,14:00,14:02,14:05,14:08,14:11,14:14,14:18,14:21,14:24,14:28,14:31,14:34,14:37,14:40,14:45,14:50,14:56,15:00,15:05,15:08,15:12,15:18,15:23,15:26,15:30,15:39,,,,,,,,,,,,,,,,,,,,
97231,13:54,13:57,13:59,14:02,14:04,14:06,14:09,14:12,14:15,14:18,14:22,14:25,14:28,14:32,14:35,14:38,14:41,14:44,14:49,14:54,15:00,15:04,15:09,15:13,,,,,,,,,,,,,,,,,,,,,,,,,,
97367,13:58,14:01,14:03,14:06,14:08,14:10,14:13,14:16,14:19,14:22,14:26,14:29,14:32,14:36,14:39,14:42,14:45,14:48,14:54,,,,,,,,,,,,,,,,,,,,,,,,,,,,,,,
95909,,,,,,,,14:21,,,14:29,,14:33,,,,,,14:47,,,,,,,,,,,,,,,,,,,,,,,,,,,,,,,
97091,,,,,,,,,,14:29,,14:33,14:36,14:40,14:43,14:46,14:49,14:52,14:56,15:01,15:07,15:11,15:16,15:19,15:23,15:29,,,,,,,,,,,,,,,,,,,,,,,,
96633,14:07,14:10,14:12,14:15,14:17,14:19,14:22,14:25,14:28,14:31,14:35,14:38,14:41,14:45,14:48,14:51,14:54,14:57,15:01,15:06,15:12,15:16,15:21,15:24,15:28,15:34,,,,,,,,,,,,,,15:38,15:41,15:49,,,,,,,,
97093,14:11,14:14,14:16,14:19,14:21,14:23,14:26,14:29,14:32,14:35,14:39,14:42,14:45,14:49,14:52,14:55,14:58,15:01,15:05,15:10,15:16,15:20,15:25,15:28,15:32,15:38,,,,,,,,,,,,,,,,,,,,,,,,
96207,14:15,14:18,14:20,14:23,14:25,14:27,14:30,14:33,14:36,14:39,14:43,14:46,14:49,14:53,14:56,14:59,15:02,15:05,15:09,15:14,15:20,15:24,15:29,15:32,15:36,15:42,15:47,15:50,15:54,16:02,,,,,,,,,,,,,,,,,,,,
95413,14:17,,,14:26,,,,14:32,,,14:40,,14:44,,,,,14:55,15:00,,,15:11,,15:16,,15:26,,,,,,,,,,,,,,15:31,15:35,15:44,15:51,15:58,16:04,16:13,16:18,16:23,16:29,16:41
95123,14:45,,,14:52,,,,14:58,,,15:05,,15:09,,,,,,15:25,,,15:36,,15:42,,15:51,15:55,15:58,16:03,16:10,16:18,16:22,16:26,16:33,16:42,,,,,,,,,,,,,,,
97101,,,,,,14:57,,15:00,15:03,15:06,15:10,15:13,15:16,15:20,15:23,15:26,15:29,15:32,15:37,15:42,15:48,15:52,15:57,16:00,16:04,16:10,,,,,,,,,,,,,,,,,,,,,,,,
96409,14:46,14:49,14:51,14:54,14:56,14:58,15:01,15:04,15:07,15:10,15:14,15:17,15:20,15:24,15:27,15:30,15:33,15:36,15:41,15:46,15:52,15:56,16:01,16:04,16:08,16:14,,,,,,,,,,,,,,16:18,16:21,16:27,16:35,16:43,16:49,16:58,17:03,17:08,17:14,17:26
96321,14:54,14:57,14:59,15:02,15:04,15:06,15:09,15:12,15:15,15:18,15:22,15:25,15:28,15:32,15:35,15:38,15:41,15:44,15:49,15:54,16:00,16:04,16:09,16:12,16:16,16:23,16:27,16:30,16:36,,,,,,,,,,,,,,,,,,,,,
97103,14:58,15:01,15:03,15:06,15:08,15:10,15:13,15:16,15:19,15:22,15:26,15:29,15:32,15:36,15:39,15:42,15:45,15:48,15:53,15:58,16:04,16:08,16:13,16:16,16:20,16:26,,,,,,,,,,,,,,,,,,,,,,,,
97371,15:01,15:04,15:06,15:10,15:12,15:14,15:17,15:20,15:23,15:26,15:30,15:33,15:36,15:40,15:43,15:46,15:49,15:52,15:58,,,,,,,,,,,,,,,,,,,,,,,,,,,,,,,
95231,15:03,,,15:11,,,,15:17,,,15:24,,15:28,,,,,,15:43,,,,,15:59,,16:07,16:11,16:14,16:18,16:27,,,,,,,,,,,,,,,,,,,,
96209,,,,,,,,,,,,,,,,,,15:58,,16:03,16:09,16:13,16:18,16:21,16:25,16:31,16:35,16:38,16:42,16:52,,,,,,,,,,,,,,,,,,,,
97105,,,,,,15:21,,15:24,15:27,15:30,15:34,15:37,15:40,15:44,15:47,15:50,15:53,15:56,16:01,16:06,16:12,16:16,16:21,16:24,16:28,16:34,,,,,,,,,,,,,,,,,,,,,,,,
96635,15:09,15:12,15:14,15:17,15:19,15:21,15:25,15:28,15:31,15:34,15:38,15:41,15:44,15:48,15:51,15:54,15:57,16:00,16:05,16:10,16:16,16:20,16:25,16:28,16:32,16:39,,,,,,,,,,,,,,16:43,16:46,16:54,,,,,,,,
95007,15:10,,,15:18,,,,15:24,,,15:32,,15:36,,,,,15:48,15:52,,,,,16:08,,16:18,16:22,16:24,16:28,16:36,16:45,16:49,16:53,17:01,17:11,17:16,17:23,17:26,17:30,17:36,,,,,,,,,,
97233,15:13,15:16,15:18,15:21,15:23,15:25,15:29,15:32,15:35,15:38,15:42,15:45,15:48,15:52,15:55,15:58,16:01,16:04,16:09,16:14,16:20,16:24,16:29,16:33,,,,,,,,,,,,,,,,,,,,,,,,,,
95721,15:14,,,15:22,,,,15:28,,,15:35,,15:39,,,,,,15:55,,,,,16:12,,16:20,,,,,,,,,,,,,,,,,,,,,,,,
95611,,,,,,,,15:33,,,15:40,,15:44,,,,,,15:59,,,,,16:15,,16:24,,,,,,,,,,,,,,16:28,16:31,16:39,,,,,,,,
97107,15:18,15:21,15:23,15:26,15:28,15:30,15:33,15:36,15:39,15:42,15:46,15:49,15:52,15:56,15:59,16:02,16:05,16:08,16:13,16:18,16:24,16:28,16:33,16:36,16:40,16:46,,,,,,,,,,,,,,,,,,,,,,,,
97235,15:24,15:27,15:29,15:32,15:34,15:36,15:39,15:42,15:45,15:48,15:52,15:55,15:58,16:02,16:05,16:08,16:11,16:14,16:19,16:24,16:30,16:34,16:39,16:43,,,,,,,,,,,,,,,,,,,,,,,,,,
97373,15:28,15:31,15:33,15:36,15:38,15:40,15:43,15:46,15:49,15:52,15:56,15:59,16:02,16:06,16:09,16:12,16:15,16:18,16:24,,,,,,,,,,,,,,,,,,,,,,,,,,,,,,,
96517,15:32,15:35,15:37,15:40,15:42,15:44,15:47,15:50,15:53,15:56,16:00,16:03,16:06,16:10,16:13,16:16,16:19,16:22,16:27,16:32,16:38,16:42,16:47,16:51,16:55,17:02,,,,,,,,,,,,,,17:06,17:09,17:15,17:22,17:29,17:37,,,,,
95125,15:35,,,15:43,,,,15:50,,,15:57,,16:01,,,,,16:12,16:16,,,16:27,,16:33,,16:42,16:47,16:50,16:54,17:03,17:12,17:16,17:20,17:27,17:37,,,,,,,,,,,,,,,
97109,,,,,,15:50,,15:53,15:56,15:59,16:03,16:06,16:09,16:13,16:16,16:19,16:22,16:26,16:31,16:36,16:42,16:46,16:51,16:54,16:58,17:05,,,,,,,,,,,,,,,,,,,,,,,,
97239,16:00,16:03,16:05,16:08,16:10,16:12,16:15,16:18,16:21,16:24,16:28,16:31,16:34,16:38,16:41,16:44,16:47,16:50,16:56,17:01,17:07,17:11,17:16,17:20,,,,,,,,,,,,,,,,,,,,,,,,,,
95319,16:08,,,16:17,,,16:23,16:26,16:29,16:33,,,,16:41,,,,,16:50,,,,,17:05,,17:12,17:16,17:19,17:24,,,,,,,,,,,,,,,,,,,,,
97115,16:04,16:07,16:09,16:12,16:14,16:16,16:19,16:22,16:25,16:28,16:32,16:35,16:38,16:42,16:45,16:48,16:51,16:54,16:59,17:05,17:11,17:15,17:20,17:23,17:27,17:33,,,,,,,,,,,,,,,,,,,,,,,,
97377,16:08,16:11,16:13,16:16,16:18,16:20,16:23,16:26,16:29,16:32,16:36,16:39,16:42,16:46,16:49,16:52,16:55,16:58,17:04,,,,,,,,,,,,,,,,,,,,,,,,,,,,,,,
95723,16:11,,,16:20,,,,16:29,,,16:36,,16:40,,,,,,16:54,,,,,17:10,,17:19,,,,,,,,,,,,,,,,,,,,,,,,
96325,16:13,16:16,16:18,16:21,16:23,16:25,16:28,16:31,16:34,16:37,16:41,16:44,16:47,16:51,16:54,16:57,17:00,17:03,17:08,17:13,17:19,17:23,17:28,17:31,17:35,17:41,17:45,17:48,17:54,,,,,,,,,,,,,,,,,,,,,
95509,16:17,,,16:25,,,,16:32,,,16:39,,16:43,,,,,16:54,16:58,,,17:12,,17:18,,17:29,,,,,,,,,,,,,,17:34,17:37,17:43,17:50,17:57,18:06,,,,,
97379,16:17,16:20,16:22,16:25,16:27,16:29,16:32,16:35,16:38,16:41,16:45,16:48,16:51,16:55,16:58,17:01,17:04,17:08,17:15,,,,,,,,,,,,,,,,,,,,,,,,,,,,,,,
96639,16:21,16:24,16:26,16:29,16:31,16:33,16:36,16:39,16:42,16:45,16:49,16:52,16:55,16:59,17:02,17:05,17:08,17:12,17:18,17:23,17:29,17:33,17:38,17:41,17:45,17:51,,,,,,,,,,,,,,17:55,17:58,18:06,,,,,,,,
95127,16:30,,,16:37,,,,16:43,,,16:50,,16:54,,,,,17:06,17:10,,,,,17:25,,17:34,17:38,17:41,17:45,17:52,18:00,18:04,18:08,18:15,18:24,,,,,,,,,,,,,,,
97117,,,,,,,,,,16:54,,16:58,17:01,17:05,17:08,17:11,17:14,17:17,17:22,17:27,17:33,17:37,17:42,17:45,17:49,17:55,,,,,,,,,,,,,,,,,,,,,,,,
97119,,,,,,,,,,,,,,,,,,17:25,,17:30,17:36,17:40,17:45,17:48,17:52,17:58,,,,,,,,,,,,,,,,,,,,,,,,
97381,16:30,16:33,16:35,16:38,16:40,16:42,16:45,16:48,16:51,16:54,16:58,17:01,17:04,17:08,17:11,17:14,17:17,17:20,17:26,,,,,,,,,,,,,,,,,,,,,,,,,,,,,,,
97241,16:34,16:37,16:39,16:42,16:44,16:46,16:49,16:52,16:55,16:58,17:02,17:05,17:08,17:12,17:15,17:18,17:21,17:24,17:29,17:34,17:40,17:44,17:49,17:52,,,,,,,,,,,,,,,,,,,,,,,,,,
97383,16:38,16:41,16:43,16:46,16:48,16:50,16:53,16:56,16:59,17:02,17:06,17:09,17:12,17:16,17:19,17:22,17:25,17:28,17:35,,,,,,,,,,,,,,,,,,,,,,,,,,,,,,,
97625,16:43,16:46,16:48,16:51,16:53,16:55,16:58,17:01,17:04,17:07,17:11,,,,,,,,,,,,,,,,,,,,,,,,,,,,,,,,,,,,,,,
97121,,,,,,,,,,,,17:15,17:18,17:22,17:25,17:28,17:31,17:34,17:40,17:45,17:51,17:55,18:00,18:04,18:08,18:14,,,,,,,,,,,,,,,,,,,,,,,,
95235,16:42,,,16:49,,,,16:55,,,17:02,,17:07,,,,,,17:23,,,17:34,,17:40,,17:47,17:51,17:54,17:59,18:07,,,,,,,,,,,,,,,,,,,,
97123,16:48,16:51,16:53,16:56,16:58,17:00,17:03,17:06,17:09,17:12,17:16,17:19,17:22,17:26,17:29,17:32,17:35,17:38,17:44,17:49,17:55,17:59,18:04,18:08,18:12,18:18,,,,,,,,,,,,,,,,,,,,,,,,
95415,16:50,,,16:57,,,,17:04,,,17:11,,17:15,,,,,,17:31,17:37,17:43,17:47,17:52,17:56,18:00,18:07,,,,,,,,,,,,,,18:12,18:15,18:21,18:28,18:35,18:41,18:50,18:55,19:00,19:06,19:18
97127,17:00,17:03,17:05,17:08,17:10,17:12,17:15,17:19,17:23,17:26,17:30,17:33,17:36,17:40,17:43,17:46,17:49,17:52,17:58,18:03,18:09,18:13,18:18,18:22,18:26,18:34,,,,,,,,,,,,,,,,,,,,,,,,
97387,17:04,17:07,17:09,17:12,17:14,17:16,17:19,17:22,17:26,17:29,17:33,17:36,17:39,17:43,17:46,17:49,17:52,17:55,18:00,,,,,,,,,,,,,,,,,,,,,,,,,,,,,,,
97245,17:08,17:11,17:13,17:16,17:18,17:20,17:23,17:26,17:30,17:33,17:37,17:40,17:43,17:47,17:50,17:53,17:56,17:59,18:05,18:10,18:16,18:20,18:25,18:29,,,,,,,,,,,,,,,,,,,,,,,,,,
97389,17:12,17:15,17:17,17:20,17:22,17:24,17:27,17:30,17:33,17:36,17:40,17:43,17:46,17:50,17:53,17:56,17:59,18:02,18:08,,,,,,,,,,,,,,,,,,,,,,,,,,,,,,,
95725,,,,,,,,17:30,,,17:37,,17:41,,,,,17:53,17:57,,,,,18:12,,18:18,,,,,,,,,,,,,,,,,,,,,,,,
97129,17:16,17:19,17:21,17:24,17:26,17:28,17:31,17:34,17:37,17:40,17:44,17:47,17:50,17:54,17:57,18:00,18:03,18:06,18:12,18:17,18:23,18:27,18:32,18:35,18:39,18:46,,,,,,,,,,,,,,,,,,,,,,,,
95511,17:19,,,17:28,,,,17:34,,,17:41,,17:45,,,,,,18:01,,,18:11,,18:17,,18:26,,,,,,,,,,,,,,18:31,18:34,18:40,18:47,18:54,19:02,,,,,
95237,17:22,,,17:30,,,,17:37,,,17:44,,,17:52,,,,,18:04,,,,,18:20,,18:28,18:32,18:35,18:39,18:48,,,,,,,,,,,,,,,,,,,,
97131,,,,,,17:35,,17:38,17:41,17:44,17:48,17:51,17:54,17:58,18:01,18:04,18:07,18:10,18:15,18:20,18:26,18:30,18:35,18:38,18:42,18:49,,,,,,,,,,,,,,,,,,,,,,,,
97391,17:24,17:27,17:29,17:32,17:34,17:36,17:39,17:42,17:45,17:48,17:52,17:55,17:58,18:02,18:05,18:08,18:11,18:14,18:20,,,,,,,,,,,,,,,,,,,,,,,,,,,,,,,
95727,17:25,,,17:33,,,,17:40,,,17:47,,17:51,,,,,18:03,18:07,18:13,18:19,18:23,18:28,18:32,18:35,18:42,,,,,,,,,,,,,,,,,,,,,,,,
97627,17:28,17:31,17:33,17:36,17:38,17:40,17:43,17:46,17:49,17:52,17:56,,,,,,,,,,,,,,,,,,,,,,,,,,,,,,,,,,,,,,,
97133,,,,,,,,,,,,17:59,18:02,18:06,18:09,18:12,18:15,18:18,18:23,18:28,18:34,18:38,18:43,18:47,18:51,18:57,,,,,,,,,,,,,,,,,,,,,,,,
95613,17:29,,,17:36,,,,17:43,,,17:50,,17:54,,,,,18:06,18:10,,,,,18:25,,18:34,,,,,,,,,,,,,,18:38,18:41,18:49,,,,,,,,
97393,17:32,17:35,17:37,17:40,17:42,17:44,17:47,17:50,17:53,17:56,18:00,18:03,18:06,18:10,18:13,18:16,18:19,18:22,18:28,,,,,,,,,,,,,,,,,,,,,,,,,,,,,,,
95009,17:33,,,17:40,,,,17:47,,,17:54,,17:58,,,,,,18:13,,,,,18:28,,18:38,18:42,18:45,18:49,18:56,19:04,19:08,19:12,19:19,19:28,19:33,19:40,19:43,19:47,19:55,,,,,,,,,,
97135,17:36,17:39,17:41,17:44,17:46,17:48,17:51,17:54,17:57,18:00,18:04,18:07,18:10,18:14,18:17,18:20,18:23,18:26,18:31,18:36,18:42,18:46,18:51,18:54,18:58,19:04,,,,,,,,,,,,,,,,,,,,,,,,
95803,17:37,,,17:44,,,,17:51,,,17:58,,18:02,,,18:10,,,18:19,18:24,18:30,18:34,18:39,18:43,,,,,,,,,,,,,,,,,,,,,,,,,,
95323,17:41,,,17:48,,,,17:54,,,18:01,,,18:09,,,,18:17,18:22,,,,,18:37,,18:46,18:50,18:52,18:57,,,,,,,,,,,,,,,,,,,,,
97247,,,,,,17:55,,17:58,18:01,18:04,18:08,18:11,18:14,18:18,18:21,18:24,18:27,18:30,18:35,18:40,18:46,18:50,18:55,18:58,,,,,,,,,,,,,,,,,,,,,,,,,,
97139,17:52,17:55,17:57,18:00,18:02,18:04,18:07,18:10,18:13,18:16,18:20,18:23,18:26,18:30,18:33,18:36,18:39,18:42,18:46,18:52,18:58,19:02,19:07,19:11,19:15,19:21,,,,,,,,,,,,,,,,,,,,,,,,
95615,17:56,,,18:03,,,,18:10,,,18:18,,18:22,,,,,,18:37,,,18:47,,18:53,,19:02,,,,,,,,,,,,,,19:07,19:10,19:20,,,,,,,,
96211,,,,,,,,,,,,,,,,,,18:50,,18:55,19:01,19:05,19:10,19:14,19:18,19:26,19:31,19:34,19:38,19:47,,,,,,,,,,,,,,,,,,,,
97249,17:57,18:00,18:02,18:05,18:07,18:09,18:12,18:15,18:18,18:21,18:25,18:28,18:31,18:35,18:38,18:41,18:44,18:49,18:55,19:00,19:06,19:10,19:15,19:19,,,,,,,,,,,,,,,,,,,,,,,,,,
95239,17:59,,,18:06,,,,18:13,,,18:21,,18:25,,,,,,18:41,,,,,18:56,,19:05,19:09,19:12,19:16,19:26,,,,,,,,,,,,,,,,,,,,
95731,18:03,,,,,,,18:16,,,18:24,,,18:32,,,,18:40,18:44,18:49,18:55,18:59,19:04,19:08,19:12,19:18,,,,,,,,,,,,,,,,,,,,,,,,
97141,,,,,,18:15,,18:19,18:23,18:26,18:30,18:33,18:36,18:40,18:43,18:46,18:49,18:53,18:58,19:03,19:09,19:13,19:18,19:22,19:26,19:32,,,,,,,,,,,,,,,,,,,,,,,,
97397,18:03,18:06,18:08,18:11,18:13,18:15,18:18,18:23,18:27,18:30,18:34,18:37,18:40,18:44,18:47,18:50,18:53,18:57,19:02,,,,,,,,,,,,,,,,,,,,,,,,,,,,,,,
95325,18:06,,,18:13,,,,18:20,,,18:27,,18:31,,,,,,18:47,,,,,19:01,,19:10,19:14,19:17,19:22,,,,,,,,,,,,,,,,,,,,,
97143,18:07,18:10,18:12,18:15,18:17,18:19,18:22,18:26,18:30,18:33,18:37,18:40,18:43,18:47,18:50,18:53,18:56,19:00,19:05,19:09,19:15,19:19,19:24,19:27,19:31,19:37,,,,,,,,,,,,,,,,,,,,,,,,
95911,18:10,,,,,,,18:23,,,18:30,,,,,18:40,,18:45,18:52,,,,,,,,,,,,,,,,,,,,,,,,,,,,,,,
97145,18:14,18:17,18:19,18:22,18:24,18:26,18:29,18:32,18:35,18:38,18:42,18:45,18:48,18:52,18:55,18:58,19:01,19:04,19:09,19:14,19:20,19:24,19:29,19:32,19:36,19:42,,,,,,,,,,,,,,,,,,,,,,,,
97251,18:18,18:21,18:23,18:26,18:28,18:30,18:33,18:36,18:39,18:42,18:46,18:49,18:52,18:56,18:59,19:02,19:05,19:08,19:13,19:18,19:24,19:28,19:33,19:37,,,,,,,,,,,,,,,,,,,,,,,,,,
95129,18:21,,,18:29,,,,18:36,,,18:43,,18:47,,,,,,18:59,,,19:10,,19:16,,19:23,19:27,19:30,19:34,19:41,19:49,19:53,19:57,20:04,20:13,,,,,,,,,,,,,,,
96013,,,,,,,,,,,,,,,,,,,,,,,,,,,,,,,,,,20:36,,20:41,20:48,20:51,20:55,21:01,,,,,,,,,,
97631,18:22,18:25,18:27,18:30,18:32,18:34,18:37,18:40,18:43,18:46,18:50,,,,,,,,,,,,,,,,,,,,,,,,,,,,,,,,,,,,,,,
95327,18:25,,,18:33,,,,18:40,,,18:47,,18:51,,,,,19:02,19:06,,,,,19:21,,19:29,19:34,19:37,19:42,,,,,,,,,,,,,,,,,,,,,
97147,,,,,,,,,,,,,,,,,,19:20,,19:25,19:31,19:35,19:40,19:43,19:47,19:53,,,,,,,,,,,,,,,,,,,,,,,,
97399,18:26,18:29,18:31,18:34,18:36,18:38,18:41,18:44,18:47,18:50,18:54,18:57,19:00,19:04,19:07,19:10,19:13,19:17,19:23,,,,,,,,,,,,,,,,,,,,,,,,,,,,,,,
97149,,,,,,18:45,,18:48,18:51,18:54,18:58,19:01,19:04,19:08,19:11,19:14,19:17,19:20,19:25,19:30,19:36,19:40,19:45,19:48,19:52,19:58,,,,,,,,,,,,,,,,,,,,,,,,
95617,18:39,,,18:46,,,,18:52,,,18:59,,19:03,,,19:11,,,19:21,,,19:32,,19:38,,19:46,,,,,,,,,,,,,,19:50,19:53,20:01,,,,,,,,
97253,18:41,18:44,18:46,18:49,18:51,18:53,18:56,18:59,19:02,19:05,19:09,19:12,19:15,19:19,19:22,19:25,19:28,19:31,19:36,19:42,19:48,19:52,19:57,20:01,,,,,,,,,,,,,,,,,,,,,,,,,,
95241,18:42,,,18:49,,,,18:55,,,19:02,,19:06,,,,,19:18,19:24,19:29,,,,19:41,,19:49,19:53,19:56,20:00,20:08,,,,,,,,,,,,,,,,,,,,
97403,18:45,18:48,18:50,18:53,18:55,18:57,19:00,19:03,19:06,19:09,19:13,19:16,19:19,19:23,19:26,19:29,19:32,19:35,19:42,,,,,,,,,,,,,,,,,,,,,,,,,,,,,,,
95735,18:50,,,18:58,,,,19:04,,,19:11,,19:15,,,19:23,,,19:33,19:39,19:45,19:49,19:54,19:58,20:02,20:08,,,,,,,,,,,,,,,,,,,,,,,,
97633,18:49,18:52,18:54,18:57,18:59,19:01,19:04,19:07,19:10,19:13,19:17,,,,,,,,,,,,,,,,,,,,,,,,,,,,,,,,,,,,,,,
95131,18:53,,,19:01,,,,19:07,,,19:14,,19:18,,,,,,19:36,,,,,19:52,,20:00,20:04,20:07,20:12,20:19,20:27,20:31,20:35,20:42,20:52,,,,,,,,,,,,,,,
95619,18:57,,,19:04,,,,19:10,,,19:17,,,19:24,,,,19:32,19:39,,19:47,,,19:56,,20:04,,,,,,,,,,,,,,20:08,20:11,20:20,,,,,,,,
95737,,,,,,,,19:13,,,19:20,,19:24,,,,,19:35,19:42,19:47,19:53,19:57,20:02,20:06,20:10,20:16,,,,,,,,,,,,,,,,,,,,,,,,
96213,,,,,,,,,,,,,,,,,,19:45,,19:51,19:57,20:01,20:06,20:10,20:14,20:20,20:25,20:28,20:32,20:41,,,,,,,,,,,,,,,,,,,,
97151,,,,,,19:10,,19:14,19:17,19:20,19:24,19:27,19:30,19:34,19:37,19:40,19:43,19:46,19:51,19:57,20:03,20:07,20:12,20:16,20:20,20:26,,,,,,,,,,,,,,,,,,,,,,,,
97405,18:58,19:01,19:03,19:06,19:08,19:10,19:13,19:17,19:20,19:23,19:27,19:30,19:33,19:37,19:40,19:43,19:46,19:49,19:54,,,,,,,,,,,,,,,,,,,,,,,,,,,,,,,
95913,19:00,,,,,,,19:16,,,,,,19:30,,19:35,,19:40,19:44,,,,,,,,,,,,,,,,,,,,,,,,,,,,,,,
97153,19:03,19:06,19:08,19:11,19:13,19:15,19:18,19:21,19:24,19:27,19:31,19:34,19:37,19:41,19:44,19:47,19:50,19:53,19:58,20:04,20:10,20:14,20:19,20:23,20:27,20:33,,,,,,,,,,,,,,,,,,,,,,,,
97255,19:07,19:10,19:12,19:15,19:17,19:19,19:22,19:25,19:28,19:31,19:35,19:38,19:41,19:45,19:48,19:51,19:54,19:57,20:02,20:08,20:14,20:18,20:23,20:27,,,,,,,,,,,,,,,,,,,,,,,,,,
96113,,,,,,,,,,,,,,,,,,20:05,,20:11,20:17,20:21,20:26,20:30,20:34,20:41,20:45,20:48,20:52,20:59,21:08,21:12,21:16,21:23,21:32,,,,,,,,,,,,,,,
96015,,,,,,,,,,,,,,,,,,,,,,,,,,,,,,,,,,21:42,,21:47,21:54,21:57,22:01,22:07,,,,,,,,,,
97407,,,,,,19:25,,19:28,19:31,19:34,19:38,19:41,19:44,19:48,19:51,19:54,19:57,20:00,20:06,,,,,,,,,,,,,,,,,,,,,,,,,,,,,,,
95243,19:14,,,19:21,,,,19:28,,,19:35,,19:39,,,,,19:50,19:54,,,,,20:09,,20:16,20:20,20:23,20:27,20:35,,,,,,,,,,,,,,,,,,,,
97155,19:14,19:17,19:19,19:22,19:24,19:26,19:29,19:32,19:35,19:38,19:42,19:45,19:48,19:52,19:55,19:58,20:01,20:04,20:09,20:15,20:21,20:25,20:31,20:34,20:38,20:45,,,,,,,,,,,,,,,,,,,,,,,,
95739,19:29,,,19:38,,,,19:44,,,19:51,,19:55,,,,,20:05,20:09,,,,,20:24,,20:32,,,,,,,,,,,,,,,,,,,,,,,,
95621,19:30,,,19:40,,,,19:47,,,19:54,,,20:01,,,,20:08,20:12,,,,,20:27,,20:36,,,,,,,,,,,,,,20:41,20:44,20:52,,,,,,,,
97159,,,,,,,,,,19:54,,19:58,20:01,20:05,20:08,20:11,20:14,20:17,20:22,20:27,20:33,20:37,20:42,20:45,20:49,20:55,,,,,,,,,,,,,,,,,,,,,,,,
97257,,,,,,19:47,,19:49,19:51,19:54,19:57,20:01,20:04,20:08,20:11,20:14,20:17,20:20,20:25,20:30,20:36,20:40,20:45,20:49,,,,,,,,,,,,,,,,,,,,,,,,,,
96329,,,,,,,,,,,,,,,,,,20:28,,20:34,20:40,20:44,20:49,20:52,20:56,21:03,21:07,21:10,21:16,,,,,,,,,,,,,,,,,,,,,
96215,19:34,19:37,19:39,19:43,19:45,19:47,19:50,19:53,19:56,19:59,20:03,20:06,20:09,20:13,20:16,20:19,20:22,20:25,20:31,20:37,20:43,20:47,20:52,20:55,20:59,21:07,21:11,21:14,21:21,21:29,,,,,,,,,,,,,,,,,,,,
97161,19:38,19:41,19:43,19:46,19:48,19:50,19:53,19:56,20:00,20:03,20:07,20:10,20:13,20:17,20:20,20:23,20:26,20:29,20:34,20:40,20:46,20:50,20:55,20:59,21:03,21:09,,,,,,,,,,,,,,,,,,,,,,,,
95331,19:42,,,19:49,,,,19:56,,,20:04,,20:08,,,20:16,,,20:24,,,20:35,,20:41,,20:49,20:53,20:56,21:01,,,,,,,,,,,,,,,,,,,,,
97411,,,,,,19:56,,19:59,20:03,20:06,20:10,20:13,20:16,20:20,20:23,20:26,20:29,20:32,20:37,,,,,,,,,,,,,,,,,,,,,,,,,,,,,,,
97413,19:45,19:48,19:50,19:53,19:55,19:57,20:00,20:03,20:06,20:09,20:13,20:16,20:19,20:23,20:26,20:29,20:32,20:35,20:40,,,,,,,,,,,,,,,,,,,,,,,,,,,,,,,
95623,19:46,,,19:53,,,,19:59,,,20:07,,20:11,,,,,,20:27,,,,,20:44,,20:53,,,,,,,,,,,,,,20:58,21:01,21:08,,,,,,,,
95133,19:50,,,19:57,,,,20:03,,,20:11,,20:15,,,,,20:27,20:31,,,,,20:48,,20:57,21:02,21:05,21:09,21:16,21:25,21:29,21:33,21:40,21:51,,,,,,,,,,,,,,,
96217,19:50,19:53,19:55,19:58,20:00,20:02,20:05,20:08,20:11,20:14,20:18,20:21,20:24,20:28,20:31,20:34,20:37,20:40,20:46,20:52,20:58,21:02,21:07,21:11,21:15,21:22,21:26,21:29,21:33,21:41,,,,,,,,,,,,,,,,,,,,
97415,19:55,19:58,20:00,20:03,20:05,20:07,20:10,20:13,20:17,20:20,20:24,20:27,20:30,20:34,20:37,20:40,20:43,20:46,20:51,,,,,,,,,,,,,,,,,,,,,,,,,,,,,,,
95517,20:00,,,20:08,,,,20:16,,,20:24,,20:28,,,,,20:38,20:43,20:48,20:54,20:58,21:03,21:07,21:11,21:17,,,,,,,,,,,,,,21:21,21:24,21:30,21:37,21:44,21:52,,,,,
97163,20:00,20:03,20:05,20:08,20:10,20:12,20:15,20:18,20:21,20:24,20:28,20:31,20:34,20:38,20:41,20:44,20:47,20:50,20:55,20:59,21:05,21:09,21:14,21:18,21:22,21:28,,,,,,,,,,,,,,,,,,,,,,,,
96641,20:04,20:07,20:09,20:12,20:14,20:16,20:19,20:22,20:25,20:28,20:32,20:35,20:38,20:42,20:45,20:48,20:51,20:54,20:59,21:04,21:10,21:14,21:19,21:23,21:27,21:33,,,,,,,,,,,,,,21:37,21:40,21:48,,,,,,,,
97417,20:10,20:13,20:15,20:18,20:20,20:22,20:25,20:28,20:31,20:34,20:38,20:41,20:44,20:48,20:51,20:54,20:57,21:00,21:06,,,,,,,,,,,,,,,,,,,,,,,,,,,,,,,
96331,20:13,20:16,20:18,20:21,20:23,20:25,20:28,20:31,20:34,20:37,20:41,20:44,20:47,20:51,20:54,20:57,21:00,21:03,21:08,21:13,21:19,21:23,21:28,21:32,21:36,21:42,21:46,21:49,21:55,,,,,,,,,,,,,,,,,,,,,
97165,,,,,,20:32,,20:34,20:37,20:40,20:44,20:47,20:50,20:54,20:57,21:00,21:03,21:06,21:11,21:16,21:22,21:26,21:31,21:35,21:39,21:45,,,,,,,,,,,,,,,,,,,,,,,,
97635,20:41,20:44,20:46,20:49,20:51,20:53,20:56,20:59,21:03,21:06,21:10,,,,,,,,,,,,,,,,,,,,,,,,,,,,,,,,,,,,,,,
97169,,,,,,20:59,,21:02,21:06,21:09,21:13,21:16,21:19,21:23,21:26,21:29,21:32,21:35,21:40,21:45,21:51,21:55,22:00,22:04,22:08,22:14,,,,,,,,,,,,,,,,,,,,,,,,
95011,20:41,,,20:48,,,,20:55,,,21:04,,21:08,,,,,21:19,21:23,,,21:34,,21:39,,21:49,21:53,21:56,22:00,22:07,22:15,22:19,22:23,22:30,22:41,22:46,22:53,22:56,23:00,23:06,,,,,,,,,,
95421,20:44,,,20:51,,,,20:58,,,21:07,,21:11,,,,,21:22,21:26,,,,,21:42,,21:52,,,,,,,,,,,,,,21:57,22:00,22:06,22:13,22:20,22:26,22:35,22:40,22:45,22:51,23:04
95333,20:47,,,20:54,,,,21:01,,,21:10,,21:14,,,,,21:25,21:29,,,21:40,,21:46,,21:55,21:59,22:02,22:08,,,,,,,,,,,,,,,,,,,,,
97261,20:48,20:51,20:53,20:56,20:58,21:00,21:03,21:06,21:10,21:13,21:17,21:20,21:23,21:27,21:30,21:33,21:36,21:39,21:44,21:49,21:55,21:59,22:04,22:08,,,,,,,,,,,,,,,,,,,,,,,,,,
97421,20:52,20:55,20:57,21:00,21:02,21:04,21:07,21:10,21:13,21:16,21:20,21:23,21:26,21:30,21:33,21:36,21:39,21:42,21:48,,,,,,,,,,,,,,,,,,,,,,,,,,,,,,,
96519,20:56,20:59,21:01,21:04,21:06,21:08,21:11,21:14,21:17,21:20,21:24,21:27,21:30,21:34,21:37,21:40,21:43,21:46,21:51,21:56,22:02,22:06,22:11,22:15,22:19,22:25,,,,,,,,,,,,,,22:29,22:32,22:38,22:45,22:52,23:00,,,,,
97171,21:00,21:03,21:05,21:08,21:10,21:12,21:15,21:18,21:21,21:24,21:28,21:31,21:34,21:38,21:41,21:44,21:47,21:50,21:55,22:00,22:06,22:10,22:15,22:19,22:23,22:29,,,,,,,,,,,,,,,,,,,,,,,,
97423,21:04,21:07,21:09,21:12,21:14,21:16,21:19,21:22,21:25,21:28,21:32,21:35,21:38,21:42,21:45,21:48,21:51,21:54,22:00,,,,,,,,,,,,,,,,,,,,,,,,,,,,,,,
96221,21:08,21:11,21:13,21:16,21:18,21:20,21:23,21:26,21:29,21:32,21:36,21:39,21:42,21:46,21:49,21:52,21:55,21:58,22:03,22:08,22:14,22:18,22:23,22:26,22:30,22:36,22:41,22:44,22:48,22:56,,,,,,,,,,,,,,,,,,,,
97263,21:12,21:15,21:17,21:20,21:22,21:24,21:27,21:30,21:33,21:36,21:40,21:43,21:46,21:50,21:53,21:56,21:59,22:02,22:07,22:12,22:18,22:22,22:27,22:31,,,,,,,,,,,,,,,,,,,,,,,,,,
97173,21:16,21:19,21:21,21:24,21:26,21:28,21:31,21:34,21:37,21:40,21:44,21:47,21:50,21:54,21:57,22:00,22:03,22:06,22:11,22:16,22:22,22:26,22:31,22:35,22:39,22:45,,,,,,,,,,,,,,,,,,,,,,,,
96645,21:20,21:23,21:25,21:28,21:30,21:32,21:35,21:38,21:41,21:44,21:48,21:51,21:54,21:58,22:01,22:04,22:07,22:10,22:15,22:20,22:26,22:30,22:35,22:39,22:43,22:49,,,,,,,,,,,,,,22:53,22:56,23:04,,,,,,,,
95135,21:26,,,21:33,,,,21:40,,,21:47,,21:51,,,,,22:03,22:07,,,,,22:22,,22:31,22:35,22:38,22:42,22:49,22:57,23:01,23:05,23:12,23:22,,,,,,,,,,,,,,,
97175,,,,,,21:39,,21:42,21:45,21:48,21:52,21:55,21:58,22:02,22:05,22:08,22:11,22:14,22:19,22:24,22:30,22:34,22:39,22:43,22:47,22:53,,,,,,,,,,,,,,,,,,,,,,,,
96223,21:28,21:31,21:33,21:36,21:38,21:40,21:43,21:46,21:49,21:52,21:56,21:59,22:02,22:06,22:09,22:12,22:15,22:18,22:23,22:28,22:34,22:38,22:43,22:47,22:51,22:58,23:02,23:05,23:09,23:17,,,,,,,,,,,,,,,,,,,,
96411,21:32,21:35,21:37,21:40,21:42,21:44,21:47,21:50,21:53,21:56,22:00,22:03,22:06,22:10,22:13,22:16,22:19,22:22,22:27,22:32,22:38,22:42,22:47,22:51,22:55,23:03,,,,,,,,,,,,,,23:08,23:11,23:17,23:24,23:31,23:37,23:46,23:51,23:56,0:02,0:13
97637,21:36,21:39,21:41,21:44,21:46,21:48,21:51,21:54,21:57,22:00,22:04,,,,,,,,,,,,,,,,,,,,,,,,,,,,,,,,,,,,,,,
97181,,,,,,,,,,22:23,,22:27,22:30,22:34,22:37,22:40,22:43,22:46,22:51,22:57,23:03,23:07,23:12,23:16,23:20,23:26,,,,,,,,,,,,,,,,,,,,,,,,
97639,21:56,21:59,22:01,22:04,22:06,22:08,22:11,22:14,22:17,22:20,22:25,,,,,,,,,,,,,,,,,,,,,,,,,,,,,,,,,,,,,,,
95013,21:58,,,22:07,,,,22:15,,,22:22,,22:26,,,22:34,,,22:42,,,,,22:57,,23:06,23:10,23:13,23:17,23:24,23:32,23:36,23:40,23:47,23:58,0:03,0:10,0:13,0:17,0:23,,,,,,,,,,
96647,22:00,22:03,22:05,22:08,22:10,22:12,22:15,22:18,22:21,22:24,22:28,22:31,22:34,22:38,22:41,22:44,22:47,22:50,22:55,23:01,23:07,23:11,23:16,23:20,23:24,23:30,,,,,,,,,,,,,,23:34,23:37,23:45,,,,,,,,
95743,,,,,,,,22:18,,,22:26,,22:30,,,,,22:42,22:46,,,,,23:01,,23:10,,,,,,,,,,,,,,,,,,,,,,,,
97183,22:04,22:07,22:09,22:12,22:14,22:16,22:19,22:22,22:25,22:28,22:32,22:35,22:38,22:42,22:45,22:48,22:51,22:54,22:59,23:05,23:11,23:15,23:20,23:24,23:28,23:34,,,,,,,,,,,,,,,,,,,,,,,,
97425,22:08,22:11,22:13,22:16,22:18,22:20,22:23,22:26,22:29,22:32,22:36,22:39,22:42,22:46,22:49,22:52,22:55,22:58,23:03,,,,,,,,,,,,,,,,,,,,,,,,,,,,,,,
97185,22:16,22:19,22:21,22:24,22:26,22:28,22:31,22:34,22:37,22:40,22:44,22:47,22:50,22:54,22:57,23:00,23:03,23:06,23:10,23:15,23:21,23:25,23:30,23:34,23:38,23:44,,,,,,,,,,,,,,,,,,,,,,,,
97427,22:20,22:23,22:25,22:28,22:30,22:32,22:35,22:38,22:42,22:45,22:49,22:52,22:55,22:59,23:02,23:05,23:08,23:11,23:15,,,,,,,,,,,,,,,,,,,,,,,,,,,,,,,
97187,22:24,22:27,22:29,22:32,22:34,22:36,22:39,22:42,22:46,22:49,22:53,22:56,22:59,23:03,23:06,23:09,23:12,23:15,23:19,23:24,23:30,23:34,23:39,23:43,23:47,23:52,,,,,,,,,,,,,,,,,,,,,,,,
95247,22:25,,,22:32,,,,22:38,,,22:45,,22:49,,,,,23:01,23:05,,,,,23:21,,23:31,23:36,23:39,23:43,23:52,,,,,,,,,,,,,,,,,,,,
96019,22:28,22:31,22:33,22:36,22:38,22:40,22:43,22:46,22:50,22:53,22:57,23:00,23:03,23:07,23:10,23:13,23:16,23:19,23:23,23:28,23:34,23:38,23:43,23:47,23:51,23:58,0:02,0:05,0:09,0:16,0:25,0:29,0:33,0:40,0:50,0:55,1:02,1:05,1:09,1:15,,,,,,,,,,
97641,22:31,22:34,22:36,22:39,22:41,22:43,22:46,22:49,22:53,22:56,23:00,,,,,,,,,,,,,,,,,,,,,,,,,,,,,,,,,,,,,,,
96337,,,,,,22:49,,22:52,22:56,22:59,23:03,23:06,23:09,23:13,23:16,23:19,23:22,23:25,23:29,23:34,23:40,23:44,23:49,23:53,23:56,00:02,0:07,0:10,0:16,,,,,,,,,,,,,,,,,,,,,
97429,22:38,22:41,22:43,22:46,22:48,22:50,22:53,22:56,22:59,23:02,23:06,23:09,23:12,23:16,23:19,23:22,23:25,23:28,23:33,,,,,,,,,,,,,,,,,,,,,,,,,,,,,,,
96227,22:42,22:45,22:47,22:50,22:52,22:54,22:57,23:00,23:03,23:06,23:10,23:13,23:16,23:20,23:23,23:26,23:29,23:32,23:37,23:43,23:49,23:53,23:58,00:01,00:04,00:12,0:16,0:19,0:23,0:32,,,,,,,,,,,,,,,,,,,,
97431,22:46,22:49,22:51,22:54,22:56,22:58,23:01,23:04,23:07,23:10,23:14,23:17,23:20,23:24,23:27,23:30,23:33,23:36,23:41,,,,,,,,,,,,,,,,,,,,,,,,,,,,,,,
95423,22:47,,,22:55,,,,23:05,,,23:13,,23:18,,,,,23:30,23:34,,,,,23:50,,00:01,,,,,,,,,,,,,,0:06,0:09,0:15,0:22,0:29,0:35,0:44,0:49,0:54,1:00,1:12
96649,22:50,22:53,22:55,22:58,23:00,23:02,23:05,23:08,23:11,23:14,23:18,23:21,23:24,23:28,23:31,23:34,23:37,23:40,23:45,23:50,23:56,00:05,,00:08,00:12,00:18,,,,,,,,,,,,,,0:22,0:25,0:33,,,,,,,,
97643,22:54,22:57,22:59,23:02,23:04,23:06,23:09,23:12,23:15,23:18,23:22,,,,,,,,,,,,,,,,,,,,,,,,,,,,,,,,,,,,,,,
96651,23:16,23:19,23:21,23:24,23:26,23:28,23:31,23:34,23:37,23:40,23:44,23:47,23:50,23:54,23:57,00:03,,00:06,00:11,00:16,00:22,00:26,00:31,00:34,00:38,00:44,,,,,,,,,,,,,,0:48,0:51,0:59,,,,,,,,
95015,23:18,,,23:25,,,,23:31,,,23:38,,23:42,,,,,23:54,23:58,,,,,00:13,,00:21,0:26,0:29,0:33,0:40,0:48,0:52,0:56,1:03,1:12,1:17,1:24,1:27,1:31,1:38,,,,,,,,,,
97647,23:23,23:26,23:28,23:31,23:33,23:35,23:38,23:41,23:44,23:47,23:51,,,,,,,,,,,,,,,,,,,,,,,,,,,,,,,,,,,,,,,
96115,23:30,23:33,23:35,23:38,23:40,23:42,23:45,23:48,23:51,23:54,23:58,00:01,00:04,00:08,00:11,00:14,00:17,00:20,00:25,00:30,00:36,00:40,00:45,00:48,00:52,00:58,1:03,1:06,1:10,1:17,1:25,1:29,1:33,1:40,1:49,,,,,,,,,,,,,,,
97649,23:34,23:37,23:39,23:42,23:44,23:46,23:49,23:52,23:55,23:58,00:02,,,,,,,,,,,,,,,,,,,,,,,,,,,,,,,,,,,,,,,
97437,23:38,23:41,23:43,23:46,23:48,23:50,23:53,23:56,23:59,00:02,00:06,00:09,00:12,00:16,00:19,00:22,00:25,00:28,00:33,,,,,,,,,,,,,,,,,,,,,,,,,,,,,,,
96653,23:42,23:45,23:47,23:50,23:52,23:54,23:57,00:00,00:03,00:06,00:10,00:13,00:16,00:20,00:23,00:26,00:29,00:32,00:37,00:42,00:48,00:52,00:57,01:01,01:05,01:11,,,,,,,,,,,,,,1:15,1:18,1:26,,,,,,,,
97439,23:46,23:49,23:51,23:54,23:56,23:58,00:01,00:04,00:07,00:10,00:14,00:17,00:20,00:24,00:27,00:30,00:33,00:36,00:41,,,,,,,,,,,,,,,,,,,,,,,,,,,,,,,
96229,23:51,23:54,23:56,23:59,00:01,00:03,00:06,00:09,00:13,00:16,00:20,00:23,00:26,00:30,00:33,00:36,00:39,00:42,00:47,00:52,00:58,01:02,01:07,01:10,01:13,01:19,1:23,1:26,1:30,1:39,,,,,,,,,,,,,,,,,,,,
97441,23:55,23:58,00:00,00:03,00:05,00:07,00:10,00:13,00:17,00:20,00:24,00:27,00:30,00:35,00:38,00:40,00:43,00:46,00:51,,,,,,,,,,,,,,,,,,,,,,,,,,,,,,,
97651,23:58,00:01,00:03,00:06,00:08,00:10,00:13,00:16,00:19,00:22,00:27,,,,,,,,,,,,,,,,,,,,,,,,,,,,,,,,,,,,,,,
