TRAIN,Panvel,Khandeshwar,Mansarovar,Kharghar,Belapur CBD,Seawoods Darave,Nerul,Juinagar,Sanpada,Vashi,Mankhurd,Govandi,Chembur,Tilak Nagar,Kurla,Chunabhatti,GTB Nagar,Goregaon,Ram Mandir,Jogeshwari,Andheri,Vile Parle,Santa Cruz,Khar Road,Bandra,Mahim Jn,Kings Circle,Vadala Road,Sewri,Cotton Green,Reay Road,Dockyard Road,Sandhurst Road,Masjid,CSMT
98702,,,,,,,,,,,,,,,,,,00:07,00:11,00:14,00:18,00:22,00:25,00:28,00:32,00:35,00:38,00:44,00:47,00:50,00:52,00:55,00:57,00:59,01:02
98002,00:03,00:07,00:10,00:13,00:17,00:21,00:24,00:27,00:30,00:32,00:40,00:43,00:45,00:48,00:51,00:54,00:57,,,,,,,,,,,01:02,01:05,01:08,01:10,01:13,01:15,01:17,01:20
98802,,,,,,,,,,,,,,,,,,,,,,,,,04:17,04:21,04:24,04:30,04:33,04:36,04:38,04:41,04:43,04:45,04:48
98502,,,,,,,,,,04:03,04:11,04:14,04:16,04:19,04:22,04:25,04:28,,,,,,,,,,,04:34,04:37,04:40,04:42,04:45,04:47,04:49,04:52
98302,,,,,03:55,03:59,04:02,04:05,04:08,04:11,04:19,04:22,04:24,04:27,04:30,04:33,04:36,,,,,,,,,,,04:42,04:45,04:48,04:50,04:53,04:55,04:57,05:00
98804,,,,,,,,,,,,,,,,,,,,,,,,,04:34,04:37,04:40,04:46,04:49,04:52,04:54,04:57,04:59,05:01,05:04
98506,,,,,,,,,,04:15,04:23,04:26,04:28,04:31,04:34,04:37,04:40,,,,,,,,,,,04:46,,,,,,,
98504,,,,,,,,,,04:25,04:33,04:36,04:38,04:41,04:44,04:47,04:50,,,,,,,,,,,04:56,04:59,05:02,05:04,05:07,05:09,05:11,05:14
98304,,,,,04:13,04:17,04:20,04:23,04:26,04:29,04:37,04:40,04:42,04:45,04:48,04:51,04:54,,,,,,,,,,,05:00,05:03,05:06,05:08,05:11,05:13,05:15,05:18
98004,04:03,04:08,04:11,04:14,04:18,04:22,04:25,04:28,04:31,04:33,04:41,04:44,04:46,04:49,04:52,04:55,04:58,,,,,,,,,,,05:04,05:07,05:10,05:12,05:15,05:17,05:19,05:22
98508,,,,,,,,,,04:37,04:45,04:48,04:50,04:53,04:56,04:59,05:02,,,,,,,,,,,05:08,05:11,05:14,05:16,05:19,05:21,05:23,05:26
98306,,,,,04:26,04:30,04:33,04:36,04:39,04:41,04:49,04:52,04:54,04:57,05:00,05:03,05:06,,,,,,,,,,,05:12,05:15,05:18,05:20,05:23,05:25,05:27,05:30
98510,,,,,,,,,,04:50,04:58,05:01,05:03,05:06,05:09,05:12,05:15,,,,,,,,,,,05:21,05:24,05:27,05:29,05:32,05:34,05:36,05:39
98806,,,,,,,,,,,,,,,,,,,,,,,,,05:13,05:16,05:19,05:25,05:28,05:31,05:33,05:36,05:38,05:40,05:43
98006,04:27,04:32,04:35,04:38,04:42,04:46,04:49,04:52,04:55,04:57,05:05,05:08,05:10,05:13,05:16,05:19,05:22,,,,,,,,,,,05:28,05:31,05:34,05:36,05:39,05:41,05:43,05:47
98512,,,,,,,,,,05:04,05:12,05:15,05:17,05:20,05:23,05:26,05:29,,,,,,,,,,,05:35,,,,,,,
99002,04:33,04:38,04:41,04:44,04:48,04:52,04:56,,,,,,,,,,,,,,,,,,,,,,,,,,,,
98308,,,,,04:53,04:57,05:00,05:03,05:06,05:08,05:16,05:19,05:21,05:24,05:27,05:30,05:33,,,,,,,,,,,05:38,05:41,05:44,05:46,05:49,05:51,05:53,05:56
98704,,,,,,,,,,,,,,,,,,05:05,05:09,05:12,05:16,05:20,05:23,05:26,05:30,05:33,05:36,05:42,05:45,05:48,05:50,05:53,05:55,05:57,06:00
98514,,,,,,,,,,05:15,05:23,05:26,05:28,05:31,05:34,05:37,05:40,,,,,,,,,,,05:46,05:49,05:52,05:54,05:57,05:59,06:01,06:04
98008,04:49,04:54,04:57,05:00,05:04,05:08,05:11,05:14,05:17,05:19,05:27,05:30,05:32,05:35,05:38,05:41,05:44,,,,,,,,,,,05:50,05:53,05:56,05:58,06:01,06:03,06:05,06:08
98706,,,,,,,,,,,,,,,,,,05:17,05:21,05:24,05:28,05:32,05:35,05:38,05:42,05:45,05:48,05:54,05:57,06:00,06:02,06:05,06:07,06:09,06:12
99004,04:53,04:58,05:01,05:04,05:08,05:12,05:16,,,,,,,,,,,,,,,,,,,,,,,,,,,,
98516,,,,,,,,,,05:27,05:35,05:38,05:40,05:43,05:46,05:49,05:52,,,,,,,,,,,05:58,06:01,06:04,06:06,06:09,06:11,06:13,06:16
98010,05:05,05:10,05:13,05:16,05:20,05:24,05:27,05:30,05:33,05:35,05:43,05:46,05:48,05:51,05:54,05:57,06:00,,,,,,,,,,,06:06,06:09,06:12,06:14,06:17,06:19,06:21,06:24
98708,,,,,,,,,,,,,,,,,,05:33,05:37,05:40,05:44,05:48,05:51,05:54,05:58,06:01,06:04,06:10,06:13,06:16,06:18,06:21,06:23,06:25,06:28
98518,,,,,,,,,,05:43,05:51,05:54,05:56,05:59,06:02,06:05,06:08,,,,,,,,,,,06:14,06:17,06:20,06:22,06:25,06:27,06:29,06:32
98012,05:17,05:22,05:25,05:28,05:32,05:36,05:39,05:42,05:45,05:47,05:55,05:58,06:00,06:03,06:06,06:09,06:12,,,,,,,,,,,06:18,06:21,06:24,06:26,06:29,06:31,06:33,06:36
99006,05:21,05:26,05:29,05:32,05:36,05:40,05:44,,,,,,,,,,,,,,,,,,,,,,,,,,,,
98808,,,,,,,,,,,,,,,,,,,,,,,,,06:10,06:13,06:16,06:22,06:25,06:28,06:30,06:33,06:35,06:37,06:40
98310,,,,,05:40,05:44,05:47,05:50,05:53,05:55,06:03,06:06,06:08,06:11,06:14,06:17,06:20,,,,,,,,,,,06:26,06:29,06:32,06:34,06:37,06:39,06:41,06:44
98014,05:31,05:36,05:39,05:42,05:46,05:50,05:53,05:56,05:59,06:01,06:09,06:12,06:14,06:17,06:20,06:23,06:26,,,,,,,,,,,06:32,06:35,06:38,06:40,06:43,06:45,06:47,06:50
98710,,,,,,,,,,,,,,,,,,05:59,06:03,06:06,06:10,06:14,06:17,06:20,06:24,06:27,06:30,06:36,06:39,06:42,06:44,06:47,06:49,06:51,06:54
98312,,,,,05:50,05:54,05:57,06:00,06:03,06:05,06:13,06:16,06:18,06:21,06:24,06:27,06:30,,,,,,,,,,,06:36,,,,,,,
98016,05:40,05:45,05:48,05:51,05:55,05:59,06:02,06:05,06:08,06:10,06:18,06:21,06:23,06:26,06:29,06:32,06:35,,,,,,,,,,,06:41,06:44,06:47,06:49,06:52,06:54,06:56,06:59
99008,05:44,05:49,05:52,05:55,05:59,06:03,06:07,,,,,,,,,,,,,,,,,,,,,,,,,,,,
98520,,,,,,,,,,06:16,06:24,06:27,06:29,06:32,06:35,06:38,06:41,,,,,,,,,,,06:47,06:50,06:53,06:55,06:58,07:00,07:02,07:05
98712,,,,,,,,,,,,,,,,,,06:14,06:18,06:21,06:25,06:29,06:32,06:35,06:39,06:42,06:45,06:51,06:54,06:57,06:59,07:02,07:04,07:06,07:09
98314,,,,,06:08,06:12,06:15,06:18,06:21,06:23,06:31,06:34,06:36,06:39,06:42,06:45,06:48,,,,,,,,,,,06:54,06:57,07:00,07:02,07:05,07:07,07:09,07:13
98810,,,,,,,,,,,,,,,,,,,,,,,,,06:45,06:49,06:52,06:59,07:02,07:05,07:07,07:10,07:12,07:14,07:17
98901,05:57,06:02,06:05,06:08,06:12,06:16,06:19,06:22,06:25,06:27,06:35,06:38,06:40,06:43,06:46,06:49,06:52,,,,,,,,,,,06:58,,,,,,,
98018,06:02,06:07,06:10,06:13,06:17,06:21,06:24,06:27,06:30,06:32,06:40,06:43,06:45,06:48,06:51,06:54,06:57,,,,,,,,,,,07:03,07:06,07:09,07:11,07:14,07:16,07:18,07:21
98316,,,,,06:22,06:26,06:29,06:32,06:35,06:37,06:45,06:48,06:50,06:53,06:56,06:59,07:02,,,,,,,,,,,07:08,07:11,07:14,07:16,07:19,07:21,07:23,07:26
98714,,,,,,,,,,,,,,,,,,06:35,06:39,06:42,06:46,06:50,06:53,06:56,07:00,07:03,07:06,07:12,07:15,07:18,07:20,07:23,07:25,07:27,07:30
99010,06:13,06:18,06:21,06:24,06:28,06:32,06:36,,,,,,,,,,,,,,,,,,,,,,,,,,,,
98020,06:17,06:22,06:25,06:28,06:32,06:36,06:39,06:42,06:45,06:47,06:55,06:58,07:00,07:03,07:06,07:09,07:12,,,,,,,,,,,07:18,07:21,07:24,07:26,07:29,07:31,07:33,07:36
98812,,,,,,,,,,,,,,,,,,,,,,,,,07:13,07:17,07:20,07:26,07:29,07:32,07:34,07:37,07:39,07:41,07:44
98522,,,,,,,,,,06:55,07:03,07:06,07:08,07:11,07:14,07:17,07:20,,,,,,,,,,,07:26,,,,,,,
98022,06:29,06:34,06:37,06:40,06:44,06:48,06:51,06:54,06:57,06:59,07:07,07:10,07:12,07:15,07:18,07:21,07:24,,,,,,,,,,,07:30,07:33,07:36,07:38,07:41,07:43,07:45,07:48
98716,,,,,,,,,,,,,,,,,,06:57,07:01,07:04,07:08,07:12,07:15,07:18,07:22,07:25,07:28,07:34,07:37,07:40,07:42,07:45,07:47,07:49,07:52
98524,,,,,,,,,,07:07,07:15,07:18,07:20,07:23,07:26,07:29,07:32,,,,,,,,,,,07:38,07:41,07:44,07:46,07:49,07:51,07:53,07:56
99012,06:37,06:42,06:45,06:48,06:52,06:56,07:00,,,,,,,,,,,,,,,,,,,,,,,,,,,,
98814,,,,,,,,,,,,,,,,,,,,,,,,,07:29,07:33,07:36,07:42,07:45,07:48,07:50,07:53,07:55,07:57,08:00
98024,06:41,06:46,06:49,06:52,06:56,07:00,07:03,07:06,07:09,07:11,07:19,07:22,07:24,07:27,07:30,07:33,07:36,,,,,,,,,,,07:42,,,,,,,
98026,06:45,06:50,06:53,06:56,07:00,07:04,07:07,07:10,07:13,07:15,07:23,07:26,07:28,07:31,07:34,07:37,07:40,,,,,,,,,,,07:46,07:49,07:52,07:54,07:57,07:59,08:01,08:04
98318,,,,,07:04,07:08,07:11,07:14,07:17,07:19,07:27,07:30,07:32,07:35,07:38,07:41,07:44,,,,,,,,,,,07:50,07:53,07:56,07:58,08:01,08:03,08:05,08:08
98718,,,,,,,,,,,,,,,,,,07:17,07:21,07:24,07:28,07:32,07:35,07:38,07:42,07:45,07:48,07:54,07:57,08:00,08:02,08:05,08:07,08:09,08:12
98903,06:53,06:58,07:01,07:04,07:08,07:12,07:15,07:18,07:21,07:23,07:31,07:34,07:36,07:39,07:42,07:45,07:48,,,,,,,,,,,07:54,,,,,,,
98028,06:57,07:02,07:05,07:08,07:12,07:16,07:19,07:22,07:25,07:27,07:35,07:38,07:40,07:43,07:46,07:49,07:52,,,,,,,,,,,07:58,08:01,08:04,08:06,08:09,08:11,08:13,08:16
99014,07:01,07:06,07:09,07:12,07:16,07:20,07:24,,,,,,,,,,,,,,,,,,,,,,,,,,,,
98526,,,,,,,,,,07:31,07:39,07:42,07:44,07:47,07:50,07:53,07:56,,,,,,,,,,,08:02,08:05,08:08,08:10,08:13,08:15,08:17,08:20
98902,,,,,,,,,,,,,,,,,,07:30,07:34,07:37,07:41,07:45,07:48,07:51,07:54,07:57,08:00,08:06,,,,,,,
98320,,,,,07:20,07:24,07:27,07:30,07:33,07:35,07:43,07:46,07:48,07:51,07:54,07:57,08:00,,,,,,,,,,,08:06,08:09,08:12,08:14,08:17,08:19,08:21,08:24
98030,07:09,07:14,07:17,07:20,07:24,07:28,07:31,07:34,07:37,07:39,07:47,07:50,07:52,07:55,07:58,08:01,08:04,,,,,,,,,,,08:10,,,,,,,
98816,,,,,,,,,,,,,,,,,,,,,,,,,07:58,08:02,08:05,08:11,08:14,08:17,08:19,08:22,08:24,08:26,08:29
98032,07:14,07:19,07:22,07:25,07:29,07:33,07:36,07:39,07:42,07:44,07:52,07:55,07:57,08:00,08:03,08:06,08:09,,,,,,,,,,,08:15,08:18,08:21,08:23,08:26,08:28,08:30,08:33
98528,,,,,,,,,,07:48,07:56,07:59,08:01,08:04,08:07,08:10,08:13,,,,,,,,,,,08:19,08:22,08:25,08:27,08:30,08:32,08:34,08:37
99016,07:18,07:23,07:26,07:29,07:33,07:37,07:41,,,,,,,,,,,,,,,,,,,,,,,,,,,,
98034,07:22,07:27,07:30,07:33,07:37,07:41,07:44,07:47,07:50,07:52,08:00,08:03,08:05,08:08,08:11,08:14,08:17,,,,,,,,,,,08:24,,,,,,,
98720,,,,,,,,,,,,,,,,,,07:47,07:51,07:54,07:58,08:02,08:05,08:08,08:12,08:15,08:18,08:24,08:27,08:30,08:32,08:35,08:37,08:39,08:42
98602,,,,,,,,,,,08:05,08:08,08:10,08:13,08:16,08:19,08:22,,,,,,,,,,,08:28,08:31,08:34,08:36,08:39,08:41,08:43,08:46
98036,07:31,07:36,07:39,07:42,07:46,07:50,07:53,07:56,07:59,08:01,08:09,08:12,08:14,08:17,08:20,08:23,08:26,,,,,,,,,,,08:32,08:35,08:38,08:40,08:43,08:45,08:47,08:50
98322,,,,,07:50,07:54,07:57,08:00,08:03,08:05,08:13,08:16,08:18,08:21,08:24,08:27,08:30,,,,,,,,,,,08:36,08:39,08:42,08:44,08:47,08:49,08:51,08:54
98905,07:39,07:44,07:47,07:50,07:54,07:58,08:01,08:04,08:07,08:09,08:17,08:20,08:22,08:25,08:28,08:31,08:34,,,,,,,,,,,08:40,,,,,,,
98818,,,,,,,,,,,,,,,,,,,,,,,,,08:28,08:31,08:34,08:40,08:43,08:46,08:48,08:51,08:53,08:55,08:58
99018,07:43,07:48,07:51,07:54,07:58,08:02,08:06,,,,,,,,,,,,,,,,,,,,,,,,,,,,
98530,,,,,,,,,,08:13,08:21,08:24,08:26,08:29,08:32,08:35,08:38,,,,,,,,,,,08:44,08:47,08:50,08:52,08:55,08:57,08:59,09:02
98038,07:47,07:52,07:55,07:58,08:02,08:06,08:09,08:12,08:15,08:17,08:25,08:28,08:30,08:33,08:36,08:39,08:42,,,,,,,,,,,08:48,08:51,08:54,08:56,08:59,09:01,09:03,09:06
98324,,,,,08:06,08:10,08:13,08:16,08:19,08:21,08:29,08:32,08:34,08:37,08:40,08:43,08:46,,,,,,,,,,,08:52,08:55,08:58,09:00,09:03,09:05,09:07,09:10
98722,,,,,,,,,,,,,,,,,,08:17,08:21,08:24,08:28,08:32,08:35,08:38,08:43,08:47,08:50,08:56,08:59,09:02,09:04,09:07,09:09,09:11,09:14
98040,07:55,08:00,08:03,08:06,08:10,08:14,08:17,08:20,08:23,08:25,08:33,08:36,08:38,08:41,08:44,08:47,08:50,,,,,,,,,,,08:56,,,,,,,
98042,07:59,08:04,08:07,08:10,08:14,08:18,08:21,08:24,08:27,08:29,08:37,08:40,08:42,08:45,08:48,08:51,08:54,,,,,,,,,,,09:00,09:03,09:06,09:08,09:11,09:13,09:15,09:18
99020,08:04,08:09,08:12,08:15,08:19,08:23,08:27,,,,,,,,,,,,,,,,,,,,,,,,,,,,
98532,,,,,,,,,,08:33,08:41,08:44,08:46,08:49,08:52,08:55,08:58,,,,,,,,,,,09:04,09:07,09:10,09:12,09:15,09:17,09:19,09:22
98820,,,,,,,,,,,,,,,,,,,,,,,,,08:53,08:57,09:01,09:07,09:10,09:13,09:15,09:18,09:20,09:22,09:26
98044,08:09,08:14,08:17,08:20,08:24,08:28,08:31,08:34,08:37,08:39,08:48,08:51,08:53,08:56,08:59,09:02,09:05,,,,,,,,,,,09:11,09:14,09:17,09:19,09:22,09:24,09:26,09:30
98604,,,,,,,,,,,08:53,08:56,08:58,09:01,09:04,09:07,09:10,,,,,,,,,,,09:16,09:19,09:22,09:24,09:27,09:29,09:31,09:34
99022,08:15,08:20,08:23,08:26,08:30,08:34,08:38,,,,,,,,,,,,,,,,,,,,,,,,,,,,
98904,,,,,,,,,,,,,,,,,,08:39,08:43,08:46,08:50,08:54,08:57,09:00,09:05,09:08,09:11,09:17,,,,,,,
98046,08:19,08:24,08:27,08:30,08:34,08:38,08:41,08:44,08:47,08:49,08:57,09:00,09:02,09:05,09:08,09:11,09:14,,,,,,,,,,,09:20,09:23,09:26,09:28,09:31,09:33,09:35,09:38
98822,,,,,,,,,,,,,,,,,,,,,,,,,09:08,09:12,09:16,09:24,09:27,09:30,09:32,09:35,09:37,09:39,09:42
98048,08:26,08:31,08:34,08:37,08:41,08:45,08:48,08:51,08:54,08:56,09:04,09:07,09:09,09:12,09:15,09:18,09:21,,,,,,,,,,,09:27,09:30,09:33,09:35,09:38,09:40,09:42,09:45
98724,,,,,,,,,,,,,,,,,,08:51,08:55,08:58,09:02,09:07,09:10,09:13,09:17,09:21,09:24,09:30,09:33,09:36,09:38,09:41,09:43,09:45,09:48
98606,,,,,,,,,,,,,09:14,09:18,09:21,09:24,09:27,,,,,,,,,,,09:33,09:36,09:39,09:41,09:44,09:46,09:48,09:52
98326,,,,,08:49,08:53,08:56,08:59,09:02,09:04,09:13,09:16,09:18,09:22,09:25,09:28,09:31,,,,,,,,,,,09:37,09:40,09:43,09:45,09:48,09:50,09:52,09:55
98050,08:38,08:43,08:46,08:49,08:53,08:57,09:00,09:03,09:06,09:08,09:17,09:20,09:22,09:26,09:29,09:32,09:35,,,,,,,,,,,09:41,,,,,,,
98824,,,,,,,,,,,,,,,,,,,,,,,,,09:27,09:31,09:34,09:41,09:44,09:47,09:49,09:52,09:54,09:56,09:59
98534,,,,,,,,,,09:12,09:21,09:24,09:26,09:29,09:32,09:35,09:38,,,,,,,,,,,09:44,09:47,09:50,09:52,09:55,09:57,09:59,10:02
98052,08:45,08:50,08:53,08:56,09:00,09:04,09:07,09:10,09:13,09:16,09:25,09:28,09:30,09:33,09:36,09:39,09:42,,,,,,,,,,,09:48,09:51,09:54,09:56,09:59,10:01,10:03,10:06
98726,,,,,,,,,,,,,,,,,,09:13,09:17,09:20,09:24,09:28,09:31,09:34,09:38,09:42,09:45,09:52,09:55,09:58,10:00,10:03,10:05,10:07,10:10
98054,08:49,08:54,08:57,09:00,09:04,09:08,09:11,09:14,09:17,09:20,09:29,09:32,09:34,09:37,09:40,09:43,09:46,,,,,,,,,,,09:52,,,,,,,
98328,,,,,09:07,09:11,09:14,09:17,09:20,09:23,09:32,09:35,09:37,09:40,09:43,09:46,09:49,,,,,,,,,,,09:56,09:59,10:02,10:04,10:07,10:09,10:11,10:14
98056,08:56,09:01,09:04,09:07,09:11,09:15,09:18,09:21,09:24,09:27,09:36,09:39,09:41,09:44,09:47,09:50,09:53,,,,,,,,,,,10:00,10:03,10:06,10:08,10:11,10:13,10:15,10:18
99024,09:01,09:06,09:09,09:12,09:16,09:20,09:24,,,,,,,,,,,,,,,,,,,,,,,,,,,,
98826,,,,,,,,,,,,,,,,,,,,,,,,,09:51,09:55,09:58,10:04,10:07,10:10,10:12,10:15,10:17,10:19,10:22
98330,,,,,09:20,09:24,09:27,09:30,09:33,09:36,09:45,09:48,09:50,09:53,09:56,09:59,10:02,,,,,,,,,,,10:08,10:11,10:14,10:16,10:19,10:21,10:23,10:26
98906,,,,,,,,,,,,,,,,,,09:30,09:34,09:37,09:41,09:45,09:48,09:51,09:57,10:01,10:04,10:10,,,,,,,
98058,09:09,09:14,09:17,09:20,09:24,09:28,09:31,09:34,09:37,09:40,09:49,09:52,09:54,09:57,10:00,10:03,10:06,,,,,,,,,,,10:12,10:15,10:18,10:20,10:23,10:25,10:27,10:30
98536,,,,,,,,,,09:44,09:53,09:56,09:58,10:01,10:04,10:07,10:10,,,,,,,,,,,10:16,10:19,10:22,10:24,10:27,10:29,10:31,10:34
98060,09:17,09:22,09:25,09:28,09:32,09:36,09:39,09:42,09:45,09:48,09:57,10:00,10:02,10:05,10:08,10:11,10:14,,,,,,,,,,,10:20,10:23,10:26,10:28,10:31,10:33,10:35,10:38
98728,,,,,,,,,,,,,,,,,,09:46,09:50,09:53,09:57,10:01,10:04,10:07,10:11,10:14,10:17,10:23,10:26,10:29,10:31,10:34,10:36,10:38,10:41
98332,,,,,09:39,09:43,09:46,09:49,09:52,09:54,10:02,10:05,10:07,10:10,10:13,10:16,10:19,,,,,,,,,,,10:26,10:29,10:32,10:34,10:37,10:39,10:41,10:45
98062,09:28,09:33,09:36,09:39,09:43,09:47,09:50,09:53,09:56,09:58,10:06,10:09,10:11,10:14,10:17,10:20,10:23,,,,,,,,,,,10:30,10:33,10:36,10:38,10:41,10:43,10:45,10:48
98064,09:32,09:37,09:40,09:43,09:47,09:51,09:54,09:57,10:00,10:02,10:10,10:13,10:15,10:18,10:21,10:24,10:27,,,,,,,,,,,10:34,,,,,,,
98828,,,,,,,,,,,,,,,,,,,,,,,,,10:20,10:24,10:28,10:34,10:37,10:40,10:42,10:45,10:47,10:49,10:52
98538,,,,,,,,,,10:07,10:15,10:18,10:20,10:23,10:26,10:29,10:32,,,,,,,,,,,10:38,10:41,10:44,10:46,10:49,10:51,10:53,10:56
98066,09:40,09:45,09:48,09:51,09:55,09:59,10:02,10:05,10:08,10:11,10:19,10:22,10:24,10:27,10:30,10:33,10:36,,,,,,,,,,,10:42,10:45,10:48,10:50,10:53,10:55,10:57,11:00
98730,,,,,,,,,,,,,,,,,,10:06,10:10,10:13,10:17,10:21,10:24,10:27,10:31,10:35,10:38,10:45,10:48,10:51,10:53,10:56,10:58,11:00,11:04
98068,09:44,09:49,09:52,09:55,09:59,10:03,10:06,10:09,10:12,10:15,10:23,10:26,10:28,10:31,10:34,10:37,10:40,,,,,,,,,,,10:47,,,,,,,
98540,,,,,,,,,,10:19,10:27,10:30,10:32,10:35,10:38,10:41,10:44,,,,,,,,,,,10:50,10:53,10:56,10:58,11:01,11:03,11:05,11:08
99026,09:48,09:53,09:56,09:59,10:03,10:07,10:11,,,,,,,,,,,,,,,,,,,,,,,,,,,,
98070,09:53,09:58,10:01,10:04,10:08,10:12,10:15,10:18,10:21,10:23,10:31,10:34,10:36,10:39,10:42,10:45,10:48,,,,,,,,,,,10:54,10:57,11:00,11:02,11:05,11:07,11:09,11:12
98830,,,,,,,,,,,,,,,,,,,,,,,,,10:45,10:49,10:52,10:58,11:01,11:04,11:06,11:09,11:11,11:13,11:16
98334,,,,,10:16,10:20,10:23,10:26,10:29,10:31,10:39,10:42,10:44,10:47,10:50,10:53,10:56,,,,,,,,,,,11:02,11:05,11:08,11:10,11:13,11:15,11:17,11:20
98072,10:05,10:10,10:13,10:16,10:20,10:24,10:27,10:30,10:33,10:35,10:43,10:46,10:48,10:51,10:54,10:57,11:00,,,,,,,,,,,11:06,11:09,11:12,11:14,11:17,11:19,11:21,11:24
99028,10:12,10:17,10:20,10:23,10:27,10:31,10:35,,,,,,,,,,,,,,,,,,,,,,,,,,,,
98732,,,,,,,,,,,,,,,,,,10:35,10:39,10:42,10:46,10:50,10:53,10:56,11:00,11:03,11:06,11:12,11:15,11:18,11:20,11:23,11:25,11:27,11:30
98074,10:17,10:22,10:25,10:28,10:32,10:36,10:39,10:42,10:45,10:47,10:55,10:58,11:00,11:03,11:06,11:09,11:12,,,,,,,,,,,11:18,11:21,11:24,11:26,11:29,11:31,11:33,11:36
98076,10:21,10:26,10:29,10:32,10:36,10:40,10:43,10:46,10:49,10:51,10:59,11:02,11:04,11:07,11:10,11:13,11:16,,,,,,,,,,,11:23,,,,,,,
98336,,,,,10:40,10:44,10:47,10:50,10:53,10:55,11:03,11:06,11:08,11:11,11:14,11:17,11:20,,,,,,,,,,,11:26,11:29,11:32,11:34,11:37,11:39,11:41,11:44
98832,,,,,,,,,,,,,,,,,,,,,,,,,11:17,11:21,11:24,11:30,11:33,11:36,11:38,11:41,11:43,11:45,11:48
98078,10:33,10:38,10:41,10:44,10:48,10:52,10:55,10:58,11:01,11:03,11:11,11:14,11:16,11:19,11:22,11:25,11:28,,,,,,,,,,,11:34,11:37,11:40,11:42,11:45,11:47,11:49,11:52
98907,10:37,10:42,10:45,10:48,10:52,10:56,10:59,11:02,11:05,11:07,11:15,11:18,11:20,11:23,11:26,11:29,11:32,,,,,,,,,,,11:39,,,,,,,
99030,10:41,10:46,10:49,10:52,10:56,11:00,11:04,,,,,,,,,,,,,,,,,,,,,,,,,,,,
98734,,,,,,,,,,,,,,,,,,11:00,11:04,11:07,11:11,11:15,11:18,11:21,11:25,11:29,11:32,11:38,11:41,11:44,11:46,11:49,11:51,11:53,11:56
98338,,,,,10:59,11:04,11:07,11:10,11:13,11:15,11:23,11:26,11:28,11:31,11:34,11:37,11:40,,,,,,,,,,,11:46,11:49,11:52,11:54,11:57,11:59,12:01,12:04
98080,10:49,10:54,10:57,11:00,11:04,11:08,11:11,11:14,11:17,11:19,11:27,11:30,11:32,11:35,11:38,11:41,11:44,,,,,,,,,,,11:50,11:53,11:56,11:58,12:01,12:03,12:05,12:08
98834,,,,,,,,,,,,,,,,,,,,,,,,,11:41,11:45,11:48,11:54,11:57,12:00,12:02,12:05,12:07,12:09,12:12
98340,,,,,11:13,11:17,11:20,11:23,11:26,11:28,11:36,11:39,11:41,11:44,11:47,11:50,11:53,,,,,,,,,,,11:59,12:02,12:05,12:07,12:10,12:12,12:14,12:17
99032,11:02,11:07,11:10,11:13,11:17,11:21,11:25,,,,,,,,,,,,,,,,,,,,,,,,,,,,
98736,,,,,,,,,,,,,,,,,,11:23,11:28,11:31,11:35,11:39,11:43,11:46,11:51,11:54,11:57,12:03,12:06,12:09,12:11,12:14,12:16,12:18,12:21
98082,11:06,11:11,11:14,11:17,11:21,11:25,11:28,11:31,11:34,11:36,11:44,11:47,11:49,11:52,11:55,11:58,12:01,,,,,,,,,,,12:07,12:10,12:13,12:15,12:18,12:20,12:22,12:25
91392,,,,,,,,,,,,,,,,,,11:34,11:38,11:41,11:45,11:49,11:52,11:55,11:59,12:02,12:05,12:11,12:14,12:17,12:19,12:22,12:24,12:26,12:28
98084,11:10,11:15,11:18,11:21,11:25,11:29,11:32,11:35,11:38,11:40,11:48,11:51,11:53,11:56,11:59,12:02,12:05,,,,,,,,,,,12:11,,,,,,,
98086,11:16,11:21,11:24,11:27,11:31,11:35,11:38,11:41,11:44,11:46,11:54,11:57,11:59,12:02,12:05,12:08,12:11,,,,,,,,,,,12:17,12:20,12:23,12:25,12:28,12:30,12:32,12:35
98342,,,,,11:39,11:43,11:46,11:49,11:52,11:54,12:02,12:05,12:07,12:10,12:13,12:16,12:19,,,,,,,,,,,12:25,12:28,12:31,12:33,12:36,12:38,12:40,12:43
98088,11:28,11:33,11:36,11:39,11:43,11:47,11:50,11:53,11:56,11:58,12:06,12:09,12:11,12:14,12:17,12:20,12:23,,,,,,,,,,,12:29,,,,,,,
98836,,,,,,,,,,,,,,,,,,,,,,,,,12:16,12:20,12:23,12:29,12:32,12:35,12:37,12:40,12:42,12:44,12:47
98090,11:32,11:37,11:40,11:43,11:47,11:51,11:54,11:57,12:00,12:02,12:10,12:13,12:15,12:18,12:21,12:24,12:27,,,,,,,,,,,12:33,12:36,12:39,12:41,12:44,12:46,12:48,12:51
98738,,,,,,,,,,,,,,,,,,11:54,11:59,12:02,12:06,12:11,12:15,12:18,12:23,12:27,12:30,12:36,12:39,12:42,12:44,12:47,12:49,12:51,12:54
98344,,,,,11:54,11:58,12:01,12:04,12:07,12:09,12:17,12:20,12:22,12:25,12:28,12:31,12:34,,,,,,,,,,,12:40,12:43,12:46,12:48,12:51,12:53,12:55,12:58
98092,11:43,11:48,11:51,11:54,11:58,12:02,12:05,12:08,12:11,12:13,12:21,12:24,12:26,12:29,12:32,12:35,12:38,,,,,,,,,,,12:44,12:47,12:50,12:52,12:55,12:57,12:59,13:02
98838,,,,,,,,,,,,,,,,,,,,,,,,,12:37,12:40,12:43,12:49,12:52,12:55,12:57,13:00,13:02,13:04,13:07
98094,11:52,11:57,12:00,12:03,12:07,12:11,12:14,12:17,12:20,12:22,12:30,12:33,12:35,12:38,12:41,12:44,12:47,,,,,,,,,,,12:53,12:56,12:59,13:01,13:04,13:06,13:08,13:11
98908,,,,,,,,,,,,,,,,,,12:14,12:18,12:21,12:25,12:30,12:33,12:36,12:41,12:45,12:48,12:55,,,,,,,
98346,,,,,12:11,12:15,12:18,12:21,12:24,12:26,12:34,12:37,12:39,12:42,12:45,12:48,12:51,,,,,,,,,,,12:57,13:00,13:03,13:05,13:08,13:10,13:12,13:15
98740,,,,,,,,,,,,,,,,,,12:27,12:31,12:34,12:38,12:42,12:45,12:48,12:52,12:55,12:58,13:04,13:07,13:10,13:12,13:15,13:17,13:19,13:22
98096,12:03,12:08,12:11,12:14,12:18,12:22,12:25,12:28,12:31,12:33,12:41,12:44,12:46,12:49,12:52,12:55,12:58,,,,,,,,,,,13:04,,,,,,,
98098,12:07,12:12,12:15,12:18,12:22,12:26,12:29,12:32,12:35,12:37,12:45,12:48,12:50,12:53,12:56,12:59,13:02,,,,,,,,,,,13:08,13:11,13:14,13:16,13:19,13:21,13:23,13:26
98840,,,,,,,,,,,,,,,,,,,,,,,,,12:58,13:02,13:05,13:12,13:15,13:18,13:20,13:23,13:25,13:27,13:30
98348,,,,,12:29,12:33,12:36,12:39,12:42,12:44,12:52,12:55,12:57,13:00,13:03,13:06,13:09,,,,,,,,,,,13:16,13:19,13:22,13:24,13:27,13:29,13:31,13:34
99034,12:19,12:24,12:27,12:30,12:34,12:38,12:42,,,,,,,,,,,,,,,,,,,,,,,,,,,,
98100,12:24,12:29,12:32,12:35,12:39,12:43,12:46,12:49,12:52,12:54,13:02,13:05,13:07,13:10,13:13,13:16,13:19,,,,,,,,,,,13:25,13:28,13:31,13:33,13:36,13:38,13:40,13:43
98742,,,,,,,,,,,,,,,,,,12:53,12:57,13:00,13:04,13:08,13:11,13:14,13:18,13:21,13:24,13:30,13:33,13:36,13:38,13:41,13:43,13:45,13:48
98350,,,,,12:48,12:52,12:55,12:58,13:01,13:03,13:11,13:14,13:16,13:19,13:22,13:25,13:28,,,,,,,,,,,13:34,13:37,13:40,13:42,13:45,13:47,13:49,13:52
98842,,,,,,,,,,,,,,,,,,,,,,,,,13:24,13:28,13:32,13:38,13:41,13:44,13:46,13:49,13:51,13:53,13:56
98102,12:41,12:46,12:49,12:52,12:56,13:00,13:03,13:06,13:09,13:11,13:19,13:22,13:24,13:27,13:30,13:33,13:36,,,,,,,,,,,13:42,13:45,13:48,13:50,13:53,13:55,13:57,14:00
98104,12:49,12:54,12:57,13:00,13:04,13:08,13:11,13:14,13:17,13:19,13:27,13:30,13:32,13:35,13:38,13:41,13:44,,,,,,,,,,,13:50,,,,,,,
98744,,,,,,,,,,,,,,,,,,13:15,13:19,13:22,13:26,13:30,13:33,13:36,13:40,13:43,13:46,13:51,13:54,13:57,13:59,14:02,14:04,14:06,14:09
98106,12:56,13:01,13:04,13:07,13:11,13:15,13:18,13:21,13:24,13:26,13:34,13:37,13:39,13:42,13:45,13:48,13:51,,,,,,,,,,,13:57,14:00,14:03,14:05,14:08,14:10,14:12,14:16
98844,,,,,,,,,,,,,,,,,,,,,,,,,13:51,13:55,13:58,14:04,14:07,14:10,14:12,14:15,14:17,14:19,14:22
99036,13:04,13:09,13:12,13:15,13:19,13:23,13:27,,,,,,,,,,,,,,,,,,,,,,,,,,,,
98108,13:09,13:14,13:17,13:20,13:24,13:28,13:31,13:34,13:37,13:39,13:47,13:50,13:52,13:55,13:58,14:01,14:04,,,,,,,,,,,14:10,14:13,14:16,14:18,14:21,14:23,14:25,14:28
91394,,,,,,,,,,,,,,,,,,13:38,13:41,13:44,13:48,13:52,13:55,13:58,14:02,14:05,14:08,14:14,14:17,14:20,14:22,14:25,14:27,14:29,14:32
98110,13:19,13:24,13:27,13:30,13:34,13:38,13:41,13:44,13:47,13:49,13:57,14:00,14:02,14:05,14:08,14:11,14:14,,,,,,,,,,,14:20,14:23,14:26,14:28,14:31,14:33,14:35,14:38
98112,13:23,13:28,13:31,13:34,13:38,13:42,13:45,13:48,13:51,13:53,14:01,14:04,14:06,14:09,14:12,14:15,14:18,,,,,,,,,,,14:24,14:27,14:30,14:32,14:35,14:37,14:39,14:43
98352,,,,,13:41,13:46,13:49,13:52,13:55,13:57,14:05,14:08,14:10,14:13,14:16,14:19,14:22,,,,,,,,,,,14:29,,,,,,,
98846,,,,,,,,,,,,,,,,,,,,,,,,,14:17,14:21,14:24,14:30,14:33,14:36,14:38,14:41,14:43,14:45,14:48
98114,13:33,13:38,13:41,13:44,13:48,13:52,13:55,13:58,14:01,14:03,14:11,14:14,14:16,14:19,14:22,14:25,14:28,,,,,,,,,,,14:34,14:37,14:40,14:42,14:45,14:47,14:49,14:52
98116,13:37,13:42,13:45,13:48,13:52,13:56,13:59,14:02,14:05,14:07,14:15,14:18,14:20,14:23,14:26,14:29,14:32,,,,,,,,,,,14:38,14:41,14:44,14:46,14:49,14:51,14:53,14:56
98746,,,,,,,,,,,,,,,,,,14:05,14:09,14:12,14:16,14:20,14:23,14:26,14:30,14:33,14:36,14:42,14:45,14:48,14:50,14:53,14:55,14:57,15:00
98118,13:45,13:50,13:53,13:56,14:00,14:04,14:07,14:10,14:13,14:15,14:23,14:26,14:28,14:31,14:34,14:37,14:40,,,,,,,,,,,14:46,14:49,14:52,14:54,14:57,14:59,15:01,15:04
98354,,,,,14:04,14:08,14:11,14:14,14:17,14:19,14:27,14:30,14:32,14:35,14:38,14:41,14:44,,,,,,,,,,,14:50,14:53,14:56,14:58,15:01,15:03,15:05,15:08
98848,,,,,,,,,,,,,,,,,,,,,,,,,14:41,14:45,14:48,14:54,14:57,15:00,15:02,15:05,15:07,15:09,15:12
98120,13:57,14:02,14:05,14:08,14:12,14:16,14:19,14:22,14:25,14:27,14:35,14:38,14:40,14:43,14:46,14:49,14:52,,,,,,,,,,,14:58,15:01,15:04,15:06,15:09,15:11,15:13,15:16
99038,14:01,14:06,14:09,14:12,14:16,14:20,14:24,,,,,,,,,,,,,,,,,,,,,,,,,,,,
98542,,,,,,,,,,14:31,14:39,14:42,14:44,14:47,14:50,14:53,14:56,,,,,,,,,,,15:02,15:05,15:08,15:10,15:13,15:15,15:17,15:20
98122,14:05,14:10,14:13,14:16,14:20,14:24,14:27,14:30,14:33,14:35,14:43,14:46,14:48,14:51,14:54,14:57,15:00,,,,,,,,,,,15:06,15:09,15:12,15:14,15:17,15:19,15:21,15:24
98124,14:09,14:14,14:17,14:20,14:24,14:28,14:31,14:34,14:37,14:39,14:47,14:50,14:52,14:55,14:58,15:01,15:04,,,,,,,,,,,15:10,,,,,,,
98748,,,,,,,,,,,,,,,,,,14:33,14:37,14:40,14:44,14:48,14:51,14:54,14:58,15:01,15:04,15:10,15:13,15:16,15:18,15:21,15:23,15:25,15:28
98356,,,,,14:28,14:32,14:35,14:38,14:41,14:43,14:51,14:54,14:56,14:59,15:02,15:05,15:08,,,,,,,,,,,15:14,15:17,15:20,15:22,15:25,15:27,15:29,15:32
98850,,,,,,,,,,,,,,,,,,,,,,,,,15:05,15:09,15:12,15:18,15:21,15:24,15:26,15:29,15:31,15:33,15:36
98126,14:20,14:25,14:28,14:31,14:35,14:39,14:42,14:45,14:48,14:50,14:58,15:01,15:03,15:06,15:09,15:12,15:15,,,,,,,,,,,15:22,15:25,15:28,15:30,15:33,15:35,15:37,15:40
99040,14:24,14:29,14:32,14:35,14:39,14:43,14:47,,,,,,,,,,,,,,,,,,,,,,,,,,,,
98128,14:31,14:36,14:39,14:42,14:46,14:50,14:53,14:56,14:59,15:01,15:09,15:12,15:14,15:17,15:20,15:23,15:26,,,,,,,,,,,15:32,15:35,15:38,15:40,15:43,15:45,15:47,15:50
98750,,,,,,,,,,,,,,,,,,14:59,15:03,15:06,15:10,15:14,15:17,15:20,15:24,15:27,15:30,15:36,15:39,15:42,15:44,15:47,15:49,15:51,15:54
98130,14:35,14:40,14:43,14:46,14:50,14:54,14:57,15:00,15:03,15:05,15:13,15:16,15:18,15:21,15:24,15:27,15:30,,,,,,,,,,,15:36,,,,,,,
98132,14:41,14:46,14:49,14:52,14:56,15:00,15:03,15:06,15:09,15:11,15:19,15:22,15:24,15:27,15:30,15:33,15:36,,,,,,,,,,,15:42,15:45,15:48,15:50,15:53,15:55,15:57,16:00
98134,14:45,14:50,14:53,14:56,15:00,15:04,15:07,15:10,15:13,15:15,15:23,15:26,15:28,15:31,15:34,15:37,15:40,,,,,,,,,,,15:46,15:49,15:52,15:54,15:57,15:59,16:01,16:04
98544,,,,,,,,,,15:19,15:27,15:30,15:32,15:35,15:38,15:41,15:44,,,,,,,,,,,15:50,15:53,15:56,15:58,16:01,16:03,16:05,16:08
98852,,,,,,,,,,,,,,,,,,,,,,,,,15:41,15:45,15:48,15:54,15:57,16:00,16:02,16:05,16:07,16:09,16:12
98136,14:56,15:01,15:04,15:07,15:11,15:15,15:18,15:21,15:24,15:26,15:34,15:37,15:39,15:42,15:45,15:48,15:51,,,,,,,,,,,15:57,16:00,16:03,16:05,16:08,16:10,16:12,16:16
98138,15:00,15:05,15:08,15:11,15:15,15:19,15:22,15:25,15:28,15:30,15:38,15:41,15:43,15:46,15:49,15:52,15:55,,,,,,,,,,,16:01,,,,,,,
99042,15:04,15:09,15:12,15:15,15:19,15:23,15:27,,,,,,,,,,,,,,,,,,,,,,,,,,,,
98546,,,,,,,,,,15:33,15:41,15:44,15:46,15:49,15:52,15:55,15:58,,,,,,,,,,,16:04,16:07,16:10,16:12,16:15,16:17,16:19,16:22
98140,15:08,15:13,15:16,15:19,15:23,15:27,15:30,15:33,15:36,15:38,15:46,15:49,15:51,15:54,15:57,16:00,16:03,,,,,,,,,,,16:09,16:12,16:15,16:17,16:20,16:22,16:24,16:27
98752,,,,,,,,,,,,,,,,,,15:35,15:39,15:42,15:46,15:50,15:53,15:56,16:00,16:03,16:06,16:12,16:15,16:18,16:20,16:23,16:25,16:27,16:30
98142,15:16,15:21,15:24,15:27,15:31,15:35,15:38,15:41,15:44,15:46,15:54,15:57,15:59,16:02,16:05,16:08,16:11,,,,,,,,,,,16:17,16:20,16:23,16:25,16:28,16:30,16:32,16:35
98144,15:20,15:25,15:28,15:31,15:35,15:39,15:42,15:45,15:48,15:50,15:58,16:01,16:03,16:06,16:09,16:12,16:15,,,,,,,,,,,16:21,16:24,16:27,16:29,16:32,16:34,16:36,16:39
98548,,,,,,,,,,15:54,16:02,16:05,16:07,16:10,16:13,16:16,16:19,,,,,,,,,,,16:26,,,,,,,
98854,,,,,,,,,,,,,,,,,,,,,,,,,16:12,16:16,16:19,16:25,16:28,16:31,16:33,16:36,16:38,16:40,16:43
98146,15:28,15:33,15:36,15:39,15:43,15:47,15:50,15:53,15:56,15:58,16:06,16:09,16:11,16:14,16:17,16:20,16:23,,,,,,,,,,,16:29,16:32,16:35,16:37,16:40,16:42,16:44,16:47
98358,,,,,15:47,15:51,15:54,15:57,16:00,16:02,16:10,16:13,16:15,16:18,16:21,16:24,16:27,,,,,,,,,,,16:33,16:36,16:39,16:41,16:44,16:46,16:48,16:51
99044,15:36,15:41,15:44,15:47,15:51,15:55,15:59,,,,,,,,,,,,,,,,,,,,,,,,,,,,
98754,,,,,,,,,,,,,,,,,,16:01,16:05,16:08,16:12,16:16,16:19,16:22,16:26,16:29,16:32,16:38,16:41,16:44,16:46,16:49,16:51,16:53,16:56
98550,,,,,,,,,,16:11,16:19,16:22,16:24,16:27,16:30,16:33,16:36,,,,,,,,,,,16:42,16:45,16:48,16:50,16:53,16:55,16:57,17:00
98148,15:45,15:50,15:53,15:56,16:00,16:04,16:07,16:10,16:13,16:15,16:23,16:26,16:28,16:31,16:34,16:37,16:40,,,,,,,,,,,16:46,16:49,16:52,16:54,16:57,16:59,17:01,17:04
98150,15:49,15:54,15:57,16:00,16:04,16:08,16:11,16:14,16:17,16:19,16:27,16:30,16:32,16:35,16:38,16:41,16:44,,,,,,,,,,,16:50,16:53,16:56,16:58,17:01,17:03,17:05,17:08
98552,,,,,,,,,,16:23,16:31,16:34,16:36,16:39,16:42,16:45,16:48,,,,,,,,,,,16:54,,,,,,,
98856,,,,,,,,,,,,,,,,,,,,,,,,,16:41,16:45,16:48,16:54,16:57,17:00,17:02,17:05,17:07,17:09,17:12
99046,15:53,15:58,16:01,16:04,16:08,16:12,16:16,,,,,,,,,,,,,,,,,,,,,,,,,,,,
98360,,,,,16:12,16:16,16:19,16:22,16:25,16:27,16:35,16:38,16:40,16:43,16:46,16:49,16:52,,,,,,,,,,,16:58,17:01,17:04,17:06,17:09,17:11,17:13,17:16
98152,16:01,16:06,16:09,16:12,16:16,16:20,16:23,16:26,16:29,16:31,16:39,16:42,16:44,16:47,16:50,16:53,16:56,,,,,,,,,,,17:02,17:05,17:08,17:10,17:13,17:15,17:17,17:20
98554,,,,,,,,,,16:35,16:43,16:46,16:48,16:51,16:54,16:57,17:00,,,,,,,,,,,17:06,,,,,,,
98756,,,,,,,,,,,,,,,,,,16:29,16:33,16:36,16:40,16:44,16:47,16:50,16:54,16:57,17:00,17:06,17:09,17:12,17:14,17:17,17:19,17:21,17:24
98154,16:10,16:15,16:18,16:21,16:25,16:29,16:32,16:35,16:38,16:40,16:48,16:51,16:53,16:56,16:59,17:02,17:05,,,,,,,,,,,17:11,17:14,17:17,17:19,17:22,17:24,17:26,17:30
99048,16:14,16:19,16:22,16:25,16:29,16:33,16:37,,,,,,,,,,,,,,,,,,,,,,,,,,,,
98556,,,,,,,,,,16:44,16:52,16:55,16:57,17:00,17:03,17:06,17:09,,,,,,,,,,,17:15,17:18,17:21,17:23,17:26,17:28,17:30,17:33
98362,,,,,16:33,16:37,16:40,16:43,16:46,16:48,16:56,16:59,17:01,17:04,17:07,17:10,17:13,,,,,,,,,,,17:19,17:22,17:25,17:27,17:30,17:32,17:34,17:37
98156,16:22,16:27,16:30,16:33,16:37,16:41,16:44,16:47,16:50,16:52,17:00,17:03,17:05,17:08,17:11,17:14,17:17,,,,,,,,,,,17:23,17:26,17:29,17:31,17:34,17:36,17:38,17:41
98858,,,,,,,,,,,,,,,,,,,,,,,,,17:13,17:17,17:20,17:26,17:29,17:32,17:34,17:37,17:39,17:41,17:44
98558,,,,,,,,,,16:55,17:03,17:06,17:08,17:11,17:14,17:17,17:20,,,,,,,,,,,17:26,,,,,,,
99050,16:26,16:31,16:34,16:37,16:41,16:45,16:49,,,,,,,,,,,,,,,,,,,,,,,,,,,,
98158,16:30,16:35,16:38,16:41,16:45,16:49,16:52,16:55,16:58,17:00,17:08,17:11,17:13,17:16,17:19,17:22,17:25,,,,,,,,,,,17:31,17:34,17:37,17:39,17:42,17:44,17:46,17:49
98758,,,,,,,,,,,,,,,,,,16:58,17:02,17:05,17:09,17:13,17:16,17:19,17:23,17:26,17:29,17:35,17:38,17:41,17:43,17:46,17:48,17:50,17:53
98909,16:34,16:39,16:42,16:45,16:49,16:53,16:56,16:59,17:02,17:04,17:12,17:15,17:17,17:20,17:23,17:26,17:29,,,,,,,,,,,17:36,,,,,,,
98160,16:38,16:43,16:46,16:49,16:53,16:57,17:00,17:03,17:06,17:08,17:16,17:19,17:21,17:24,17:27,17:30,17:33,,,,,,,,,,,17:39,17:42,17:45,17:47,17:50,17:52,17:54,17:57
98560,,,,,,,,,,17:12,17:20,17:23,17:25,17:28,17:31,17:34,17:37,,,,,,,,,,,17:43,17:46,17:49,17:51,17:54,17:56,17:58,18:01
98860,,,,,,,,,,,,,,,,,,,,,,,,,17:33,17:37,17:40,17:46,17:49,17:52,17:54,17:57,17:59,18:01,18:04
98162,16:45,16:50,16:53,16:56,17:00,17:04,17:07,17:10,17:13,17:15,17:23,17:26,17:28,17:31,17:34,17:37,17:40,,,,,,,,,,,17:46,,,,,,,
98364,,,,,17:04,17:08,17:11,17:14,17:17,17:19,17:27,17:30,17:32,17:35,17:38,17:41,17:44,,,,,,,,,,,17:50,17:53,17:56,17:58,18:01,18:03,18:05,18:08
98164,16:53,16:58,17:01,17:04,17:08,17:12,17:15,17:18,17:21,17:23,17:31,17:34,17:36,17:39,17:42,17:45,17:48,,,,,,,,,,,17:54,17:57,18:00,18:02,18:05,18:07,18:09,18:12
98562,,,,,,,,,,17:27,17:35,17:38,17:40,17:43,17:46,17:49,17:52,,,,,,,,,,,17:58,18:01,18:04,18:06,18:09,18:11,18:13,18:16
98911,17:01,17:06,17:09,17:12,17:16,17:20,17:23,17:26,17:29,17:31,17:39,17:42,17:44,17:47,17:50,17:53,17:56,,,,,,,,,,,18:02,,,,,,,
98760,,,,,,,,,,,,,,,,,,17:25,17:29,17:32,17:36,17:40,17:43,17:46,17:50,17:53,17:56,18:02,18:05,18:08,18:10,18:13,18:15,18:17,18:20
98166,17:07,17:12,17:15,17:18,17:22,17:26,17:29,17:32,17:35,17:37,17:45,17:48,17:50,17:53,17:56,17:59,18:02,,,,,,,,,,,18:08,18:11,18:14,18:16,18:19,18:21,18:23,18:26
99052,17:12,17:17,17:20,17:23,17:27,17:31,17:35,,,,,,,,,,,,,,,,,,,,,,,,,,,,
98564,,,,,,,,,,17:44,17:52,17:55,17:57,18:00,18:03,18:06,18:09,,,,,,,,,,,18:15,18:18,18:21,18:23,18:26,18:28,18:30,18:33
98168,17:17,17:22,17:25,17:28,17:32,17:36,17:39,17:42,17:45,17:47,17:56,17:59,18:01,18:04,18:07,18:10,18:13,,,,,,,,,,,18:20,,,,,,,
98862,,,,,,,,,,,,,,,,,,,,,,,,,18:06,18:10,18:13,18:19,18:22,18:25,18:27,18:30,18:32,18:34,18:37
98170,17:21,17:26,17:29,17:32,17:36,17:40,17:43,17:46,17:49,17:51,18:00,18:03,18:05,18:08,18:11,18:14,18:17,,,,,,,,,,,18:23,18:26,18:29,18:31,18:34,18:36,18:38,18:41
98366,,,,,17:40,17:44,17:47,17:50,17:53,17:55,18:04,18:07,18:09,18:12,18:15,18:18,18:21,,,,,,,,,,,18:27,18:30,18:33,18:35,18:38,18:40,18:42,18:45
98762,,,,,,,,,,,,,,,,,,17:53,17:57,18:00,18:04,18:08,18:11,18:14,18:18,18:22,18:25,18:31,18:34,18:37,18:39,18:42,18:44,18:46,18:49
98913,17:29,17:34,17:37,17:40,17:44,17:48,17:51,17:54,17:57,17:59,18:08,18:11,18:13,18:16,18:19,18:22,18:25,,,,,,,,,,,18:32,,,,,,,
98172,17:33,17:38,17:41,17:44,17:48,17:52,17:55,17:58,18:01,18:03,18:12,18:15,18:17,18:20,18:23,18:26,18:29,,,,,,,,,,,18:35,18:38,18:41,18:43,18:46,18:48,18:50,18:53
99054,17:37,17:42,17:45,17:48,17:52,17:56,18:00,,,,,,,,,,,,,,,,,,,,,,,,,,,,
98566,,,,,,,,,,18:07,18:16,18:19,18:21,18:24,18:27,18:30,18:33,,,,,,,,,,,18:39,18:42,18:45,18:47,18:50,18:52,18:54,18:57
98368,,,,,17:56,18:00,18:03,18:06,18:09,18:11,18:20,18:23,18:25,18:28,18:31,18:34,18:37,,,,,,,,,,,18:43,18:46,18:49,18:51,18:54,18:56,18:58,19:01
98864,,,,,,,,,,,,,,,,,,,,,,,,,18:34,18:38,18:41,18:47,18:50,18:53,18:55,18:58,19:00,19:02,19:05
98174,17:46,17:51,17:54,17:57,18:01,18:05,18:08,18:11,18:14,18:16,18:24,18:27,18:29,18:32,18:35,18:38,18:41,,,,,,,,,,,18:47,,,,,,,
98176,17:50,17:55,17:58,18:01,18:05,18:09,18:12,18:15,18:18,18:20,18:28,18:31,18:33,18:36,18:39,18:42,18:45,,,,,,,,,,,18:51,18:54,18:57,18:59,19:02,19:04,19:06,19:09
98764,,,,,,,,,,,,,,,,,,18:14,18:18,18:21,18:26,18:30,18:33,18:36,18:41,18:45,18:48,18:55,18:58,19:01,19:03,19:06,19:08,19:10,19:13
98568,,,,,,,,,,18:26,18:35,18:38,18:40,18:43,18:46,18:49,18:52,,,,,,,,,,,18:59,19:02,19:05,19:07,19:10,19:12,19:14,19:17
99056,17:57,18:02,18:05,18:08,18:12,18:16,18:20,,,,,,,,,,,,,,,,,,,,,,,,,,,,
98370,,,,,18:16,18:20,18:23,18:26,18:29,18:31,18:39,18:42,18:44,18:47,18:50,18:53,18:56,,,,,,,,,,,19:03,19:06,19:09,19:11,19:14,19:16,19:18,19:21
98910,,,,,,,,,,,,,,,,,,18:27,18:31,18:34,18:38,18:42,18:45,18:48,18:52,18:56,18:59,19:06,,,,,,,
98178,18:06,18:11,18:14,18:17,18:21,18:25,18:28,18:31,18:34,18:36,18:45,18:48,18:50,18:53,18:56,18:59,19:02,,,,,,,,,,,19:09,19:12,19:15,19:17,19:20,19:22,19:24,19:28
98866,,,,,,,,,,,,,,,,,,,,,,,,,19:01,19:05,19:08,19:14,19:17,19:20,19:22,19:25,19:27,19:29,19:32
98180,18:14,18:19,18:22,18:25,18:29,18:33,18:36,18:39,18:42,18:44,18:53,18:56,18:58,19:01,19:04,19:07,19:10,,,,,,,,,,,19:18,19:21,19:24,19:26,19:29,19:31,19:33,19:36
98766,,,,,,,,,,,,,,,,,,18:41,18:45,18:48,18:52,18:56,18:59,19:02,19:07,19:11,19:14,19:21,19:24,19:27,19:29,19:32,19:34,19:36,19:40
98182,18:18,18:23,18:26,18:29,18:33,18:37,18:40,18:43,18:46,18:48,18:57,19:00,19:02,19:05,19:08,19:11,19:14,,,,,,,,,,,19:21,,,,,,,
99058,18:22,18:27,18:30,18:33,18:37,18:41,18:45,,,,,,,,,,,,,,,,,,,,,,,,,,,,
98570,,,,,,,,,,18:54,19:03,19:06,19:08,19:11,19:14,19:17,19:20,,,,,,,,,,,19:26,19:29,19:32,19:34,19:37,19:39,19:41,19:44
98372,,,,,18:44,18:48,18:51,18:54,18:57,18:59,19:07,19:10,19:12,19:15,19:18,19:21,19:24,,,,,,,,,,,19:30,19:33,19:36,19:38,19:41,19:43,19:45,19:48
98868,,,,,,,,,,,,,,,,,,,,,,,,,19:22,19:25,19:28,19:34,19:37,19:40,19:42,19:45,19:47,19:49,19:52
98915,18:33,18:38,18:41,18:44,18:48,18:52,18:55,18:58,19:01,19:03,19:11,19:14,19:16,19:19,19:22,19:25,19:28,,,,,,,,,,,19:35,,,,,,,
98184,18:37,18:42,18:45,18:48,18:52,18:56,18:59,19:02,19:05,19:07,19:15,19:18,19:20,19:23,19:26,19:29,19:32,,,,,,,,,,,19:38,19:41,19:44,19:46,19:49,19:51,19:53,19:56
98912,,,,,,,,,,,,,,,,,,18:55,19:00,19:03,19:08,19:12,19:16,19:19,19:26,19:29,19:32,19:38,,,,,,,
98186,18:41,18:46,18:49,18:52,18:56,19:00,19:03,19:06,19:09,19:11,19:19,19:22,19:24,19:27,19:30,19:33,19:36,,,,,,,,,,,19:42,19:45,19:48,19:50,19:53,19:55,19:57,20:00
98572,,,,,,,,,,19:15,19:23,19:26,19:28,19:31,19:34,19:37,19:40,,,,,,,,,,,19:46,19:49,19:52,19:54,19:57,19:59,20:01,20:04
98188,18:49,18:54,18:57,19:00,19:04,19:08,19:11,19:14,19:17,19:19,19:27,19:30,19:32,19:35,19:38,19:41,19:44,,,,,,,,,,,19:51,,,,,,,
98768,,,,,,,,,,,,,,,,,,19:10,19:14,19:17,19:21,19:25,19:28,19:31,19:36,19:40,19:44,19:50,19:53,19:56,19:58,20:01,20:03,20:05,20:08
98190,18:57,19:02,19:05,19:08,19:12,19:16,19:19,19:22,19:25,19:27,19:35,19:38,19:40,19:43,19:46,19:49,19:52,,,,,,,,,,,19:58,20:01,20:04,20:06,20:09,20:11,20:13,20:16
98770,,,,,,,,,,,,,,,,,,19:27,19:31,19:34,19:38,19:42,19:45,19:49,19:54,19:57,20:00,20:06,20:09,20:12,20:14,20:17,20:19,20:21,20:24
99060,19:01,19:06,19:09,19:12,19:16,19:20,19:24,,,,,,,,,,,,,,,,,,,,,,,,,,,,
98374,,,,,19:20,19:24,19:27,19:30,19:33,19:35,19:43,19:46,19:48,19:51,19:54,19:57,20:00,,,,,,,,,,,20:06,,,,,,,
98192,19:09,19:14,19:17,19:20,19:24,19:28,19:31,19:34,19:37,19:39,19:47,19:50,19:52,19:55,19:58,20:01,20:04,,,,,,,,,,,20:10,20:13,20:16,20:18,20:21,20:23,20:25,20:28
99062,19:13,19:18,19:21,19:24,19:28,19:32,19:36,,,,,,,,,,,,,,,,,,,,,,,,,,,,
98870,,,,,,,,,,,,,,,,,,,,,,,,,20:02,20:05,20:08,20:14,20:17,20:20,20:22,20:25,20:27,20:29,20:32
98194,19:17,19:22,19:25,19:28,19:32,19:36,19:39,19:42,19:45,19:47,19:55,19:58,20:00,20:03,20:06,20:09,20:12,,,,,,,,,,,20:18,20:21,20:24,20:26,20:29,20:31,20:33,20:36
98914,,,,,,,,,,,,,,,,,,19:40,19:44,19:47,19:51,19:55,19:58,20:01,20:06,20:09,20:12,20:18,,,,,,,
91396,,,,,,,,,,,,,,,,,,19:45,19:49,19:52,19:56,20:00,20:03,20:06,20:10,20:13,20:16,20:21,20:24,20:27,20:29,20:32,20:34,20:36,20:39
98196,19:24,19:29,19:32,19:35,19:39,19:43,19:46,19:49,19:52,19:54,20:02,20:05,20:07,20:10,20:13,20:16,20:19,,,,,,,,,,,20:25,20:28,20:31,20:33,20:36,20:38,20:40,20:44
98772,,,,,,,,,,,,,,,,,,19:56,20:00,20:03,20:07,20:11,20:14,20:17,20:21,20:24,20:27,20:33,20:36,20:39,20:41,20:44,20:46,20:48,20:51
99064,19:31,19:36,19:39,19:42,19:46,19:50,19:54,,,,,,,,,,,,,,,,,,,,,,,,,,,,
98917,19:35,19:40,19:43,19:46,19:50,19:54,19:57,20:00,20:03,20:05,20:13,20:16,20:18,20:21,20:24,20:27,20:30,,,,,,,,,,,20:36,,,,,,,
98574,,,,,,,,,,20:09,20:17,20:20,20:22,20:25,20:28,20:31,20:34,,,,,,,,,,,20:40,20:43,20:46,20:48,20:51,20:53,20:55,20:58
98198,19:43,19:48,19:51,19:54,19:58,20:02,20:05,20:08,20:11,20:13,20:21,20:24,20:26,20:29,20:32,20:35,20:38,,,,,,,,,,,20:44,20:47,20:50,20:52,20:55,20:57,20:59,21:02
98872,,,,,,,,,,,,,,,,,,,,,,,,,20:33,20:37,20:41,20:48,20:51,20:54,20:56,20:59,21:01,21:03,21:06
98376,,,,,20:02,20:06,20:09,20:12,20:15,20:17,20:25,20:28,20:30,20:33,20:36,20:39,20:42,,,,,,,,,,,20:49,,,,,,,
98200,19:51,19:56,19:59,20:02,20:06,20:10,20:13,20:16,20:19,20:21,20:29,20:32,20:34,20:37,20:40,20:43,20:46,,,,,,,,,,,20:52,20:55,20:58,21:00,21:03,21:05,21:07,21:10
98916,,,,,,,,,,,,,,,,,,20:12,20:17,20:21,20:26,20:30,20:33,20:36,20:42,20:46,20:49,20:56,,,,,,,
98202,19:55,20:00,20:03,20:06,20:10,20:14,20:17,20:20,20:23,20:25,20:33,20:36,20:38,20:41,20:44,20:47,20:50,,,,,,,,,,,20:56,20:59,21:02,21:04,21:07,21:09,21:11,21:14
98576,,,,,,,,,,20:29,20:37,20:40,20:42,20:45,20:48,20:51,20:54,,,,,,,,,,,21:00,21:03,21:06,21:08,21:11,21:13,21:15,21:18
98378,,,,,20:18,20:22,20:25,20:28,20:31,20:33,20:41,20:44,20:46,20:49,20:52,20:55,20:58,,,,,,,,,,,21:05,,,,,,,
98774,,,,,,,,,,,,,,,,,,20:26,20:30,20:33,20:37,20:41,20:44,20:47,20:51,20:55,20:58,21:04,21:07,21:10,21:12,21:15,21:17,21:19,21:22
98204,20:07,20:12,20:15,20:18,20:22,20:26,20:29,20:32,20:35,20:37,20:45,20:48,20:50,20:53,20:56,20:59,21:02,,,,,,,,,,,21:08,21:11,21:14,21:16,21:19,21:21,21:23,21:26
98874,,,,,,,,,,,,,,,,,,,,,,,,,20:59,21:03,21:06,21:12,21:15,21:18,21:20,21:23,21:25,21:27,21:30
98380,,,,,20:30,20:34,20:37,20:40,20:43,20:45,20:53,20:56,20:58,21:01,21:04,21:07,21:10,,,,,,,,,,,21:16,21:19,21:22,21:24,21:27,21:29,21:31,21:34
98578,,,,,,,,,,20:49,20:57,21:00,21:02,21:05,21:08,21:11,21:14,,,,,,,,,,,21:20,21:23,21:26,21:28,21:31,21:33,21:35,21:38
99066,20:19,20:24,20:27,20:30,20:34,20:38,20:42,,,,,,,,,,,,,,,,,,,,,,,,,,,,
98206,20:23,20:28,20:31,20:34,20:38,20:42,20:45,20:48,20:51,20:53,21:01,21:04,21:06,21:09,21:12,21:15,21:18,,,,,,,,,,,21:24,21:27,21:30,21:32,21:35,21:37,21:39,21:42
98776,,,,,,,,,,,,,,,,,,20:51,20:55,20:58,21:02,21:06,21:09,21:12,21:16,21:19,21:22,21:28,21:31,21:34,21:36,21:39,21:41,21:43,21:46
98208,20:27,20:32,20:35,20:38,20:42,20:46,20:49,20:52,20:55,20:57,21:05,21:08,21:10,21:13,21:16,21:19,21:22,,,,,,,,,,,21:28,,,,,,,
98210,20:31,20:36,20:39,20:42,20:46,20:50,20:53,20:56,20:59,21:01,21:09,21:12,21:14,21:17,21:20,21:23,21:26,,,,,,,,,,,21:32,21:35,21:38,21:40,21:43,21:45,21:47,21:50
98212,20:35,20:40,20:43,20:46,20:50,20:54,20:57,21:00,21:03,21:05,21:13,21:16,21:18,21:21,21:24,21:27,21:30,,,,,,,,,,,21:36,21:39,21:42,21:44,21:47,21:49,21:51,21:54
98382,,,,,20:54,20:58,21:01,21:04,21:07,21:09,21:17,21:20,21:22,21:25,21:28,21:31,21:34,,,,,,,,,,,21:40,21:43,21:46,21:48,21:51,21:53,21:55,21:58
98876,,,,,,,,,,,,,,,,,,,,,,,,,21:31,21:35,21:38,21:45,21:48,21:51,21:53,21:56,21:58,22:00,22:03
98214,20:47,20:52,20:55,20:58,21:02,21:06,21:09,21:12,21:15,21:17,21:25,21:28,21:30,21:33,21:36,21:39,21:42,,,,,,,,,,,21:48,21:51,21:54,21:56,21:59,22:01,22:03,22:06
99068,20:51,20:56,20:59,21:02,21:06,21:10,21:15,,,,,,,,,,,,,,,,,,,,,,,,,,,,
98778,,,,,,,,,,,,,,,,,,21:15,21:19,21:22,21:26,21:30,21:33,21:36,21:40,21:43,21:46,21:52,21:55,21:58,22:00,22:03,22:05,22:07,22:10
98216,20:57,21:02,21:05,21:08,21:12,21:16,21:19,21:22,21:25,21:27,21:35,21:38,21:40,21:43,21:46,21:49,21:52,,,,,,,,,,,21:58,22:01,22:04,22:06,22:09,22:11,22:13,22:16
98384,,,,,21:16,21:20,21:23,21:26,21:29,21:31,21:39,21:42,21:44,21:47,21:50,21:53,21:56,,,,,,,,,,,22:02,22:05,22:08,22:10,22:13,22:15,22:17,22:20
98918,,,,,,,,,,,,,,,,,,21:28,21:32,21:35,21:39,21:43,21:46,21:50,21:56,22:00,22:03,22:11,,,,,,,
98218,21:05,21:10,21:13,21:16,21:20,21:24,21:27,21:30,21:33,21:35,21:43,21:46,21:48,21:51,21:54,21:57,22:00,,,,,,,,,,,22:06,22:09,22:12,22:14,22:17,22:19,22:21,22:24
98878,,,,,,,,,,,,,,,,,,,,,,,,,22:00,22:03,22:06,22:12,22:15,22:18,22:20,22:23,22:25,22:27,22:30
98220,21:15,21:20,21:23,21:26,21:30,21:34,21:37,21:40,21:43,21:45,21:53,21:56,21:58,22:01,22:04,22:07,22:10,,,,,,,,,,,22:16,22:19,22:22,22:24,22:27,22:29,22:31,22:34
98780,,,,,,,,,,,,,,,,,,21:43,21:47,21:50,21:54,21:58,22:01,22:04,22:08,22:11,22:14,22:20,22:23,22:26,22:28,22:31,22:33,22:35,22:38
99070,21:20,21:25,21:28,21:31,21:35,21:39,21:43,,,,,,,,,,,,,,,,,,,,,,,,,,,,
98222,21:26,21:31,21:34,21:37,21:41,21:45,21:48,21:51,21:54,21:56,22:04,22:07,22:09,22:12,22:15,22:18,22:21,,,,,,,,,,,22:27,22:30,22:33,22:35,22:38,22:40,22:42,22:45
98224,21:30,21:35,21:38,21:41,21:45,21:49,21:52,21:55,21:58,22:00,22:08,22:11,22:13,22:16,22:19,22:22,22:25,,,,,,,,,,,22:31,22:34,22:37,22:39,22:42,22:44,22:46,22:49
98880,,,,,,,,,,,,,,,,,,,,,,,,,22:24,22:27,22:30,22:36,22:39,22:42,22:44,22:47,22:49,22:51,22:54
98226,21:39,21:44,21:47,21:50,21:54,21:58,22:01,22:04,22:07,22:09,22:17,22:20,22:22,22:25,22:28,22:31,22:34,,,,,,,,,,,22:40,22:43,22:46,22:48,22:51,22:53,22:55,22:58
98782,,,,,,,,,,,,,,,,,,22:15,22:19,22:22,22:26,22:30,22:33,22:36,22:40,22:43,22:46,22:52,22:55,22:58,23:00,23:03,23:05,23:07,23:10
98228,21:52,21:57,22:00,22:03,22:07,22:11,22:14,22:17,22:20,22:22,22:31,22:34,22:36,22:39,22:42,22:45,22:48,,,,,,,,,,,22:56,22:59,23:02,23:04,23:07,23:09,23:11,23:14
98882,,,,,,,,,,,,,,,,,,,,,,,,,22:49,22:53,22:56,23:02,23:05,23:08,23:10,23:13,23:15,23:17,23:20
98230,22:07,22:12,22:15,22:18,22:22,22:26,22:29,22:32,22:35,22:37,22:45,22:48,22:50,22:53,22:56,22:59,23:02,,,,,,,,,,,23:08,23:11,23:14,23:16,23:19,23:21,23:23,23:26
99072,22:15,22:20,22:23,22:26,22:30,22:34,22:38,,,,,,,,,,,,,,,,,,,,,,,,,,,,
98784,,,,,,,,,,,,,,,,,,22:40,22:44,22:47,22:51,22:55,22:58,23:01,23:05,23:08,23:11,23:17,23:20,23:23,23:25,23:28,23:30,23:32,23:35
98232,22:19,22:24,22:27,22:30,22:34,22:38,22:42,22:45,22:48,22:50,22:58,23:01,23:03,23:06,23:09,23:12,23:15,,,,,,,,,,,23:21,23:24,23:27,23:29,23:32,23:34,23:36,23:39
98234,22:23,22:28,22:31,22:34,22:38,22:42,22:46,22:49,22:52,22:54,23:02,23:05,23:07,23:10,23:13,23:16,23:19,,,,,,,,,,,23:25,23:28,23:31,23:33,23:36,23:38,23:40,23:43
98884,,,,,,,,,,,,,,,,,,,,,,,,,23:16,23:20,23:23,23:29,23:32,23:35,23:37,23:40,23:42,23:44,23:47
98236,22:35,22:40,22:43,22:46,22:50,22:54,22:57,23:00,23:03,23:05,23:13,23:16,23:18,23:21,23:24,23:27,23:30,,,,,,,,,,,23:36,23:39,23:42,23:44,23:47,23:49,23:51,23:54
98786,,,,,,,,,,,,,,,,,,23:06,23:10,23:13,23:17,23:21,23:24,23:27,23:31,23:34,23:37,23:43,23:46,23:49,23:51,23:54,23:56,23:58,00:01
98238,22:46,22:51,22:54,22:57,23:01,23:05,23:08,23:11,23:14,23:16,23:24,23:27,23:29,23:32,23:35,23:38,23:41,,,,,,,,,,,23:47,23:50,23:53,23:55,23:58,00:00,00:02,00:05
98240,22:50,22:55,22:58,23:01,23:05,23:09,23:12,23:15,23:18,23:20,,,,,,,,,,,,,,,,,,,,,,,,,
98886,,,,,,,,,,,,,,,,,,,,,,,,,23:42,23:46,23:49,23:55,23:58,00:01,00:03,00:06,00:08,00:10,00:13
98242,22:58,23:03,23:06,23:09,23:13,23:17,23:20,23:23,23:26,23:28,23:36,23:39,23:41,23:44,23:47,23:50,23:53,,,,,,,,,,,23:59,00:02,00:05,00:07,00:10,00:12,00:14,00:17
98788,,,,,,,,,,,,,,,,,,23:33,23:37,23:40,23:44,23:48,23:51,23:54,23:58,00:01,00:04,00:10,00:13,00:16,00:18,00:21,00:23,00:25,00:28
98244,23:13,23:18,23:21,23:24,23:28,23:32,23:35,23:38,23:41,23:43,23:51,23:54,23:56,23:59,00:02,00:05,00:08,,,,,,,,,,,00:14,00:17,00:20,00:22,00:25,00:27,00:29,00:32
99074,23:18,23:23,23:26,23:29,23:33,23:37,23:41,,,,,,,,,,,,,,,,,,,,,,,,,,,,
98246,23:22,23:27,23:30,23:33,23:37,,,,,,,,,,,,,,,,,,,,,,,,,,,,,,
98248,23:32,23:37,23:40,23:43,23:47,23:51,23:54,23:57,00:00,00:02,,,,,,,,,,,,,,,,,,,,,,,,,
98250,23:36,23:41,23:44,23:47,23:51,23:55,23:58,00:01,00:04,00:06,00:14,00:17,00:19,00:22,00:25,00:28,00:31,,,,,,,,,,,00:38,,,,,,,
98252,23:48,23:53,23:56,23:59,00:03,,,,,,,,,,,,,,,,,,,,,,,,,,,,,,
