TRAIN,CSMT,Masjid,Sandhurst Road,Dockyard Road,Reay Road,Cotton Green,Sewri,Vadala Road,Kings Circle,Mahim Jn,Bandra,Khar Road,Santa Cruz,Vile Parle,Andheri,Jogeshwari,Ram Mandir,Goregaon,GTB Nagar,Chunabhatti,Kurla,Tilak Nagar,Chembur,Govandi,Mankhurd,Vashi,Sanpada,Juinagar,Nerul,Seawoods Darave,Belapur CBD,Kharghar,Mansarovar,Khandeshwar,Panvel
98301,00:05,00:08,00:11,00:13,00:15,00:17,00:20,00:23,,,,,,,,,,,00:28,00:31,00:34,00:37,00:39,00:42,00:45,00:54,00:56,00:59,01:03,01:06,01:10,,,,
98001,00:13,00:16,00:19,00:21,00:23,00:25,00:28,00:31,,,,,,,,,,,00:36,00:39,00:42,00:45,00:47,00:50,00:53,01:02,01:04,01:07,01:11,01:14,01:18,01:22,01:25,01:28,01:33
98801,00:17,00:20,00:23,00:25,00:27,00:29,00:32,00:35,00:39,00:41,00:45,,,,,,,,,,,,,,,,,,,,,,,,
98003,00:24,00:27,00:30,00:32,00:34,00:36,00:39,00:42,,,,,,,,,,,00:47,00:50,00:53,00:56,00:58,01:01,01:04,01:13,01:15,01:18,01:22,01:25,01:29,01:33,01:36,01:39,01:44
98303,,,,,,,,00:50,,,,,,,,,,,00:55,00:58,01:01,01:04,01:06,01:09,01:13,01:22,01:24,01:27,01:31,01:34,01:38,,,,
98803,00:36,00:39,00:42,00:44,00:46,00:48,00:51,00:54,00:58,01:00,01:04,,,,,,,,,,,,,,,,,,,,,,,,
98005,00:40,00:43,00:46,00:48,00:50,00:52,00:55,00:58,,,,,,,,,,,01:03,01:06,01:09,01:12,01:14,01:17,01:20,01:29,01:31,01:34,01:38,01:41,01:45,01:49,01:52,01:55,02:00
98701,04:28,04:31,04:34,04:36,04:38,04:40,04:43,04:46,04:50,04:53,04:57,05:01,05:04,05:07,05:11,05:15,05:18,05:22,,,,,,,,,,,,,,,,,
98007,04:32,04:35,04:38,04:40,04:42,04:44,04:47,04:50,,,,,,,,,,,04:55,04:58,05:01,05:04,05:06,05:09,05:12,05:21,05:23,05:26,05:30,05:33,05:37,05:41,05:44,05:47,05:52
99003,,05:12,,,,,,,,,,,,,,,,,,,,,,,,,,,05:41,05:45,05:49,05:53,05:56,05:59,06:04
98009,,,,,,,,05:06,,,,,,,,,,,05:11,05:14,05:17,05:20,05:22,05:25,05:28,05:37,05:39,05:42,05:46,05:49,05:53,05:57,06:00,06:03,06:08
98011,04:52,04:55,04:58,05:00,05:02,05:04,05:07,05:10,,,,,,,,,,,05:15,05:18,05:21,05:24,05:26,05:29,05:32,05:41,05:43,05:46,05:50,05:53,05:57,06:01,06:04,06:07,06:12
98703,04:56,04:59,05:02,05:04,05:06,05:08,05:11,05:14,05:18,05:21,05:25,05:29,05:32,05:35,05:39,05:43,05:46,05:50,,,,,,,,,,,,,,,,,
98013,05:06,05:09,05:12,05:14,05:16,05:18,05:21,05:24,,,,,,,,,,,05:29,05:32,05:35,05:38,05:40,05:43,05:46,05:55,05:57,06:01,06:05,06:08,06:12,06:16,06:19,06:22,06:27
98705,05:10,05:13,05:16,05:18,05:20,05:22,05:25,05:28,05:32,05:35,05:39,05:43,05:46,05:49,05:53,05:57,06:00,06:04,,,,,,,,,,,,,,,,,
98015,05:18,05:21,05:24,05:26,05:28,05:30,05:33,05:36,,,,,,,,,,,05:41,05:44,05:47,05:50,05:52,05:55,05:58,06:07,06:09,06:12,06:16,06:19,06:23,06:27,06:30,06:33,06:38
98017,05:22,05:25,05:28,05:30,05:32,05:34,05:37,05:40,,,,,,,,,,,05:45,05:48,05:51,05:54,05:56,05:59,06:02,06:11,06:13,06:16,06:20,06:23,06:27,06:31,06:34,06:37,06:42
98707,05:26,05:29,05:32,05:34,05:36,05:38,05:41,05:44,05:48,05:51,05:55,05:59,06:02,06:05,06:09,06:13,06:16,06:20,,,,,,,,,,,,,,,,,
98019,05:30,05:33,05:36,05:38,05:40,05:42,05:45,05:48,,,,,,,,,,,05:53,05:56,05:59,06:02,06:04,06:07,06:10,06:19,06:21,06:24,06:28,06:31,06:35,06:39,06:42,06:45,06:50
98805,05:33,05:36,05:39,05:41,05:43,05:45,05:48,05:51,05:55,05:58,06:02,,,,,,,,,,,,,,,,,,,,,,,,
98021,,,,,,,,05:52,,,,,,,,,,,05:57,06:00,06:03,06:06,06:08,06:11,06:14,06:23,06:25,06:28,06:32,06:35,06:39,06:43,06:46,06:49,06:54
98023,05:43,05:46,05:49,05:51,05:53,05:55,05:58,06:01,,,,,,,,,,,06:06,06:09,06:12,06:15,06:17,06:20,06:23,06:32,06:34,06:37,06:41,06:44,06:48,06:52,06:55,06:58,07:03
98709,05:50,05:53,05:56,05:58,06:00,06:02,06:05,06:08,06:12,06:15,06:19,06:23,06:26,06:29,06:33,06:37,06:40,06:44,,,,,,,,,,,,,,,,,
99005,,06:20,,,,,,,,,,,,,,,,,,,,,,,,,,,06:49,06:53,06:57,07:01,07:04,07:07,07:12
98025,05:56,05:59,06:02,06:04,06:06,06:08,06:11,06:14,,,,,,,,,,,06:19,06:22,06:25,06:28,06:30,06:33,06:36,06:45,06:47,06:50,06:54,06:57,07:01,07:05,07:08,07:11,07:16
98027,06:00,06:03,06:06,06:08,06:10,06:12,06:15,06:18,,,,,,,,,,,06:23,06:26,06:29,06:32,06:34,06:37,06:40,06:49,06:51,06:54,06:58,07:01,07:05,07:09,07:12,07:15,07:20
98807,06:04,06:07,06:10,06:12,06:14,06:16,06:19,06:22,06:26,06:29,06:34,,,,,,,,,,,,,,,,,,,,,,,,
98029,06:08,06:11,06:14,06:16,06:18,06:20,06:23,06:26,,,,,,,,,,,06:31,06:34,06:37,06:40,06:42,06:45,06:48,06:57,06:59,07:02,07:06,07:09,07:13,07:17,07:20,07:23,07:28
98711,06:11,06:14,06:17,06:19,06:21,06:23,06:26,06:29,06:33,06:36,06:40,06:44,06:47,06:50,06:54,06:58,07:01,07:05,,,,,,,,,,,,,,,,,
98031,06:16,06:19,06:22,06:24,06:26,06:28,06:31,06:34,,,,,,,,,,,06:39,06:42,06:45,06:48,06:50,06:53,06:56,07:05,07:07,07:10,07:15,07:18,07:22,07:26,07:29,07:32,07:37
98033,06:24,06:27,06:30,06:32,06:34,06:36,06:39,06:42,,,,,,,,,,,06:47,06:50,06:53,06:56,06:58,07:01,07:04,07:13,07:15,07:18,07:22,07:25,07:29,07:33,07:36,07:39,07:44
98713,06:28,06:31,06:34,06:36,06:38,06:40,06:43,06:46,06:50,06:53,06:57,07:01,07:04,07:07,07:11,07:15,07:18,07:22,,,,,,,,,,,,,,,,,
98035,,,,,,,,06:46,,,,,,,,,,,06:51,06:54,06:57,07:00,07:02,07:05,07:08,07:17,07:19,07:22,07:26,07:29,07:33,07:37,07:40,07:43,07:48
98305,06:32,06:35,06:38,06:40,06:42,06:44,06:47,06:50,,,,,,,,,,,06:55,06:58,07:01,07:04,07:06,07:09,07:12,07:21,07:23,07:26,07:30,07:33,07:37,,,,
98809,06:36,06:39,06:42,06:44,06:46,06:48,06:51,06:54,06:58,07:01,07:05,,,,,,,,,,,,,,,,,,,,,,,,
99007,,07:04,,,,,,,,,,,,,,,,,,,,,,,,,,,07:34,07:38,07:42,07:46,07:49,07:52,07:57
98037,06:40,06:43,06:46,06:48,06:50,06:52,06:55,06:58,,,,,,,,,,,07:03,07:06,07:09,07:12,07:14,07:17,07:20,07:29,07:31,07:34,07:38,07:42,07:46,07:50,07:53,07:56,08:01
98901,,,,,,,,07:02,07:07,07:10,07:14,07:18,07:21,07:24,07:28,07:32,07:35,07:39,,,,,,,,,,,,,,,,,
98307,06:46,06:49,06:52,06:54,06:56,06:58,07:01,07:05,,,,,,,,,,,07:10,07:13,07:16,07:19,07:21,07:24,07:27,07:36,07:38,07:41,07:45,07:50,07:56,,,,
98811,06:50,06:53,06:56,06:58,07:00,07:02,07:05,07:09,07:14,07:17,07:21,,,,,,,,,,,,,,,,,,,,,,,,
98039,06:54,06:57,07:00,07:02,07:04,07:06,07:09,07:13,,,,,,,,,,,07:18,07:21,07:24,07:27,07:29,07:32,07:35,07:44,07:46,07:49,07:53,07:56,08:00,08:04,08:07,08:10,08:15
98041,06:59,07:02,07:05,07:07,07:09,07:11,07:14,07:17,,,,,,,,,,,07:22,07:25,07:28,07:31,07:33,07:36,07:39,07:48,07:50,07:53,07:57,08:00,08:04,08:08,08:11,08:14,08:19
98715,07:05,07:08,07:11,07:13,07:15,07:17,07:20,07:23,07:29,07:32,07:36,07:40,07:43,07:46,07:50,07:54,07:57,08:01,,,,,,,,,,,,,,,,,
98043,07:09,07:12,07:15,07:17,07:19,07:21,07:24,07:27,,,,,,,,,,,07:32,07:35,07:38,07:41,07:43,07:46,07:49,07:58,08:00,08:03,08:07,08:10,08:14,08:18,08:21,08:24,08:29
98501,07:13,07:16,07:19,07:21,07:23,07:25,07:28,07:31,,,,,,,,,,,07:36,07:39,07:42,07:45,07:47,07:50,07:53,08:02,,,,,,,,,
98045,07:17,07:20,07:23,07:25,07:27,07:29,07:32,07:35,,,,,,,,,,,07:40,07:43,07:46,07:49,07:51,07:54,07:57,08:06,08:08,08:11,08:15,08:18,08:22,08:26,08:29,08:32,08:37
98047,,,,,,,,07:39,,,,,,,,,,,07:44,07:47,07:50,07:53,07:55,07:58,08:01,08:10,08:12,08:15,08:19,08:22,08:26,08:30,08:33,08:36,08:41
98813,07:21,07:24,07:27,07:29,07:31,07:33,07:36,07:39,07:43,07:46,07:50,,,,,,,,,,,,,,,,,,,,,,,,
98049,07:26,07:29,07:32,07:34,07:36,07:38,07:41,07:44,,,,,,,,,,,07:49,07:52,07:55,07:58,08:00,08:03,08:06,08:15,08:17,08:20,08:24,08:27,08:31,08:35,08:38,08:41,08:47
98309,07:30,07:33,07:36,07:38,07:40,07:42,07:45,07:48,,,,,,,,,,,07:53,07:56,07:59,08:02,08:04,08:07,08:10,08:19,08:21,08:24,08:28,08:31,08:35,,,,
98503,,,,,,,,07:54,,,,,,,,,,,07:59,08:02,08:05,08:08,08:10,08:13,08:16,08:25,,,,,,,,,
98717,07:36,07:39,07:42,07:44,07:46,07:48,07:51,07:54,07:58,08:01,08:05,08:09,08:12,08:15,08:19,08:23,08:26,08:30,,,,,,,,,,,,,,,,,
99009,,08:03,,,,,,,,,,,,,,,,,,,,,,,,,,,08:33,08:37,08:41,08:45,08:48,08:51,08:56
98051,07:40,07:43,07:46,07:48,07:50,07:52,07:55,07:58,,,,,,,,,,,08:03,08:06,08:09,08:12,08:14,08:17,08:20,08:29,08:31,08:34,08:38,08:41,08:45,08:49,08:52,08:55,09:00
98903,,,,,,,,08:02,08:09,08:12,08:16,08:21,08:24,08:27,08:31,08:35,08:38,08:43,,,,,,,,,,,,,,,,,
98311,07:48,07:51,07:54,07:56,07:58,08:00,08:03,08:06,,,,,,,,,,,08:11,08:14,08:17,08:20,08:22,08:25,08:28,08:37,08:39,08:42,08:46,08:49,08:53,,,,
98815,07:51,07:54,07:57,07:59,08:01,08:03,08:06,08:09,08:13,08:16,08:20,,,,,,,,,,,,,,,,,,,,,,,,
98902,,,,,,,,08:10,,,,,,,,,,,08:15,08:18,08:21,08:24,08:26,08:29,08:32,08:41,08:43,08:46,08:50,08:53,08:57,09:01,09:04,09:07,09:12
98053,07:56,07:59,08:02,08:04,08:06,08:08,08:11,08:14,,,,,,,,,,,08:19,08:22,08:25,08:28,08:30,08:33,08:36,08:45,08:47,08:50,08:54,08:57,09:01,09:05,09:08,09:11,09:16
98055,08:00,08:03,08:06,08:08,08:10,08:12,08:15,08:18,,,,,,,,,,,08:23,08:26,08:29,08:32,08:34,08:37,08:40,08:49,08:51,08:54,08:58,09:01,09:05,09:09,09:12,09:15,09:20
98719,08:04,08:07,08:10,08:12,08:14,08:16,08:19,08:22,08:26,08:29,08:33,08:37,08:40,08:43,08:47,08:51,08:54,08:58,,,,,,,,,,,,,,,,,
98313,,,,,,,,08:22,,,,,,,,,,,08:27,08:30,08:33,08:36,08:38,08:41,08:45,08:54,08:56,08:59,09:03,09:06,09:11,,,,
98057,08:08,08:11,08:14,08:16,08:18,08:20,08:23,08:26,,,,,,,,,,,08:31,08:34,08:37,08:40,08:42,08:45,08:49,08:58,09:00,09:03,09:07,09:10,09:14,09:18,09:21,09:24,09:29
98505,08:12,08:15,08:18,08:20,08:22,08:24,08:27,08:30,,,,,,,,,,,08:35,08:38,08:41,08:44,08:46,08:49,08:53,09:02,,,,,,,,,
99011,,08:41,,,,,,,,,,,,,,,,,,,,,,,,,,,09:10,09:14,09:18,09:22,09:25,09:28,09:33
98817,08:16,08:19,08:22,08:24,08:26,08:28,08:31,08:34,08:38,08:41,08:45,,,,,,,,,,,,,,,,,,,,,,,,
98059,,,,,,,,08:34,,,,,,,,,,,08:39,08:42,08:45,08:48,08:50,08:53,08:56,09:05,09:07,09:10,09:14,09:18,09:22,09:26,09:29,09:32,09:37
98315,08:20,08:23,08:26,08:28,08:30,08:32,08:35,08:38,,,,,,,,,,,08:43,08:46,08:49,08:52,08:54,08:57,09:00,09:09,09:11,09:14,09:18,09:22,09:26,,,,
98061,08:24,08:27,08:30,08:32,08:34,08:36,08:39,08:42,,,,,,,,,,,08:47,08:50,08:53,08:56,08:58,09:01,09:04,09:13,09:15,09:18,09:22,09:26,09:30,09:34,09:37,09:40,09:45
98905,,,,,,,,08:45,08:50,08:53,08:57,09:01,09:04,09:07,09:11,09:15,09:18,09:22,,,,,,,,,,,,,,,,,
98819,08:29,08:32,08:35,08:37,08:39,08:41,08:44,08:48,08:53,08:56,09:00,,,,,,,,,,,,,,,,,,,,,,,,
98063,08:33,08:36,08:39,08:41,08:43,08:45,08:48,08:52,,,,,,,,,,,08:57,09:00,09:03,09:06,09:08,09:11,09:14,09:23,09:25,09:28,09:32,09:35,09:39,09:43,09:46,09:49,09:54
98605,08:37,08:40,08:43,08:45,08:47,08:49,08:52,08:55,,,,,,,,,,,09:00,09:03,09:06,09:09,09:11,,,,,,,,,,,,
98721,08:42,08:45,08:48,08:50,08:52,08:54,08:57,09:00,09:04,09:08,09:12,09:16,09:19,09:22,09:26,09:30,09:33,09:37,,,,,,,,,,,,,,,,,
98507,08:46,08:49,08:52,08:54,08:56,08:58,09:01,09:04,,,,,,,,,,,09:09,09:12,09:15,09:18,09:20,09:23,09:26,09:35,,,,,,,,,
99013,,09:14,,,,,,,,,,,,,,,,,,,,,,,,,,,09:43,09:47,09:51,09:55,09:58,10:01,10:06
98065,,,,,,,,09:08,,,,,,,,,,,09:13,09:16,09:19,09:22,09:24,09:27,09:30,09:39,09:41,09:44,09:48,09:51,09:55,09:59,10:02,10:05,10:10
98821,08:50,08:53,08:56,08:58,09:00,09:02,09:05,09:08,09:12,09:15,09:19,,,,,,,,,,,,,,,,,,,,,,,,
98067,08:54,08:57,09:00,09:02,09:04,09:06,09:09,09:12,,,,,,,,,,,09:17,09:20,09:23,09:26,09:28,09:31,09:34,09:43,09:45,09:48,09:52,09:55,09:59,10:03,10:06,10:09,10:14
98317,08:58,09:01,09:04,09:06,09:08,09:10,09:13,09:16,,,,,,,,,,,09:21,09:24,09:27,09:30,09:32,09:35,09:38,09:47,09:49,09:52,09:56,09:59,10:03,,,,
98904,,,,,,,,09:20,,,,,,,,,,,09:25,09:28,09:31,09:34,09:36,09:39,09:42,09:51,09:53,09:56,10:00,10:03,10:07,10:11,10:14,10:17,10:22
98723,09:02,09:05,09:08,09:10,09:12,09:14,09:17,09:20,09:24,09:27,09:31,09:35,09:38,09:41,09:45,09:49,09:52,09:56,,,,,,,,,,,,,,,,,
98069,09:06,09:09,09:12,09:14,09:16,09:18,09:21,09:24,,,,,,,,,,,09:29,09:32,09:35,09:38,09:40,09:43,09:46,09:55,09:57,10:00,10:04,10:07,10:11,10:15,10:18,10:21,10:26
98509,09:10,09:13,09:16,09:18,09:20,09:22,09:25,09:28,,,,,,,,,,,09:33,09:36,09:39,09:42,09:44,09:47,09:50,09:59,,,,,,,,,
99015,,09:39,,,,,,,,,,,,,,,,,,,,,,,,,,,10:08,10:12,10:16,10:20,10:23,10:26,10:31
98823,09:14,09:17,09:20,09:22,09:24,09:26,09:29,09:32,09:36,09:39,09:43,,,,,,,,,,,,,,,,,,,,,,,,
98071,09:18,09:21,09:24,09:26,09:28,09:30,09:33,09:36,,,,,,,,,,,09:41,09:44,09:47,09:50,09:52,09:55,09:58,10:07,10:09,10:12,10:16,10:20,10:24,10:28,10:31,10:34,10:39
98511,09:22,09:25,09:28,09:30,09:32,09:34,09:37,09:40,,,,,,,,,,,09:45,09:48,09:51,09:54,09:56,09:59,10:02,10:11,,,,,,,,,
98725,09:26,09:29,09:32,09:34,09:36,09:38,09:41,09:44,09:48,09:51,09:55,09:59,10:02,10:05,10:09,10:13,10:16,10:22,,,,,,,,,,,,,,,,,
98319,,,,,,,,09:45,,,,,,,,,,,09:49,09:52,09:55,09:58,10:00,10:03,10:06,10:15,10:17,10:20,10:24,10:27,10:31,,,,
98073,09:30,09:33,09:36,09:38,09:40,09:42,09:45,09:48,,,,,,,,,,,09:53,09:56,09:59,10:02,10:04,10:07,10:10,10:19,10:21,10:24,10:28,10:31,10:35,10:39,10:42,10:45,10:50
98513,09:34,09:37,09:40,09:42,09:44,09:46,09:49,09:52,,,,,,,,,,,09:57,10:00,10:03,10:06,10:08,10:11,10:14,10:23,,,,,,,,,
99017,,10:01,,,,,,,,,,,,,,,,,,,,,,,,,,,10:31,10:35,10:39,10:43,10:46,10:49,10:54
98321,09:38,09:41,09:44,09:46,09:48,09:50,09:53,09:56,,,,,,,,,,,10:01,10:04,10:07,10:10,10:12,10:15,10:18,10:27,10:29,10:32,10:36,10:39,10:44,,,,
98075,,,,,,,,09:59,,,,,,,,,,,10:05,10:08,10:11,10:14,10:16,10:19,10:22,10:31,10:33,10:36,10:40,10:43,10:47,10:51,10:54,10:57,11:02
98825,09:42,09:45,09:48,09:50,09:52,09:54,09:57,10:00,10:04,10:07,10:11,,,,,,,,,,,,,,,,,,,,,,,,
98077,09:45,09:48,09:51,09:53,09:55,09:57,10:00,10:03,,,,,,,,,,,10:09,10:12,10:15,10:18,10:20,10:23,10:26,10:35,10:37,10:40,10:44,10:47,10:51,10:55,10:58,11:01,11:06
98515,09:48,09:51,09:54,09:56,09:58,10:00,10:03,10:06,,,,,,,,,,,10:12,10:15,10:18,10:21,10:23,10:26,10:29,10:38,,,,,,,,,
98079,09:52,09:55,09:58,10:00,10:02,10:04,10:07,10:10,,,,,,,,,,,10:15,10:18,10:21,10:24,10:26,10:29,10:32,10:41,10:43,10:46,10:50,10:53,10:57,11:01,11:04,11:07,11:12
98727,09:55,09:58,10:01,10:03,10:05,10:07,10:10,10:14,10:18,10:21,10:25,10:29,10:32,10:35,10:39,10:43,10:46,10:50,,,,,,,,,,,,,,,,,
98906,,,,,,,,10:14,,,,,,,,,,,10:19,10:22,10:25,10:28,10:30,10:33,10:36,10:45,10:47,10:50,10:54,10:57,11:01,11:05,11:08,11:11,11:16
98323,09:59,10:02,10:05,10:07,10:09,10:11,10:14,10:18,,,,,,,,,,,10:23,10:26,10:29,10:32,10:34,10:37,10:40,10:49,10:51,10:54,10:58,11:01,11:05,,,,
98081,10:03,10:06,10:09,10:11,10:13,10:15,10:18,10:22,,,,,,,,,,,10:27,10:30,10:33,10:36,10:38,10:41,10:44,10:53,10:55,10:58,11:02,11:05,11:09,11:13,11:16,11:19,11:24
98827,10:06,10:09,10:12,10:14,10:16,10:18,10:21,10:25,10:30,10:33,10:37,,,,,,,,,,,,,,,,,,,,,,,,
98083,10:10,10:13,10:16,10:18,10:20,10:22,10:25,10:28,,,,,,,,,,,10:33,10:36,10:39,10:42,10:44,10:47,10:50,10:59,11:01,11:04,11:08,11:11,11:15,11:19,11:22,11:25,11:30
99019,,10:39,,,,,,,,,,,,,,,,,,,,,,,,,,,11:11,11:15,11:19,11:23,11:26,11:29,11:34
98517,10:14,10:17,10:20,10:22,10:24,10:26,10:29,10:32,,,,,,,,,,,10:37,10:40,10:43,10:46,10:48,10:51,10:54,11:03,,,,,,,,,
98085,10:18,10:21,10:24,10:26,10:28,10:30,10:33,10:36,,,,,,,,,,,10:41,10:44,10:47,10:50,10:52,10:55,10:58,11:07,11:09,11:12,11:16,11:19,11:23,11:27,11:30,11:33,11:38
98729,10:22,10:25,10:28,10:30,10:32,10:34,10:37,10:40,10:44,10:47,10:51,10:55,10:58,11:01,11:05,11:09,11:12,11:16,,,,,,,,,,,,,,,,,
98087,,,,,,,,10:40,,,,,,,,,,,10:45,10:48,10:51,10:54,10:56,10:59,11:02,11:11,11:13,11:16,11:20,11:23,11:27,11:31,11:34,11:37,11:42
98325,10:26,10:29,10:32,10:34,10:36,10:38,10:41,10:44,,,,,,,,,,,10:49,10:52,10:55,10:58,11:00,11:03,11:06,11:15,11:17,11:20,11:24,11:27,11:31,,,,
98519,10:30,10:33,10:36,10:38,10:40,10:42,10:45,10:48,,,,,,,,,,,10:53,10:56,10:59,11:02,11:04,11:07,11:10,11:19,,,,,,,,,
98089,10:34,10:37,10:40,10:42,10:44,10:46,10:49,10:52,,,,,,,,,,,10:57,11:00,11:03,11:06,11:08,11:11,11:14,11:23,11:25,11:28,11:32,11:35,11:39,11:43,11:46,11:49,11:54
98829,10:38,10:41,10:44,10:46,10:48,10:50,10:53,10:56,11:00,11:03,11:07,,,,,,,,,,,,,,,,,,,,,,,,
98327,,,,,,,,10:56,,,,,,,,,,,11:01,11:04,11:07,11:10,11:12,11:15,11:18,11:27,11:29,11:32,11:36,11:39,11:43,,,,
98091,10:41,10:44,10:47,10:49,10:51,10:53,10:56,10:59,,,,,,,,,,,11:05,11:08,11:11,11:14,11:16,11:19,11:22,11:31,11:33,11:36,11:40,11:43,11:47,11:51,11:54,11:57,12:02
98521,10:45,10:48,10:51,10:53,10:55,10:57,11:00,11:03,,,,,,,,,,,11:09,11:12,11:15,11:18,11:20,11:23,11:26,11:35,,,,,,,,,
98731,10:48,10:51,10:54,10:56,10:58,11:00,11:03,11:06,11:10,11:13,11:16,11:20,11:23,11:26,11:30,11:34,11:37,11:41,,,,,,,,,,,,,,,,,
99021,,11:14,,,,,,,,,,,,,,,,,,,,,,,,,,,11:44,11:48,11:52,11:56,11:59,12:02,12:07
98093,10:52,10:55,10:58,11:00,11:02,11:04,11:07,11:10,,,,,,,,,,,11:15,11:18,11:21,11:24,11:26,11:29,11:32,11:41,11:43,11:46,11:50,11:53,11:57,12:01,12:04,12:07,12:12
98329,10:56,10:59,11:02,11:04,11:06,11:08,11:11,11:14,,,,,,,,,,,11:19,11:22,11:25,11:28,11:30,11:33,11:36,11:45,11:47,11:50,11:54,11:57,12:01,,,,
98831,11:00,11:03,11:06,11:08,11:10,11:12,11:15,11:18,11:22,11:25,11:29,,,,,,,,,,,,,,,,,,,,,,,,
98095,11:04,11:07,11:10,11:12,11:14,11:16,11:19,11:22,,,,,,,,,,,11:27,11:30,11:33,11:36,11:38,11:41,11:44,11:53,11:55,11:58,12:02,12:05,12:09,12:13,12:16,12:19,12:24
98523,11:08,11:11,11:14,11:16,11:18,11:20,11:23,11:26,,,,,,,,,,,11:31,11:34,11:37,11:39,11:42,11:45,11:48,11:57,,,,,,,,,
98733,11:12,11:15,11:18,11:20,11:22,11:24,11:27,11:30,11:34,11:37,11:41,11:45,11:48,11:51,11:55,11:59,12:02,12:06,,,,,,,,,,,,,,,,,
98331,,,,,,,,11:30,,,,,,,,,,,11:35,11:38,11:41,11:44,11:46,11:49,11:52,12:01,12:03,12:06,12:10,12:13,12:17,,,,
98097,11:16,11:19,11:22,11:24,11:26,11:28,11:31,11:34,,,,,,,,,,,11:39,11:42,11:45,11:48,11:50,11:53,11:56,12:05,12:07,12:10,12:14,12:17,12:21,12:25,12:28,12:31,12:36
98525,11:20,11:23,11:26,11:28,11:30,11:32,11:35,11:38,,,,,,,,,,,11:43,11:46,11:49,11:51,11:54,11:57,12:00,12:09,,,,,,,,,
98907,,,,,,,,11:42,11:47,11:50,11:54,11:58,12:01,12:04,12:08,12:12,12:15,12:19,,,,,,,,,,,,,,,,,
98099,11:26,11:29,11:32,11:34,11:36,11:38,11:41,11:45,,,,,,,,,,,11:51,11:54,11:57,11:59,12:02,12:05,12:08,12:17,12:19,12:22,12:26,12:29,12:33,12:37,12:40,12:43,12:48
98333,11:32,11:35,11:38,11:40,11:42,11:44,11:47,11:50,,,,,,,,,,,11:55,11:58,12:01,12:04,12:06,12:09,12:12,12:21,12:23,12:26,12:30,12:33,12:38,,,,
98833,11:36,11:39,11:42,11:44,11:46,11:48,11:51,11:54,11:59,12:02,12:06,,,,,,,,,,,,,,,,,,,,,,,,
99023,,12:00,,,,,,,,,,,,,,,,,,,,,,,,,,,12:33,12:37,12:41,12:45,12:48,12:51,12:56
98101,11:40,11:43,11:46,11:48,11:50,11:52,11:55,11:58,,,,,,,,,,,12:03,12:06,12:09,12:12,12:14,12:17,12:20,12:29,12:31,12:34,12:39,12:42,12:46,12:50,12:53,12:56,13:01
98735,11:48,11:51,11:54,11:56,11:58,12:00,12:03,12:06,12:10,12:13,12:17,12:21,12:24,12:27,12:31,12:35,12:38,12:42,,,,,,,,,,,,,,,,,
98103,11:52,11:55,11:58,12:00,12:02,12:04,12:07,12:10,,,,,,,,,,,12:15,12:18,12:21,12:24,12:26,12:29,12:32,12:41,12:43,12:46,12:51,12:54,12:58,13:02,13:05,13:08,13:13
98105,11:56,11:59,12:02,12:04,12:06,12:08,12:11,12:14,,,,,,,,,,,12:19,12:22,12:25,12:28,12:30,12:33,12:36,12:45,12:47,12:50,12:55,12:58,13:02,13:06,13:09,13:12,13:17
98835,12:00,12:03,12:06,12:08,12:10,12:12,12:15,12:18,12:22,12:24,12:28,,,,,,,,,,,,,,,,,,,,,,,,
98107,,,,,,,,12:18,,,,,,,,,,,12:23,12:26,12:29,12:32,12:34,12:37,12:40,12:49,12:51,12:54,12:58,13:01,13:05,13:09,13:12,13:15,13:20
98109,12:08,12:11,12:14,12:16,12:18,12:20,12:23,12:26,,,,,,,,,,,12:31,12:34,12:37,12:40,12:42,12:45,12:48,12:57,12:59,13:02,13:07,13:10,13:14,13:18,13:21,13:24,13:29
98737,12:12,12:15,12:18,12:20,12:22,12:24,12:27,12:30,12:34,12:37,12:41,12:45,12:48,12:51,12:55,12:59,13:02,13:06,,,,,,,,,,,,,,,,,
98111,12:17,12:20,12:23,12:25,12:27,12:29,12:32,12:35,,,,,,,,,,,12:40,12:43,12:46,12:49,12:51,12:54,12:57,13:06,13:08,13:11,13:15,13:18,13:22,13:26,13:29,13:32,13:37
98837,12:21,12:24,12:27,12:29,12:31,12:33,12:36,12:39,12:43,12:46,12:50,,,,,,,,,,,,,,,,,,,,,,,,
99025,,12:49,,,,,,,,,,,,,,,,,,,,,,,,,,,13:19,13:23,13:27,13:31,13:34,13:37,13:42
98335,12:25,12:28,12:31,12:33,12:35,12:37,12:40,12:43,,,,,,,,,,,12:48,12:51,12:54,12:57,12:59,13:02,13:05,13:14,13:16,13:19,13:24,13:27,13:31,,,,
98113,12:29,12:32,12:35,12:37,12:39,12:41,12:44,12:47,,,,,,,,,,,12:52,12:55,12:58,13:01,13:03,13:06,13:09,13:18,13:20,13:23,13:28,13:31,13:35,13:39,13:42,13:45,13:50
98115,,,,,,,,12:51,,,,,,,,,,,12:56,12:59,13:02,13:05,13:07,13:10,13:13,13:22,13:24,13:27,13:32,13:35,13:39,13:43,13:46,13:49,13:54
91393,12:36,12:38,12:41,12:43,12:45,12:47,12:50,12:53,12:57,13:00,13:04,13:08,13:11,13:14,13:18,13:22,13:25,13:29,,,,,,,,,,,,,,,,,
98337,12:39,12:42,12:45,12:47,12:49,12:51,12:54,12:57,,,,,,,,,,,13:02,13:05,13:08,13:11,13:13,13:16,13:19,13:28,13:30,13:33,13:38,13:41,13:45,,,,
98908,,,,,,,,13:01,,,,,,,,,,,13:06,13:09,13:12,13:15,13:17,13:20,13:23,13:32,13:34,13:37,13:42,13:45,13:49,13:53,13:56,13:59,14:04
98839,12:47,12:50,12:53,12:55,12:57,12:59,13:02,13:05,13:09,13:12,13:16,,,,,,,,,,,,,,,,,,,,,,,,
98117,12:51,12:54,12:57,12:59,13:01,13:03,13:06,13:09,,,,,,,,,,,13:14,13:17,13:20,13:23,13:25,13:28,13:31,13:40,13:42,13:45,13:50,13:53,13:57,14:01,14:04,14:07,14:12
98527,12:55,12:58,13:01,13:03,13:05,13:07,13:10,13:13,,,,,,,,,,,13:18,13:21,13:24,13:27,13:29,13:32,13:35,13:44,,,,,,,,,
99027,,13:24,,,,,,,,,,,,,,,,,,,,,,,,,,,13:53,13:57,14:01,14:05,14:08,14:11,14:16
98739,12:58,13:01,13:04,13:06,13:08,13:10,13:13,13:17,13:21,13:24,13:28,13:32,13:35,13:38,13:42,13:46,13:49,13:53,,,,,,,,,,,,,,,,,
98119,,,,,,,,13:17,,,,,,,,,,,13:22,13:25,13:28,13:31,13:33,13:36,13:39,13:48,13:50,13:53,13:57,14:01,14:05,14:09,14:12,14:15,14:20
98121,13:03,13:06,13:09,13:11,13:13,13:15,13:18,13:21,,,,,,,,,,,13:26,13:29,13:32,13:35,13:37,13:40,13:43,13:52,13:54,13:57,14:01,14:05,14:09,14:13,14:16,14:19,14:24
98339,13:07,13:10,13:13,13:15,13:17,13:19,13:22,13:25,,,,,,,,,,,13:30,13:33,13:36,13:39,13:41,13:44,13:47,13:56,13:58,14:01,14:05,14:09,14:13,,,,
98841,13:11,13:14,13:17,13:19,13:21,13:23,13:26,13:29,13:33,13:36,13:40,,,,,,,,,,,,,,,,,,,,,,,,
98123,13:15,13:18,13:21,13:23,13:25,13:27,13:30,13:33,,,,,,,,,,,13:38,13:41,13:44,13:47,13:49,13:52,13:55,14:04,14:06,14:09,14:13,14:16,14:20,14:24,14:27,14:30,14:35
98125,13:19,13:22,13:25,13:27,13:29,13:31,13:34,13:37,,,,,,,,,,,13:42,13:45,13:48,13:51,13:53,13:56,13:59,14:08,14:10,14:13,14:17,14:20,14:24,14:28,14:31,14:34,14:39
98741,13:26,13:29,13:32,13:34,13:36,13:38,13:41,13:44,13:48,13:51,13:55,13:59,14:02,14:05,14:09,14:13,14:16,14:20,,,,,,,,,,,,,,,,,
98127,13:30,13:33,13:36,13:38,13:40,13:42,13:45,13:48,,,,,,,,,,,13:53,13:56,13:59,14:02,14:04,14:07,14:10,14:19,14:21,14:24,14:28,14:31,14:35,14:39,14:42,14:45,14:50
98529,13:34,13:37,13:40,13:42,13:44,13:46,13:49,13:52,,,,,,,,,,,13:57,14:00,14:03,14:06,14:08,14:11,14:14,14:23,,,,,,,,,
98843,13:38,13:41,13:44,13:46,13:48,13:50,13:53,13:56,14:00,14:03,14:07,,,,,,,,,,,,,,,,,,,,,,,,
99029,,14:03,,,,,,,,,,,,,,,,,,,,,,,,,,,14:32,14:36,14:40,14:44,14:47,14:50,14:55
98129,,,,,,,,13:58,,,,,,,,,,,14:03,14:06,14:09,14:12,14:14,14:17,14:20,14:29,14:31,14:34,14:38,14:42,14:46,14:50,14:53,14:56,15:01
98131,13:48,13:51,13:54,13:56,13:58,14:00,14:03,14:06,,,,,,,,,,,14:11,14:14,14:17,14:20,14:22,14:25,14:28,14:37,14:39,14:42,14:46,14:50,14:54,14:58,15:01,15:04,15:09
98743,13:52,13:55,13:58,14:00,14:02,14:04,14:07,14:10,14:14,14:17,14:21,14:25,14:28,14:31,14:35,14:39,14:42,14:46,,,,,,,,,,,,,,,,,
98133,13:56,13:59,14:02,14:04,14:06,14:08,14:11,14:14,,,,,,,,,,,14:19,14:22,14:25,14:28,14:30,14:33,14:36,14:45,14:47,14:50,14:54,14:58,15:02,15:06,15:09,15:12,15:17
98845,14:04,14:07,14:10,14:12,14:14,14:16,14:19,14:22,14:26,14:29,14:33,,,,,,,,,,,,,,,,,,,,,,,,
99031,,14:36,,,,,,,,,,,,,,,,,,,,,,,,,,,15:05,15:09,15:13,15:17,15:20,15:23,15:28
98135,14:12,14:15,14:18,14:20,14:22,14:24,14:27,14:30,,,,,,,,,,,14:35,14:38,14:41,14:44,14:46,14:49,14:52,15:01,15:03,15:06,15:10,15:14,15:18,15:22,15:25,15:28,15:33
98745,14:18,14:21,14:24,14:26,14:28,14:30,14:33,14:36,14:40,14:43,14:47,14:51,14:54,14:57,15:01,15:05,15:08,15:12,,,,,,,,,,,,,,,,,
98137,14:22,14:25,14:28,14:30,14:32,14:34,14:37,14:40,,,,,,,,,,,14:45,14:48,14:51,14:54,14:56,14:59,15:02,15:11,15:13,15:16,15:20,15:23,15:27,15:31,15:34,15:37,15:42
98847,14:28,14:31,14:34,14:36,14:38,14:40,14:43,14:46,14:50,14:53,14:57,,,,,,,,,,,,,,,,,,,,,,,,
99033,,14:54,,,,,,,,,,,,,,,,,,,,,,,,,,,15:23,15:27,15:31,15:35,15:38,15:41,15:46
98341,,,,,,,,14:47,,,,,,,,,,,14:52,14:55,14:58,15:01,15:03,15:06,15:09,15:18,15:20,15:23,15:27,15:31,15:35,,,,
98139,14:34,14:37,14:40,14:42,14:44,14:46,14:49,14:52,,,,,,,,,,,14:57,15:00,15:03,15:06,15:08,15:11,15:14,15:23,15:25,15:28,15:32,15:35,15:39,15:43,15:46,15:49,15:54
91395,14:40,14:43,14:46,14:48,14:50,14:52,14:55,14:58,15:02,15:04,15:09,15:13,15:16,15:19,15:24,15:28,15:31,15:35,,,,,,,,,,,,,,,,,
98141,14:44,14:47,14:50,14:52,14:54,14:56,14:59,15:02,,,,,,,,,,,15:07,15:10,15:13,15:16,15:18,15:21,15:24,15:33,15:35,15:38,15:43,15:46,15:50,15:54,15:57,16:00,16:05
98143,14:48,14:51,14:54,14:56,14:58,15:00,15:03,15:06,,,,,,,,,,,15:11,15:14,15:17,15:20,15:22,15:25,15:28,15:37,15:39,15:42,15:46,15:49,15:53,15:57,16:00,16:03,16:08
98747,14:52,14:55,14:58,15:00,15:02,15:04,15:07,15:10,15:14,15:17,15:21,15:25,15:28,15:31,15:35,15:39,15:42,15:46,,,,,,,,,,,,,,,,,
99035,,15:20,,,,,,,,,,,,,,,,,,,,,,,,,,,15:49,15:53,15:57,16:01,16:04,16:07,16:12
98145,14:56,14:59,15:02,15:04,15:06,15:08,15:11,15:14,,,,,,,,,,,15:19,15:22,15:25,15:28,15:30,15:33,15:36,15:45,15:47,15:50,15:54,15:57,16:01,16:05,16:08,16:11,16:16
98343,15:00,15:03,15:06,15:08,15:10,15:12,15:15,15:18,,,,,,,,,,,15:23,15:26,15:29,15:32,15:34,15:37,15:40,15:49,15:51,15:54,15:58,16:01,16:05,,,,
98849,15:04,15:07,15:10,15:12,15:14,15:16,15:19,15:22,15:26,15:29,15:33,,,,,,,,,,,,,,,,,,,,,,,,
98147,,,,,,,,15:22,,,,,,,,,,,15:27,15:30,15:33,15:36,15:38,15:41,15:44,15:53,15:55,15:58,16:02,16:05,16:09,16:13,16:16,16:19,16:24
98149,15:08,15:11,15:14,15:16,15:18,15:20,15:23,15:26,,,,,,,,,,,15:31,15:34,15:37,15:40,15:42,15:45,15:48,15:57,15:59,16:02,16:06,16:09,16:13,16:17,16:20,16:23,16:28
98345,15:12,15:15,15:18,15:20,15:22,15:24,15:27,15:30,,,,,,,,,,,15:35,15:38,15:41,15:44,15:46,15:49,15:52,16:01,16:03,16:06,16:10,16:13,16:17,,,,
98151,15:16,15:19,15:22,15:24,15:26,15:28,15:31,15:34,,,,,,,,,,,15:39,15:42,15:45,15:48,15:50,15:53,15:56,16:05,16:07,16:10,16:14,16:17,16:21,16:25,16:28,16:31,16:36
98749,15:20,15:23,15:26,15:28,15:30,15:32,15:35,15:38,15:42,15:45,15:49,15:53,15:56,15:59,16:03,16:07,16:10,16:14,,,,,,,,,,,,,,,,,
98153,15:24,15:27,15:30,15:32,15:34,15:36,15:39,15:42,,,,,,,,,,,15:47,15:50,15:53,15:56,15:58,16:01,16:04,16:13,16:15,16:18,16:22,16:25,16:29,16:33,16:36,16:39,16:44
98155,15:28,15:31,15:34,15:36,15:38,15:40,15:43,15:46,,,,,,,,,,,15:51,15:54,15:57,16:00,16:02,16:05,16:08,16:17,16:19,16:22,16:26,16:29,16:33,16:37,16:40,16:43,16:48
99037,,16:00,,,,,,,,,,,,,,,,,,,,,,,,,,,16:29,16:33,16:37,16:41,16:44,16:47,16:52
98851,15:32,15:35,15:38,15:40,15:42,15:44,15:47,15:50,15:54,15:57,16:01,,,,,,,,,,,,,,,,,,,,,,,,
98531,,,,,,,,15:50,,,,,,,,,,,15:55,15:58,16:01,16:04,16:06,16:09,16:12,16:21,,,,,,,,,
98157,15:36,15:39,15:42,15:44,15:46,15:48,15:51,15:54,,,,,,,,,,,15:59,16:02,16:05,16:08,16:10,16:13,16:16,16:25,16:27,16:30,16:34,16:37,16:41,16:45,16:48,16:51,16:56
98159,15:44,15:47,15:50,15:52,15:54,15:56,15:59,16:02,,,,,,,,,,,16:07,16:10,16:13,16:16,16:18,16:21,16:24,16:33,16:35,16:38,16:42,16:45,16:49,16:53,16:56,16:59,17:04
98751,15:48,15:51,15:54,15:56,15:58,16:00,16:03,16:06,16:10,16:13,16:17,16:21,16:24,16:27,16:31,16:35,16:38,16:42,,,,,,,,,,,,,,,,,
98161,,,,,,,,16:08,,,,,,,,,,,16:13,16:16,16:19,16:22,16:24,16:27,16:30,16:39,16:41,16:44,16:48,16:51,16:55,16:59,17:02,17:05,17:10
98533,15:54,15:57,16:00,16:02,16:04,16:06,16:09,16:12,,,,,,,,,,,16:17,16:20,16:23,16:26,16:28,16:31,16:34,16:43,,,,,,,,,
99039,,16:24,,,,,,,,,,,,,,,,,,,,,,,,,,,16:53,16:57,17:01,17:05,17:08,17:11,17:16
98163,16:00,16:03,16:06,16:08,16:10,16:12,16:15,16:18,,,,,,,,,,,16:23,16:26,16:29,16:32,16:34,16:37,16:40,16:49,16:51,16:54,16:58,17:01,17:05,17:09,17:12,17:15,17:21
98853,16:04,16:07,16:10,16:12,16:14,16:16,16:19,16:22,16:26,16:29,16:33,,,,,,,,,,,,,,,,,,,,,,,,
98165,16:08,16:11,16:14,16:16,16:18,16:20,16:23,16:26,,,,,,,,,,,16:31,16:34,16:37,16:40,16:42,16:45,16:48,16:57,16:59,17:02,17:06,17:09,17:13,17:17,17:20,17:23,17:28
98535,16:12,16:15,16:18,16:20,16:22,16:24,16:27,16:30,,,,,,,,,,,16:35,16:38,16:41,16:44,16:46,16:49,16:52,17:01,,,,,,,,,
98753,16:16,16:19,16:22,16:24,16:26,16:28,16:31,16:34,16:38,16:41,16:45,16:49,16:52,16:55,16:59,17:03,17:06,17:10,,,,,,,,,,,,,,,,,
98167,,,,,,,,16:34,,,,,,,,,,,16:39,16:42,16:45,16:48,16:50,16:53,16:56,17:05,17:07,17:10,17:14,17:17,17:21,17:25,17:28,17:31,17:36
99041,,16:48,,,,,,,,,,,,,,,,,,,,,,,,,,,17:17,17:21,17:25,17:29,17:32,17:35,17:40
98169,16:23,16:26,16:29,16:31,16:33,16:35,16:38,16:41,,,,,,,,,,,16:46,16:49,16:52,16:55,16:57,17:00,17:03,17:12,17:14,17:17,17:21,17:25,17:29,17:33,17:36,17:39,17:44
98347,16:27,16:30,16:33,16:35,16:37,16:39,16:42,16:45,,,,,,,,,,,16:50,16:53,16:56,16:59,17:01,17:04,17:07,17:16,17:18,17:21,17:25,17:28,17:32,,,,
98855,16:31,16:34,16:37,16:39,16:41,16:43,16:46,16:49,16:53,16:55,17:00,,,,,,,,,,,,,,,,,,,,,,,,
98171,16:35,16:38,16:41,16:43,16:45,16:47,16:50,16:53,,,,,,,,,,,16:58,17:01,17:04,17:07,17:09,17:12,17:15,17:24,17:26,17:29,17:33,17:36,17:40,17:44,17:47,17:50,17:55
98349,16:39,16:42,16:45,16:47,16:49,16:51,16:54,16:57,,,,,,,,,,,17:02,17:05,17:08,17:11,17:13,17:16,17:19,17:28,17:30,17:33,17:37,17:40,17:44,,,,
98755,16:43,16:46,16:49,16:51,16:53,16:55,16:58,17:01,17:05,17:08,17:12,17:16,17:19,17:22,17:26,17:30,17:33,17:37,,,,,,,,,,,,,,,,,
98173,,,,,,,,17:01,,,,,,,,,,,17:06,17:09,17:12,17:15,17:17,17:20,17:23,17:32,17:34,17:37,17:41,17:44,17:48,17:52,17:55,17:58,18:03
98537,16:47,16:50,16:53,16:55,16:57,16:59,17:02,17:05,,,,,,,,,,,17:10,17:13,17:16,17:19,17:21,17:24,17:27,17:36,,,,,,,,,
98175,16:51,16:54,16:57,16:59,17:01,17:03,17:06,17:09,,,,,,,,,,,17:14,17:17,17:20,17:23,17:25,17:28,17:31,17:40,17:42,17:45,17:49,17:52,17:56,18:00,18:03,18:06,18:11
99043,,17:23,,,,,,,,,,,,,,,,,,,,,,,,,,,17:52,17:56,18:00,18:04,18:07,18:10,18:15
98857,16:56,16:59,17:02,17:04,17:06,17:08,17:11,17:14,17:18,17:20,17:25,,,,,,,,,,,,,,,,,,,,,,,,
98177,,,,,,,,17:14,,,,,,,,,,,17:19,17:22,17:25,17:27,17:30,17:33,17:36,17:45,17:48,17:51,17:56,18:00,18:04,18:08,18:11,18:14,18:19
98351,17:00,17:03,17:06,17:08,17:10,17:12,17:15,17:18,,,,,,,,,,,17:23,17:26,17:29,17:32,17:34,17:37,17:40,17:49,17:52,17:55,18:00,18:04,18:08,,,,
98539,17:04,17:07,17:10,17:12,17:14,17:16,17:19,17:22,,,,,,,,,,,17:27,17:30,17:33,17:36,17:38,17:41,17:44,17:53,,,,,,,,,
98179,17:08,17:11,17:14,17:16,17:18,17:20,17:23,17:26,,,,,,,,,,,17:31,17:34,17:37,17:40,17:42,17:45,17:48,17:57,17:59,18:02,18:06,18:09,18:13,18:17,18:20,18:23,18:28
98865,18:45,18:48,18:51,18:53,18:55,18:57,19:00,19:03,19:07,19:09,19:14,,,,,,,,,,,,,,,,,,,,,,,,
98549,18:49,18:52,18:55,18:57,18:59,19:01,19:04,19:07,,,,,,,,,,,19:12,19:15,19:18,19:21,19:23,19:26,19:29,19:38,,,,,,,,,
98765,18:53,18:56,18:59,19:01,19:03,19:05,19:08,19:11,19:16,19:18,19:22,19:27,19:30,19:33,19:37,19:41,19:44,19:48,,,,,,,,,,,,,,,,,
98910,,,,,,,,19:11,,,,,,,,,,,19:16,19:19,19:22,19:25,19:27,19:30,19:33,19:42,19:44,19:47,19:51,19:54,19:58,20:02,20:05,20:08,20:13
98205,18:57,19:00,19:03,19:05,19:07,19:09,19:12,19:15,,,,,,,,,,,19:20,19:23,19:26,19:29,19:31,19:34,19:37,19:46,19:48,19:51,19:55,19:58,20:02,20:06,20:09,20:12,20:17
98359,19:01,19:04,19:07,19:09,19:11,19:13,19:16,19:19,,,,,,,,,,,19:24,19:27,19:30,19:33,19:35,19:38,19:41,19:50,19:52,19:55,19:59,20:02,20:06,,,,
98207,19:05,19:08,19:11,19:13,19:15,19:17,19:20,19:23,,,,,,,,,,,19:28,19:31,19:34,19:37,19:39,19:42,19:45,19:54,19:56,19:59,20:03,20:06,20:10,20:14,20:17,20:20,20:25
98209,,,,,,,,19:27,,,,,,,,,,,19:32,19:35,19:38,19:41,19:43,19:46,19:49,19:58,20:00,20:03,20:07,20:10,20:14,20:18,20:21,20:24,20:29
98767,19:09,19:12,19:15,19:17,19:19,19:21,19:24,19:27,19:32,19:34,19:38,19:43,19:46,19:49,19:53,19:57,20:00,20:04,,,,,,,,,,,,,,,,,
98361,19:13,19:16,19:19,19:21,19:23,19:25,19:28,19:31,,,,,,,,,,,19:36,19:39,19:42,19:45,19:47,19:50,19:53,20:02,20:04,20:07,20:11,20:14,20:19,,,,
98211,19:17,19:20,19:23,19:25,19:27,19:29,19:32,19:35,,,,,,,,,,,19:40,19:43,19:46,19:49,19:51,19:54,19:57,20:06,20:08,20:11,20:15,20:18,20:22,20:26,20:29,20:32,20:37
99053,,19:48,,,,,,,,,,,,,,,,,,,,,,,,,,,20:18,20:22,20:26,20:30,20:33,20:36,20:42
98915,,,,,,,,19:39,19:44,19:46,19:50,19:55,19:58,20:01,20:05,20:09,20:12,20:16,,,,,,,,,,,,,,,,,
98867,19:24,19:27,19:30,19:32,19:34,19:36,19:39,19:43,19:47,19:49,19:54,,,,,,,,,,,,,,,,,,,,,,,,
98912,,,,,,,,19:43,,,,,,,,,,,19:49,19:52,19:55,19:58,20:00,20:03,20:06,20:15,20:17,20:20,20:24,20:27,20:31,20:35,20:38,20:41,20:46
99055,,19:59,,,,,,,,,,,,,,,,,,,,,,,,,,,20:28,20:32,20:36,20:40,20:43,20:46,20:51
98551,19:28,19:31,19:34,19:36,19:38,19:40,19:43,19:47,,,,,,,,,,,19:53,19:56,19:59,20:02,20:04,20:07,20:10,20:19,,,,,,,,,
98213,19:32,19:35,19:38,19:40,19:42,19:44,19:47,19:51,,,,,,,,,,,19:57,20:00,20:03,20:06,20:08,20:11,20:14,20:23,20:25,20:28,20:32,20:36,20:40,20:44,20:47,20:50,20:55
98363,19:36,19:39,19:42,19:44,19:46,19:48,19:51,19:54,,,,,,,,,,,20:00,20:03,20:06,20:09,20:11,20:14,20:17,20:26,20:28,20:31,20:35,20:39,20:43,,,,
98769,19:40,19:43,19:46,19:48,19:50,19:52,19:55,19:58,20:03,20:05,20:09,20:14,20:17,20:20,20:24,20:28,20:31,20:35,,,,,,,,,,,,,,,,,
98215,,,,,,,,19:58,,,,,,,,,,,20:04,20:07,20:10,20:13,20:15,20:18,20:21,20:30,20:32,20:35,20:39,20:42,20:46,20:50,20:53,20:56,21:01
99057,,20:15,,,,,,,,,,,,,,,,,,,,,,,,,,,20:44,20:48,20:52,20:56,20:59,21:02,21:07
98553,19:44,19:47,19:50,19:52,19:54,19:56,19:59,20:02,,,,,,,,,,,20:08,20:11,20:14,20:17,20:19,20:22,20:25,20:34,,,,,,,,,
98217,19:48,19:51,19:54,19:56,19:58,20:00,20:03,20:06,,,,,,,,,,,20:12,20:15,20:18,20:21,20:23,20:26,20:29,20:38,20:40,20:43,20:48,20:52,20:56,21:00,21:03,21:06,21:11
98365,19:52,19:55,19:58,20:00,20:02,20:04,20:07,20:10,,,,,,,,,,,20:16,20:19,20:22,20:25,20:27,20:30,20:33,20:42,20:44,20:47,20:51,20:55,20:59,,,,
98869,19:56,19:59,20:02,20:04,20:06,20:08,20:11,20:14,20:18,20:20,20:24,,,,,,,,,,,,,,,,,,,,,,,,
98219,,,,,,,,20:14,,,,,,,,,,,20:20,20:23,20:26,20:28,20:31,20:34,20:37,20:46,20:48,20:51,20:55,20:58,21:02,21:06,21:09,21:12,21:17
98221,20:00,20:03,20:06,20:08,20:10,20:12,20:15,20:18,,,,,,,,,,,20:24,20:27,20:30,20:32,20:35,20:38,20:41,20:50,20:52,20:55,20:59,21:02,21:06,21:10,21:13,21:16,21:21
98555,20:04,20:07,20:10,20:12,20:14,20:16,20:19,20:22,,,,,,,,,,,20:28,20:31,20:34,20:36,20:39,20:42,20:45,20:54,,,,,,,,,
98914,,,,,,,,20:26,,,,,,,,,,,20:32,20:35,20:38,20:41,20:43,20:46,20:49,20:58,21:00,21:03,21:07,21:10,21:14,21:18,21:21,21:24,21:29
98771,20:08,20:11,20:14,20:16,20:18,20:20,20:23,20:26,20:31,20:33,20:37,20:42,20:45,20:48,20:52,20:56,20:59,21:03,,,,,,,,,,,,,,,,,
98223,20:16,20:19,20:22,20:24,20:26,20:28,20:31,20:34,,,,,,,,,,,20:40,20:43,20:46,20:49,20:51,20:54,20:57,21:06,21:08,21:11,21:15,21:18,21:22,21:26,21:29,21:32,21:37
99059,,20:50,,,,,,,,,,,,,,,,,,,,,,,,,,,21:19,21:23,21:27,21:31,21:34,21:37,21:42
98871,20:20,20:23,20:26,20:28,20:30,20:32,20:35,20:38,20:42,20:44,20:50,,,,,,,,,,,,,,,,,,,,,,,,
98917,,,,,,,,20:42,20:47,20:49,20:53,20:58,21:01,21:04,21:08,21:12,21:15,21:20,,,,,,,,,,,,,,,,,
98367,20:28,20:31,20:34,20:36,20:38,20:40,20:43,20:46,,,,,,,,,,,20:52,20:55,20:58,21:01,21:03,21:06,21:09,21:18,21:20,21:23,21:27,21:30,21:34,,,,
98225,20:32,20:35,20:38,20:40,20:42,20:44,20:47,20:50,,,,,,,,,,,20:56,20:59,21:02,21:05,21:07,21:10,21:13,21:22,21:24,21:27,21:31,21:34,21:38,21:42,21:45,21:48,21:53
98227,,,,,,,,20:54,,,,,,,,,,,21:00,21:03,21:06,21:08,21:11,21:14,21:17,21:26,21:28,21:31,21:35,21:38,21:42,21:46,21:49,21:52,21:57
98773,20:36,20:39,20:42,20:44,20:46,20:48,20:51,20:54,20:59,21:01,21:05,21:10,21:13,21:16,21:20,21:24,21:27,21:32,,,,,,,,,,,,,,,,,
98557,20:40,20:43,20:46,20:48,20:50,20:52,20:55,20:58,,,,,,,,,,,21:04,21:07,21:10,21:13,21:15,21:18,21:21,21:30,,,,,,,,,
99061,,21:11,,,,,,,,,,,,,,,,,,,,,,,,,,,21:40,21:43,21:47,21:51,21:54,21:57,22:02
91491,20:46,20:48,20:51,20:53,20:55,20:57,21:00,21:03,21:07,21:09,21:13,21:17,21:20,21:23,21:27,21:31,21:34,21:38,,,,21:50,,,,,,,,,,,,,
98916,,,,,,,,21:03,,,,,,,,,,,21:08,21:11,21:14,21:17,21:19,21:22,21:25,21:34,21:36,21:39,21:43,21:46,21:50,21:54,21:57,22:00,22:05
98229,20:49,20:52,20:55,20:57,20:59,21:01,21:04,21:07,,,,,,,,,,,21:12,21:15,21:18,21:21,21:23,21:26,21:29,21:38,21:40,21:43,21:47,21:50,21:54,21:58,22:01,22:04,22:09
98231,,,,,,,,21:11,,,,,,,,,,,21:16,21:19,21:22,21:25,21:27,21:30,21:33,21:42,21:44,21:47,21:51,21:54,21:58,22:02,22:05,22:08,22:13
98873,20:54,20:57,21:00,21:02,21:04,21:06,21:09,21:12,21:16,21:18,21:23,,,,,,,,,,,,,,,,,,,,,,,,
98233,21:02,21:05,21:08,21:10,21:12,21:14,21:17,21:20,,,,,,,,,,,21:25,21:28,21:31,21:34,21:36,21:39,21:42,21:51,21:53,21:56,22:00,22:03,22:07,22:11,22:14,22:17,22:22
99063,,21:36,,,,,,,,,,,,,,,,,,,,,,,,,,,22:05,22:09,22:13,22:17,22:20,22:23,22:28
98559,21:06,21:09,21:12,21:14,21:16,21:18,21:21,21:24,,,,,,,,,,,21:29,21:32,21:35,21:38,21:40,21:43,21:46,21:55,,,,,,,,,
98775,21:10,21:13,21:16,21:18,21:20,21:22,21:25,21:28,21:33,21:35,21:39,21:44,21:47,21:50,21:54,21:58,22:01,22:05,,,,,,,,,,,,,,,,,
98235,21:14,21:17,21:20,21:22,21:24,21:26,21:29,21:32,,,,,,,,,,,21:37,21:40,21:43,21:46,21:48,21:51,21:54,22:03,22:05,22:08,22:12,22:15,22:19,22:23,22:26,22:29,22:34
98369,21:18,21:21,21:24,21:26,21:28,21:30,21:33,21:36,,,,,,,,,,,21:41,21:44,21:47,21:50,21:52,21:55,21:58,22:07,22:09,22:12,22:16,22:19,22:23,,,,
98875,21:22,21:25,21:28,21:30,21:32,21:34,21:37,21:40,21:44,21:46,21:51,,,,,,,,,,,,,,,,,,,,,,,,
98237,,,,,,,,21:40,,,,,,,,,,,21:45,21:48,21:51,21:54,21:56,21:59,22:02,22:11,22:13,22:16,22:20,22:23,22:27,22:31,22:34,22:37,22:42
99065,,21:52,,,,,,,,,,,,,,,,,,,,,,,,,,,22:23,22:27,22:31,22:35,22:38,22:41,22:46
98561,21:26,21:29,21:32,21:34,21:36,21:38,21:41,21:44,,,,,,,,,,,21:49,21:52,21:55,21:58,22:00,22:03,22:06,22:15,,,,,,,,,
98239,21:30,21:33,21:36,21:38,21:40,21:42,21:45,21:48,,,,,,,,,,,21:53,21:56,21:59,22:02,22:04,22:07,22:10,22:19,22:21,22:24,22:28,22:31,22:35,22:39,22:42,22:45,22:50
98777,21:34,21:37,21:40,21:42,21:44,21:46,21:49,21:52,21:57,21:59,22:03,22:08,22:11,22:14,22:18,22:22,22:25,22:29,,,,,,,,,,,,,,,,,
98371,21:38,21:41,21:44,21:46,21:48,21:50,21:53,21:56,,,,,,,,,,,22:01,22:04,22:07,22:10,22:12,22:15,22:18,22:27,22:29,22:32,22:36,22:39,22:43,,,,
98241,21:42,21:45,21:48,21:50,21:52,21:54,21:57,22:00,,,,,,,,,,,22:05,22:08,22:11,22:14,22:16,22:19,22:22,22:31,22:33,22:36,22:40,22:43,22:47,22:51,22:54,22:57,23:02
98877,21:46,21:49,21:52,21:54,21:56,21:58,22:01,22:04,22:09,22:11,22:16,,,,,,,,,,,,,,,,,,,,,,,,
98563,21:50,21:53,21:56,21:58,22:00,22:02,22:05,22:08,,,,,,,,,,,22:13,22:16,22:19,22:22,22:24,22:27,22:30,22:39,,,,,,,,,
99067,,22:15,,,,,,,,,,,,,,,,,,,,,,,,,,,22:44,22:48,22:52,22:56,22:59,23:02,23:07
98569,22:45,22:48,22:51,22:53,22:55,22:57,23:00,23:03,,,,,,,,,,,23:08,23:11,23:14,23:17,23:19,23:22,23:25,23:34,,,,,,,,,
99071,,23:14,,,,,,,,,,,,,,,,,,,,,,,,,,,23:43,23:47,23:51,23:55,23:58,00:01,00:06
98251,22:50,22:53,22:56,22:58,23:00,23:02,23:05,23:08,,,,,,,,,,,23:13,23:16,23:19,23:22,23:24,23:27,23:30,23:39,23:41,23:44,23:48,23:51,23:55,23:59,00:02,00:05,00:10
98783,22:54,22:57,23:00,23:02,23:04,23:06,23:09,23:12,23:16,23:19,23:23,23:28,23:31,23:34,23:38,23:42,23:45,23:49,,,,,,,,,,,,,,,,,
98253,22:58,23:01,23:04,23:06,23:08,23:10,23:13,23:16,,,,,,,,,,,23:21,23:24,23:27,23:30,23:32,23:35,23:38,23:47,23:49,23:52,23:56,23:59,00:03,00:07,00:10,00:13,00:18
98883,23:02,23:05,23:08,23:10,23:12,23:14,23:17,23:20,23:24,23:26,23:31,,,,,,,,,,,,,,,,,,,,,,,,
99073,,23:32,,,,,,,,,,,,,,,,,,,,,,,,,,,00:01,00:05,00:09,00:13,00:16,00:19,00:24
98255,23:14,23:17,23:20,23:22,23:24,23:26,23:29,23:32,,,,,,,,,,,23:37,23:40,23:43,23:46,23:48,23:51,23:54,00:03,00:05,00:08,00:12,00:15,00:19,00:23,00:26,00:29,00:34
98571,23:20,23:23,23:26,23:28,23:30,23:32,23:35,23:38,,,,,,,,,,,23:43,23:46,23:49,23:52,23:54,23:57,00:00,00:09,,,,,,,,,
98785,23:26,23:29,23:32,23:34,23:36,23:38,23:41,23:44,23:48,23:51,23:55,,00:03,00:06,00:10,00:14,00:17,00:21,,,,,,,,,,,,,,,,,
98257,23:30,23:33,23:36,23:38,23:40,23:42,23:45,23:48,,,,,,,,,,,23:53,23:56,23:59,00:02,00:04,00:07,00:10,00:19,00:21,00:24,00:28,00:31,00:35,00:39,00:42,00:45,00:50
98885,23:38,23:41,23:44,23:46,23:48,23:50,23:53,23:56,00:00,00:02,00:07,,,,,,,,,,,,,,,,,,,,,,,,
98573,23:42,23:45,23:48,23:50,23:52,23:54,23:57,00:00,,,,,,,,,,,00:05,00:08,00:11,00:14,00:16,00:19,00:22,00:31,,,,,,,,,
98787,23:46,23:49,23:52,23:54,23:56,23:58,00:01,00:04,00:08,00:11,00:15,00:20,00:23,00:26,00:30,00:34,00:37,00:41,,,,,,,,,,,,,,,,,
99001,,00:05,,,,,,,,,,,,,,,,,,,,,,,,,,,00:34,00:38,00:42,00:46,00:49,00:52,00:57
98259,23:52,23:55,23:58,00:00,00:02,00:04,00:07,00:10,,,,,,,,,,,00:15,00:18,00:21,00:24,00:26,00:29,00:32,00:41,00:43,00:46,00:50,00:53,00:57,01:01,01:04,01:07,01:13
98575,23:57,00:00,00:03,00:05,00:07,00:09,00:12,00:15,,,,,,,,,,,00:20,00:23,00:26,00:29,00:31,00:34,00:37,00:46,,,,,,,,,
