TRAIN,,VIRAR,Nalla Sopara,VASAI ROAD,Naigaon,BHAYANDAR,Mira Road,Dahisar,BORIVALI,Kandivali,Malad,Goregaon,Ram Mandir,Jogeshwari,ANDHERI,Vile Parle,Santa Cruz,Khar Road,BANDRA,Mahim Jn.,Matunga Road,DADAR,Prabhadevi,Lower Parel,Mahalakshmi,M'BAI CENTRAL(L),Grant Road,Charni Road,Marine Lines,CHURCHGATE,_1,_2,M'BAI CENTRAL(,M'BAI CENTRAL(L
90002,,,,,,,,,,,,,,,04:05,04:09,04:12,04:15,04:19,04:22,04:25,04:28,04:31,04:34,04:37,04:40,04:42,04:44,04:47,04:50,,,,
90004,,,,,,,,,03:50,03:55,03:58,04:01,04:03,04:06,04:11,04:14,04:17,04:20,04:24,04:27,04:30,04:33,04:36,04:39,04:42,04:45,04:47,04:49,04:52,04:56,,,,
90006,,03:25,03:31,03:36,03:41,03:47,03:52,03:56,04:00,04:04,04:07,04:10,04:12,04:15,04:20,04:23,04:26,04:29,04:33,04:36,04:39,04:42,04:45,04:48,04:51,04:54,04:56,04:58,05:01,05:05,,,,
90008,,,,,,,,,04:05,04:11,04:14,04:17,04:19,04:22,04:27,04:30,04:33,04:36,04:40,04:43,04:46,04:49,04:52,04:55,04:58,05:01,05:03,05:05,05:08,05:12,,,,
90010,,,,,,,,,04:10,04:16,04:19,04:22,04:24,04:27,04:32,04:35,04:38,04:41,04:45,04:48,04:51,04:54,04:57,05:00,05:03,05:06,05:08,05:10,05:13,05:16,,,,
90012,,,03:40,03:46,03:50,03:56,04:01,04:05,04:11,,,,,,,,,,,,,,,,,,,,,,,,,
90014,,,,,,,,,04:15,04:20,04:23,04:26,04:28,04:31,04:36,04:39,04:42,04:45,04:49,04:52,04:55,04:58,05:01,05:04,05:07,05:10,05:12,05:14,05:17,05:21,,,,
90016,,,,,,,,,04:20,04:25,04:28,04:31,04:33,04:36,04:41,04:44,04:47,04:50,04:54,04:57,05:00,05:03,05:06,05:09,05:12,05:15,05:17,05:19,05:22,05:25,,,,
90018,,03:40,03:46,03:51,03:56,04:02,04:07,04:11,04:16,,,,,,04:31,,,,04:41,,,04:47,,,,04:55,04:57,04:59,05:02,05:08,,,,
90020,,,,,,04:10,04:16,04:20,04:25,,,,,,04:39,,,,04:48,,,04:54,,,,05:01,05:03,05:05,05:08,05:14,,,,
90022,,,,,,,,,04:25,04:31,04:34,04:37,04:39,04:42,04:46,04:49,04:52,04:55,04:59,05:02,05:05,05:08,05:11,05:14,05:17,05:20,05:22,05:24,05:27,05:30,,,,
94002,,,04:00,04:06,04:11,04:16,04:21,04:25,04:29,,,,,,,,,,,,,,,,,,,,,,,,,
94004,,,,,,,,,04:31,04:36,04:39,04:42,04:44,04:47,04:51,04:55,04:58,05:01,05:05,05:08,05:11,05:14,05:17,05:20,05:23,05:26,05:28,05:30,05:33,05:36,,,,
90002,,04:00,04:06,04:11,04:15,04:21,04:26,04:30,04:35,,,,,,,,,,,,,,,,,,,,,,,,,
90004,,,,,,,,,04:38,04:43,04:46,04:49,04:51,04:54,05:00,05:03,05:06,05:09,05:13,05:16,05:19,05:22,05:25,05:28,05:31,05:34,05:36,05:38,05:41,05:44,,,,
90006,,,,,,,,,04:42,04:48,04:51,04:54,04:56,04:59,05:04,05:08,05:11,05:14,05:18,05:21,05:24,05:27,05:30,05:33,05:36,05:39,05:41,05:43,05:46,05:49,,,,
90008,,04:00,,04:10,,04:18,,,04:28,,,,,,04:43,,,,04:53,,,05:02,,,,,,,,,,,,
90010,,,,,,04:30,04:36,04:41,04:47,,,,,,05:00,,,,05:09,,,05:15,,,,05:22,05:24,05:26,05:29,05:33,,,,
90012,,,,,,,,,04:53,04:59,05:02,05:05,05:07,05:10,05:15,05:19,05:22,05:25,05:29,05:32,05:35,05:38,05:41,05:44,05:47,05:50,05:52,05:54,05:57,06:00,,,,
90014,,04:20,04:26,04:31,04:35,04:41,04:46,04:51,04:56,,,,,,05:09,,,,05:18,,,05:24,,,,05:31,05:33,05:35,05:38,05:42,,,,
90016,,,,,,,,,04:58,05:04,05:07,05:10,05:12,05:15,05:20,05:24,05:27,05:30,05:34,05:37,05:40,05:43,05:46,05:49,05:52,05:55,05:57,05:59,06:02,06:06,,,,
90018,,,,,,04:45,04:51,04:55,05:00,,,,,,05:13,,,,05:22,,,05:28,,,,05:35,05:37,05:39,05:42,05:46,,,,
90020,,,,,,,,,,,,05:14,05:17,05:19,05:24,05:27,05:30,05:33,05:37,05:40,05:43,05:46,05:49,05:52,05:55,05:58,06:00,06:02,06:05,06:10,,,,
90022,,,04:35,04:41,04:45,04:51,04:56,05:00,05:05,,,,,,05:18,,,,05:27,,,05:33,,,,05:40,05:43,05:46,05:48,05:55,,,,
94002,,,,,,,,,05:05,05:11,05:14,05:17,05:19,05:22,05:26,05:30,05:33,05:36,05:40,05:43,05:46,05:49,05:53,05:56,05:59,06:02,06:04,06:06,06:09,06:14,,,,
94004,,,,,,04:55,05:01,05:05,05:10,05:14,05:17,05:20,05:22,05:25,05:30,05:33,05:36,05:39,05:44,05:47,05:50,05:53,05:56,05:59,06:02,06:06,06:08,06:10,06:13,06:17,,,,
90002,,,,,,,,,,,,,,,05:32,05:37,05:40,05:43,05:48,05:51,05:54,05:57,06:00,06:03,06:06,06:10,06:12,06:14,06:17,06:21,,,,
90004,,04:35,04:42,04:47,04:51,04:57,05:02,05:06,05:10,,,,,,05:25,,,,05:35,,,05:41,,,,05:48,05:50,05:52,05:55,06:03,,,,
90006,,,,,,,,,05:15,05:21,05:24,05:27,05:29,05:32,05:38,05:41,05:44,05:47,05:51,05:54,05:57,06:00,06:03,06:06,06:09,06:12,06:14,06:16,06:19,06:24,,,,
90008,,,04:50,04:55,05:00,05:06,05:11,05:15,05:20,05:25,05:28,05:31,05:33,05:36,05:41,05:44,05:47,05:50,05:54,05:57,06:00,06:03,06:06,06:09,06:12,06:15,06:17,06:19,06:22,06:29,,,,
90010,,04:50,04:56,05:02,05:07,05:13,05:18,05:22,05:27,,,,,,05:42,,,,05:52,,,06:00,,,,06:10,,,,06:19,,,,
90012,,,,,,05:15,05:21,05:25,05:30,05:35,05:38,05:41,05:43,05:46,05:50,05:53,05:56,05:59,06:03,06:06,06:09,06:13,06:15,06:18,06:21,06:24,06:26,06:28,06:31,06:34,,,,
90014,,,,,,,,,05:31,05:38,05:41,05:44,05:46,05:49,05:53,05:56,05:59,06:02,06:06,06:09,06:12,06:16,06:18,06:21,06:24,06:27,06:29,06:31,06:34,06:37,,,,
90016,,,05:05,05:11,05:16,05:22,05:27,05:31,05:36,05:41,05:44,05:47,05:49,05:52,05:58,,,,,,,,,,,,,,,,,,,
90018,,,,,,05:25,05:31,05:35,05:41,,,,,,05:54,,,,06:04,,,06:11,,,,06:19,06:21,06:23,06:26,06:30,,,,
90020,,05:08,,05:18,,05:26,,,05:36,,,,,,05:51,,,,06:01,,,06:08,,,,06:15,,,,06:25,,,,
90022,,,,,,,,,05:40,05:47,05:50,05:53,05:55,05:58,06:03,06:06,06:09,06:12,06:16,06:19,06:22,06:26,06:28,06:31,06:34,06:37,06:39,06:41,06:44,06:47,,,,
94002,,,,,,,,,05:45,05:51,05:54,05:57,05:59,06:02,06:06,06:09,06:12,06:15,06:19,06:22,06:25,06:29,06:31,06:34,06:37,06:40,06:42,06:44,06:47,06:51,,,,
94004,,,,,,,,,,,,05:56,06:00,06:02,06:06,06:10,06:13,06:16,06:22,06:25,06:28,06:32,06:34,06:37,06:40,06:43,06:45,06:47,06:50,06:54,,,,
90002,,05:11,05:18,05:23,05:28,05:34,05:39,05:43,05:49,,,,,,06:03,,,,06:12,,,06:18,,,,06:25,06:27,06:29,06:32,06:38,,,,
90004,,,,,,05:38,05:44,05:48,05:52,05:57,06:00,06:03,06:05,06:08,06:13,06:17,06:20,06:23,06:27,06:30,06:33,06:37,06:39,06:42,06:45,06:48,06:50,06:52,06:55,06:59,,,,
90006,,05:28,,05:37,,05:45,,,05:56,,,,,,06:11,,,,06:21,,,06:27,,,,06:34,06:36,06:38,06:41,06:45,,,,
90008,,,,,,,,,05:54,06:00,06:03,06:06,06:08,06:11,06:16,06:20,06:23,06:26,06:31,06:34,06:37,06:41,06:43,06:46,06:49,06:52,06:54,06:56,06:59,07:02,,,,
90010,,,,,,,,,05:57,06:03,06:06,06:09,06:11,06:14,06:19,06:23,06:26,06:29,06:34,06:37,06:40,06:44,06:46,06:49,06:52,06:55,06:57,06:59,07:02,07:06,,,,
90012,,,05:24,05:30,05:36,05:42,05:47,05:52,05:58,06:06,06:09,06:12,06:14,06:17,06:23,,,,,,,,,,,,,,,,,,,
90014,,05:25,05:31,05:36,05:41,05:47,05:53,05:57,06:02,,,,,,06:15,,,,06:24,,,06:30,,,,06:38,,,,06:48,,,,
90016,,,,,,,,,06:04,06:09,06:12,06:15,06:17,06:20,06:26,06:29,06:32,06:35,06:40,06:43,06:46,06:50,06:52,06:55,06:58,07:01,07:03,07:05,07:08,07:11,,,,
90018,,,,,,,,,06:07,06:12,06:15,06:18,06:20,06:23,06:29,06:32,06:35,06:38,06:43,06:46,06:49,06:53,06:55,06:58,07:01,07:04,07:06,07:08,07:11,07:14,,,,
90020,,05:30,05:36,05:41,05:46,05:52,05:58,06:04,06:09,06:15,06:18,06:21,06:23,06:26,06:31,,,,,,,,,,,,,,,,,,,
90022,,,,,,,,,,,,,,,06:33,06:36,06:39,06:42,06:46,06:49,06:52,06:56,06:58,07:01,07:04,07:07,07:09,07:11,07:14,07:19,,,,
94002,,,,,,,,,,,,06:23,06:26,06:29,06:33,06:37,06:40,06:43,06:49,06:52,06:55,06:59,07:01,07:04,07:07,07:10,07:12,07:14,07:17,07:22,,,,
94004,,05:34,05:40,05:45,05:50,05:56,06:01,06:05,06:11,,,,,,,,,,,,,,,,,,,,,,,,,
90002,,,,,,,,,06:13,06:20,06:23,06:26,06:28,06:31,06:36,06:39,06:42,06:45,06:52,06:55,06:58,07:02,07:04,07:07,07:10,07:13,07:15,07:17,07:20,07:25,,,,
90004,,05:39,05:45,05:52,05:57,06:03,06:08,06:12,,,,,,,06:26,,,,06:35,,,06:41,,,,06:48,06:50,06:52,06:55,07:02,,,,
90006,,,,,,,,,06:19,06:25,06:28,06:31,06:33,06:36,06:41,06:44,06:47,06:50,06:56,06:59,07:02,07:06,07:08,07:11,07:14,07:17,07:19,07:21,07:24,07:30,,,,
90008,,,,05:56,06:02,06:07,06:12,06:16,06:22,,,,,,06:34,,,,06:43,,,06:49,,,,06:56,06:58,07:00,07:03,07:08,,,,
90010,,05:47,,05:57,,06:05,,,06:18,,,,,,06:30,,,,06:38,,,06:44,,,,06:51,06:53,06:55,06:58,07:05,,,,
90012,,,,,,,,,06:21,06:28,06:31,06:34,,06:39,06:44,,,,06:53,,,06:59,,,,07:06,07:08,07:10,07:13,07:17,,,,
90014,,05:50,05:56,06:01,06:06,06:12,06:17,06:21,06:25,,,,,,06:38,,,,06:47,,,06:53,,,,07:00,07:02,07:05,07:08,07:12,,,,
90016,,,,,,06:10,06:16,06:20,06:25,06:31,06:34,06:37,06:39,06:42,06:47,06:50,06:53,06:56,07:00,07:03,07:06,07:10,07:12,07:15,07:18,07:21,07:23,07:25,07:28,07:33,,,,
90018,,,,,,,,,06:26,06:34,06:37,06:40,06:42,06:45,06:50,06:53,06:56,06:59,07:03,07:06,07:09,07:13,07:15,07:18,07:21,07:24,07:26,07:28,07:31,07:36,,,,
90020,,,,,,,,,06:30,06:38,06:41,06:44,06:46,06:49,06:53,06:56,06:59,07:02,07:06,07:09,07:12,07:16,07:18,07:21,07:24,07:27,07:29,07:31,07:34,07:39,,,,
90022,,05:53,06:00,06:05,06:10,06:16,06:22,06:26,06:31,,,,,,,,,,,,,,,,,,,,,,,,,
94002,,05:57,06:03,06:08,06:13,06:19,06:24,06:29,06:36,,,,,,06:50,,,,06:59,,,07:04,,,,07:11,07:13,07:15,07:18,07:22,,,,
94004,,,,,,,,,06:36,06:42,06:45,06:48,,06:53,06:58,,,,07:07,,,07:13,,,,07:20,07:22,07:24,07:27,07:32,,,,
90002,,,,,,,,,06:40,06:46,06:49,06:52,06:54,06:56,07:01,07:04,07:07,07:10,07:14,07:17,07:20,07:24,07:26,07:29,07:32,07:35,07:37,07:39,07:42,07:45,,,,
90004,,06:05,06:12,06:17,,06:25,,,06:35,,,,,,06:52,,,,,,,,,,,,,,,,,,,
90006,,06:03,06:09,06:14,06:18,06:24,06:29,06:33,06:40,,,,,,06:54,,,,07:04,,,07:10,,,,07:18,07:20,07:22,07:25,07:29,,,,
90008,,06:11,06:17,06:22,06:26,06:32,06:37,06:41,06:46,,,,,,07:02,,,,07:12,,,07:18,,,,07:25,07:27,07:29,07:32,07:36,,,,
90010,,,,,,,,,06:44,06:49,06:52,06:55,06:57,07:00,07:04,07:07,07:10,07:13,07:17,07:20,07:23,07:27,07:29,07:32,07:35,07:38,07:40,07:42,07:45,07:48,,,,
90012,,,,,,,,,06:47,06:52,06:55,06:58,07:00,07:03,07:07,07:10,07:13,07:16,07:20,07:23,07:26,07:30,07:32,07:35,07:38,07:41,07:43,07:45,07:48,07:51,,,,
90014,,,,,,,,,06:50,06:55,06:58,07:01,07:03,07:06,07:10,07:13,07:17,07:20,07:24,07:27,07:30,07:33,07:35,07:38,07:41,07:44,07:46,07:48,07:51,07:54,,,,
90016,,06:17,06:23,06:28,06:33,06:39,06:44,06:48,06:53,,,,,,07:07,,,,07:16,,,07:22,,,,07:29,07:31,07:33,07:36,07:40,,,,
90018,,,,,,,,,,,,07:00,07:04,07:07,07:12,07:16,07:19,07:22,07:27,07:30,07:33,07:37,07:39,07:42,07:45,07:48,07:50,07:52,07:55,08:00,,,,
90020,,,,,,,,,06:51,06:58,07:01,07:04,,07:09,07:14,,,,07:23,,,07:29,,,,07:36,07:38,07:40,07:43,07:48,,,,
90022,,06:21,06:27,06:32,06:36,06:42,06:47,06:51,06:57,,,,,,,,,,,,,,,,,,,,,,,,,
94002,,,,,,,,,,,,07:07,07:11,07:13,07:16,07:20,07:23,07:26,07:31,07:34,07:37,07:41,07:43,07:46,07:49,07:52,07:54,07:56,07:59,08:03,,,,
94004,,,,,,,,,07:00,07:05,07:08,07:12,07:14,07:17,07:22,07:25,07:28,07:31,07:35,07:38,07:41,07:45,07:47,07:50,07:53,07:56,07:58,08:00,08:03,08:07,,,,
90002,,,06:33,06:39,06:43,06:49,06:54,06:58,07:03,07:08,07:11,07:15,07:17,07:20,07:26,,,,,,,,,,,,,,,,,,,
90004,,,,,,,,,07:06,07:12,07:15,07:18,07:20,07:23,07:28,07:31,07:34,07:37,07:42,07:45,07:48,07:52,07:54,07:57,08:00,08:03,08:05,08:07,08:10,08:14,,,,
90006,,,,,,,,,07:09,07:15,07:18,07:21,07:23,07:26,07:31,07:34,07:37,07:40,07:45,07:48,07:51,07:55,07:57,08:00,08:03,08:06,08:08,08:10,08:13,08:18,,,,
90008,,06:30,06:36,06:41,06:46,06:52,06:58,07:02,07:07,,,,,,07:20,,,,07:30,,,07:37,,,,07:44,,,,07:54,,,,
90010,,,,06:43,06:49,06:55,07:01,07:05,07:10,,,,,,07:23,,,,07:33,,,07:40,,,,07:47,07:49,07:51,07:54,07:57,,,,
90012,,,,,,,,,07:13,07:19,07:22,07:25,,07:29,07:34,,,,07:43,,,07:49,,,,07:56,07:58,08:00,08:03,08:08,,,,
90014,,06:38,06:44,06:49,06:54,07:00,07:05,07:09,07:15,,,,,,07:29,,,,07:38,,,07:44,,,,07:51,07:53,07:55,07:58,08:03,,,,
90016,,06:44,06:50,06:55,07:00,07:06,07:11,07:15,07:19,07:23,07:26,07:29,07:31,07:34,07:39,07:42,07:45,07:48,07:52,07:55,07:58,08:02,08:04,08:07,08:10,08:13,08:15,08:17,08:20,08:24,,,,
90018,,,,,,,,,07:21,07:27,07:30,07:33,07:35,07:38,07:42,07:45,07:48,07:51,07:56,07:59,08:02,08:06,08:08,08:11,08:14,08:17,08:19,08:22,08:25,08:29,,,,
90020,,,,,,,,,07:25,07:31,07:34,07:37,,07:41,07:45,,,,07:54,,,08:00,,,,08:07,08:09,08:11,08:14,08:20,,,,
90022,,06:48,06:54,06:59,07:03,07:09,07:14,07:18,07:23,,,,,,07:37,,,,07:46,,,07:52,,,,07:59,08:01,08:03,08:06,08:11,,,,
94002,,,,,,,,,,,,07:35,07:38,07:41,07:45,07:48,07:51,07:54,08:00,08:03,08:06,08:10,08:12,08:15,08:18,08:21,08:23,08:26,08:29,08:32,,,,
94004,,,,,,,,,07:28,07:34,07:37,07:40,07:42,07:45,07:49,07:53,07:56,07:59,08:03,08:06,08:09,08:13,08:15,08:18,08:21,08:24,08:26,08:28,08:31,08:35,,,,
90002,,06:52,06:58,07:03,07:08,07:14,07:19,07:23,07:28,,,,,,07:42,,,,07:51,,,07:57,,,,08:04,08:06,08:08,08:11,08:16,,,,
90004,,07:10,,07:18,,07:26,,,07:34,,,,,,07:48,,,,07:57,,,08:03,,,,08:10,08:12,08:14,08:17,08:23,,,,
90006,,,,,,,,,07:32,07:38,07:41,07:44,07:46,07:49,07:53,07:56,07:59,08:03,08:07,08:10,08:13,08:17,08:19,08:22,08:25,08:28,08:30,08:32,08:35,08:40,,,,
90008,,,,,,,,,07:36,07:41,07:44,07:48,,07:52,07:57,,,,08:06,,,08:12,,,,08:19,08:21,08:24,08:28,08:32,,,,
90010,,07:01,07:07,07:12,07:17,07:23,07:28,07:32,07:37,,,,,,,,,,,,,,,,,,,,,,,,,
90012,,,,,,,,,,,,,,,,,,,08:10,08:14,08:17,08:21,08:23,08:26,08:29,08:32,08:34,08:36,08:39,08:43,,,,
90014,,,,,,,,,07:40,07:45,07:48,07:51,07:53,07:56,08:00,08:03,08:06,08:10,08:15,08:18,08:21,08:25,08:27,08:30,08:33,08:36,08:38,08:40,08:43,08:46,,,,
90016,,,,07:14,07:20,07:26,07:31,07:35,07:40,,,,,,07:54,,,,08:03,,,08:09,,,,08:16,08:18,08:21,08:24,08:29,,,,
90018,,,,,,,,,,,,,,,08:03,08:07,08:10,08:14,08:18,08:21,08:24,08:28,08:30,08:33,08:36,08:39,08:41,08:43,08:46,08:49,,,,
90020,,,,,,,,,07:43,07:49,07:52,07:55,07:57,08:00,08:06,08:09,08:12,08:16,08:20,08:23,08:26,08:30,08:32,08:35,08:38,08:41,08:43,08:45,08:48,08:52,,,,
90022,,,,,,,,,,,,07:56,08:00,08:03,08:08,08:12,08:15,08:20,08:25,08:28,08:31,08:35,08:37,08:40,08:43,08:46,08:48,08:50,08:53,08:56,,,,
94002,,07:06,07:12,07:18,07:24,07:30,07:35,07:40,07:46,,,,,,08:03,,,,08:12,,,08:18,,,,08:25,08:27,08:29,08:33,08:36,,,,
94004,,,,,,,,,07:46,07:52,07:55,07:58,,08:03,08:09,,,,08:19,,,08:25,,,,08:32,08:34,08:36,08:39,08:42,,,,
90002,,07:11,07:17,07:22,07:28,07:34,07:39,07:43,07:49,07:55,07:58,08:01,08:03,08:06,08:12,,,,,,,,,,,,,,,,,,,
90004,,07:15,07:21,07:26,07:31,07:37,07:42,07:46,07:53,07:58,08:01,08:04,,08:09,08:15,,,,08:24,,,08:30,,,,08:37,08:39,08:41,08:44,08:49,,,,
90006,,07:18,,07:27,,07:35,,,,,,,,,08:00,,,,08:09,,,08:16,,,,,,,,,,,,
90008,,07:21,07:27,07:32,07:37,07:42,07:47,07:52,07:59,,,,,,,,,,,,,,,,,,,,,,,,,
90010,,,,,,07:40,07:46,07:50,07:55,,,,,,08:12,,,,08:21,,,08:27,,,,08:34,08:36,08:38,08:41,08:46,,,,
90012,,,,,,,,,,,,08:07,08:10,08:13,08:16,08:19,08:22,08:25,08:30,08:33,08:36,08:39,08:41,08:44,08:47,08:50,08:52,08:54,08:57,09:01,,,,
90014,,07:25,07:31,07:36,07:41,07:47,07:52,07:56,08:01,08:05,08:08,08:11,08:13,08:16,08:20,08:23,08:26,08:29,08:34,,,,,,,,,,,,,,,
90016,,,,,,,,,,,08:08,,,08:14,,,,,08:27,,,08:33,,,,08:40,08:42,08:44,08:47,08:52,,,,
90018,,,,,,,,,08:03,08:08,08:11,08:14,08:16,08:19,08:23,08:26,08:29,08:32,08:36,08:39,08:42,08:45,08:47,08:50,08:53,08:56,08:58,09:00,09:03,09:06,,,,
90020,,,,07:40,07:46,07:51,07:56,08:01,08:05,,,,,,08:23,,,,,,,,,,,,,,,,,,,
90022,,07:32,07:38,07:43,07:49,07:55,07:59,08:04,08:09,,,,,,08:22,,,,08:32,,,08:38,,,,08:45,08:47,08:49,08:52,08:56,,,,
94002,,,,,,,,,08:06,08:11,08:14,08:17,08:20,08:22,08:27,08:30,08:33,08:36,08:40,08:43,08:46,08:50,08:52,08:55,08:58,09:01,09:03,09:05,09:08,09:11,,,,
94004,,07:35,07:41,07:46,07:51,07:57,08:02,08:06,08:11,08:15,08:18,08:21,08:23,08:26,08:31,08:34,08:37,08:40,08:44,08:47,08:50,08:54,08:56,08:59,09:02,09:05,09:07,09:09,09:12,09:15,,,,
90002,,,,,,,,,,,,,,,08:34,08:37,08:40,08:43,08:47,08:50,08:53,08:57,08:59,09:02,09:05,09:08,09:10,09:12,09:15,09:18,,,,
90004,,,,,,,,,,,,08:16,,08:21,,,,,08:35,,,08:41,,,,08:48,08:50,08:52,08:55,09:00,,,,
90006,,07:38,07:45,07:50,07:55,08:01,08:06,08:10,08:14,,,,,,08:28,,,,08:38,,,08:44,,,,08:51,08:53,08:55,08:58,09:03,,,,
90008,,,,,,08:00,08:06,08:11,08:17,,,,,,08:31,,,,08:41,,,08:48,,,,08:55,,,,09:06,,,,
90010,,,,,,,,,,,,08:27,08:30,08:32,08:36,08:40,08:43,08:46,08:50,08:53,08:56,09:00,09:02,09:05,09:08,09:11,09:13,09:15,09:18,09:22,,,,
90012,,,,,,,,,08:16,08:21,08:24,08:27,08:30,08:32,08:37,08:41,08:45,08:48,08:53,08:56,08:59,09:03,09:05,09:08,09:11,09:14,09:16,09:18,09:21,09:25,,,,
90014,,,,,,,,,08:19,08:24,08:27,08:30,08:32,08:35,08:40,08:44,08:48,08:51,08:56,08:59,09:02,09:06,09:08,09:11,09:14,09:17,09:19,09:21,09:24,09:28,,,,
90016,,07:40,07:46,07:52,07:58,08:04,08:10,08:14,08:20,,,,,,,,,,,,,,,,,,,,,,,,,
90018,,07:45,07:51,07:56,08:02,08:08,08:14,08:18,08:22,08:27,08:30,08:33,08:35,08:38,08:43,08:47,08:51,08:54,08:59,,,,,,,,,,,,,,,
90020,,07:48,07:54,07:59,,08:07,,,08:18,,,,,,08:38,,,,,,,,,,,,,,,,,,,
90022,,,,,,,,,08:26,08:31,08:34,08:37,,08:41,08:46,,,,08:55,,,09:01,,,,09:08,09:10,09:12,09:15,09:19,,,,
94002,,07:50,07:56,08:01,08:06,08:12,08:18,08:22,08:26,,,,,,,,,,,,,,,,,,,,,,,,,
94004,,,,,,,,,,,08:26,,,08:32,,,,,08:45,,,08:51,,,,08:58,09:00,09:02,09:05,09:10,,,,
90002,,,,,,,,,,,,08:36,08:39,08:42,08:46,08:50,08:53,08:56,09:01,09:04,09:07,09:10,09:12,09:15,09:18,09:21,09:23,09:25,09:28,09:31,,,,
90004,,,,,,,,,,,,,,,08:48,08:52,08:55,08:58,09:04,09:07,09:10,09:13,09:15,09:18,09:21,09:24,09:26,09:28,09:31,09:35,,,,
90006,,,,,,,,,08:30,08:35,08:38,08:41,08:43,08:46,08:52,08:57,09:00,09:03,09:08,09:11,09:14,09:18,09:20,09:23,09:26,09:29,09:31,09:33,09:36,09:41,,,,
90008,,07:55,08:01,08:06,08:11,08:17,08:22,08:27,,,,,,,08:43,,,,08:52,,,08:58,,,,09:05,,,,09:16,,,,
90010,,07:59,08:05,08:10,08:15,08:21,08:26,08:30,08:36,,,,,,08:49,,,,08:58,,,09:04,,,,09:11,09:13,09:15,09:18,09:22,,,,
90012,,,,,,,,,08:34,08:40,08:43,08:46,,08:50,08:55,,,,09:05,,,09:11,,,,09:18,09:20,09:22,09:25,09:30,,,,
90014,,,,,,,,,,,,,,,08:57,09:01,09:04,09:07,09:11,09:14,09:17,09:21,09:23,09:26,09:29,09:32,09:34,09:36,09:39,09:44,,,,
90016,,,,,,08:24,08:30,08:35,08:40,,,,,,08:52,,,,09:02,,,09:08,,,,09:15,09:17,09:19,09:22,09:27,,,,
90018,,,,,,,,,08:38,08:43,08:46,08:49,08:51,08:54,09:00,09:04,09:07,09:10,09:14,09:17,09:20,09:24,09:26,09:29,09:32,09:35,09:37,09:39,09:42,09:47,,,,
90020,,,,,,,,,08:40,08:46,08:49,08:52,,08:57,09:03,,,,09:13,,,09:19,,,,09:26,09:28,09:30,09:33,09:37,,,,
90022,,,,,,,,,,,,,,,,,,,09:16,09:20,09:23,09:27,09:29,09:32,09:35,09:38,09:40,09:42,09:45,09:50,,,,
94002,,,,08:14,08:21,08:27,08:33,08:37,08:43,,,,,,08:59,,,,09:08,,,09:14,,,,09:21,09:23,09:25,09:28,09:33,,,,
94004,,,,,,,,,,,,,,,,,,,,,,,,,,,,,,,,,,
90002,,08:08,08:15,08:20,08:25,08:31,08:36,08:40,08:45,08:49,08:52,08:55,08:57,09:00,09:06,09:09,09:12,09:15,09:19,09:23,09:26,09:30,09:32,09:35,09:38,09:41,09:43,09:45,09:48,09:53,,,,
90004,,,,,,,,,,,,08:55,08:58,09:01,09:06,09:11,09:14,09:19,09:24,09:27,09:30,09:34,09:36,09:39,09:42,09:45,09:47,09:49,09:52,09:56,,,,
90006,,,,,,,,,08:47,08:53,08:56,08:59,09:01,09:04,09:09,09:14,09:18,09:21,09:27,09:30,09:33,09:37,09:39,09:42,09:45,09:48,09:50,09:52,09:55,09:59,,,,
90008,,,,,,,,,,,,08:56,,09:02,,,,,09:16,,,09:22,,,,09:29,09:31,09:33,09:36,09:40,,,,
90010,,08:14,08:20,08:25,08:30,08:36,08:41,08:45,08:49,08:56,08:59,09:02,09:04,09:07,09:13,,,,,,,,,,,,,,,,,,,
90012,,08:18,08:25,08:31,08:36,08:41,08:46,08:50,08:55,,,,,,09:09,,,,09:19,,,09:25,,,,09:32,09:34,09:36,09:39,09:44,,,,
90014,,,,,,,,,08:52,08:59,09:02,09:05,09:07,09:10,09:15,09:19,09:23,09:26,09:30,09:33,09:36,09:40,09:42,09:45,09:48,09:51,09:53,09:55,09:58,10:01,,,,
90016,,,,,,,,,08:58,09:03,09:06,09:09,09:11,09:14,09:19,09:24,09:28,09:31,09:35,09:38,09:41,09:45,09:47,09:50,09:53,09:56,09:58,10:00,10:03,10:06,,,,
90018,,08:23,08:29,08:34,08:38,08:43,08:48,08:52,,,,,,,09:12,,,,09:22,,,09:29,,,,,,,,,,,,
90020,,08:24,08:30,08:35,08:40,08:45,08:50,08:54,08:59,,,,,,,,,,,,,,,,,,,,,,,,,
90022,,,,,,,,,09:01,09:06,09:09,09:12,09:14,09:17,09:22,09:27,09:31,09:34,09:38,09:41,09:44,09:48,09:50,09:53,09:56,09:59,10:01,10:03,10:06,10:09,,,,
94002,,08:28,08:34,08:39,08:43,08:48,08:53,08:57,09:02,,,,,,09:15,,,,09:25,,,09:31,,,,09:38,09:40,09:42,09:45,09:49,,,,
94004,,,,,,08:51,08:56,09:00,09:05,09:09,09:12,09:15,09:17,09:20,09:25,,,,,,,,,,,,,,,,,,,
90002,,,,,,,,,09:06,09:12,09:15,09:18,09:20,09:23,09:28,09:31,09:34,09:37,09:41,09:44,09:47,09:51,09:53,09:56,09:59,10:02,10:04,10:06,10:09,10:13,,,,
90004,,,,,,,,,,,,09:18,09:21,09:24,09:28,09:32,09:35,09:38,09:44,09:47,09:50,09:54,09:56,09:59,10:02,10:05,10:07,10:09,10:12,10:16,,,,
90006,,08:40,,08:48,,08:55,,,09:05,,,,,,09:18,,,,09:28,,,09:34,,,,09:41,09:43,09:45,09:48,09:56,,,,
90008,,08:33,08:39,08:44,08:48,08:54,08:59,09:03,09:09,09:15,09:18,09:21,09:23,09:26,09:31,09:35,09:38,09:41,09:47,09:50,09:53,09:57,09:59,10:02,10:05,10:08,10:10,10:12,10:15,10:20,,,,
90010,,,,08:47,08:53,08:59,09:04,09:08,09:13,,,,,,09:29,,,,09:40,,,09:45,,,,09:52,09:54,09:56,09:59,10:03,,,,
90012,,,,,,,,,09:15,09:21,09:24,09:27,09:29,09:32,09:36,09:40,09:43,09:46,09:50,09:53,09:56,10:00,10:02,10:05,10:08,10:11,10:13,10:15,10:18,10:23,,,,
90014,,08:40,08:47,08:52,08:57,09:03,09:08,09:12,09:17,,,,,,09:32,,,,09:43,,,09:48,,,,09:55,09:57,09:59,10:02,10:08,,,,
90016,,,,,,,,,,,,,,,09:38,09:43,09:46,09:49,09:53,09:56,09:59,10:03,10:05,10:08,10:11,10:14,10:16,10:18,10:21,10:27,,,,
90018,,,,,,09:06,09:11,09:15,09:21,09:25,09:28,09:31,09:33,09:36,09:41,09:46,09:49,09:52,09:56,09:59,10:02,10:06,10:08,10:11,10:14,10:17,10:19,10:21,10:24,10:30,,,,
90020,,,,,,,,,,,,09:34,09:37,09:40,09:45,09:49,09:52,09:55,09:59,10:02,10:05,10:09,10:11,10:14,10:17,10:20,10:22,10:24,10:27,10:33,,,,
90022,,08:44,08:51,08:56,09:02,09:09,09:14,09:18,09:24,,,,,,,,,,,,,,,,,,,,,,,,,
94002,,,,,,,,,09:22,09:29,09:32,09:36,,09:40,09:45,,,,09:55,,,10:01,,,,10:08,10:10,10:12,10:15,10:19,,,,
94004,,08:49,08:55,09:01,09:06,09:13,09:26,09:23,09:28,09:32,09:35,09:38,09:40,09:43,09:47,09:51,09:54,09:57,10:02,10:05,10:08,10:12,10:14,10:17,10:20,10:23,10:25,10:27,10:30,10:36,,,,
90002,,,,,,,,,,,,09:30,,09:35,,,,,09:50,,,09:56,,,,10:03,10:05,10:07,10:10,10:14,,,,
90004,,,,,,,,,,,,,,,09:50,09:55,09:58,10:01,10:06,10:09,10:12,10:16,10:18,10:21,10:24,10:27,10:29,10:31,10:34,10:39,,,,
90006,,,,,,,,,,,,09:40,09:44,09:47,09:52,09:57,10:00,10:03,10:09,10:12,10:15,10:19,10:21,10:24,10:27,10:30,10:32,10:34,10:37,10:42,,,,
90008,,,,,,,,,09:28,09:35,09:38,09:42,09:44,09:47,09:53,09:58,10:01,10:05,10:12,10:15,10:18,10:22,10:24,10:27,10:30,10:33,10:35,10:37,10:40,10:45,,,,
90010,,08:53,09:00,09:05,09:09,09:15,09:20,09:25,09:31,,,,,,09:48,,,,09:58,,,10:04,,,,10:11,10:13,10:15,10:18,10:23,,,,
90012,,,,09:08,09:14,09:20,09:25,09:29,09:33,09:38,09:42,09:45,09:47,09:50,09:56,,,,,,,,,,,,,,,,,,,
90014,,,,,,,,,09:35,09:41,09:44,09:48,,09:53,09:57,,,,10:06,,,10:12,,,,10:19,10:21,10:23,10:26,10:29,,,,
90016,,09:00,09:06,09:12,09:18,09:24,09:29,09:33,,,,,,,09:52,,,,10:02,,,10:10,,,,,,,,,,,,
90018,,,,,,,,,09:38,09:44,09:47,09:50,09:52,09:55,10:00,10:05,10:08,10:11,10:15,10:18,10:21,10:25,10:27,10:30,10:33,10:36,10:38,10:40,10:43,10:48,,,,
90020,,09:04,09:10,09:15,09:20,09:26,09:31,09:35,09:41,,,,,,,,,,,,,,,,,,,,,,,,,
90022,,,,,,,,,09:41,09:47,09:50,09:53,09:55,09:58,10:03,10:08,10:11,10:14,10:18,10:21,10:24,10:28,10:30,10:33,10:36,10:39,10:41,10:43,10:46,10:51,,,,
94002,,09:05,09:12,09:17,09:21,09:27,09:32,09:36,09:41,,,,,,09:56,,,,,,,,,,,,,,,,,,,
94004,,09:09,09:15,09:20,09:25,09:31,09:36,09:40,09:45,,,,,,09:58,,,,10:09,,,10:15,,,,10:22,10:24,10:26,10:29,10:32,,,,
90002,,,,,,,,,,,,09:53,,09:58,,,,,10:13,,,10:19,,,,10:26,10:28,10:30,10:33,10:36,,,,
90004,,,,,,,,,,,,09:57,10:00,10:03,10:07,10:12,10:15,10:18,10:22,10:25,10:28,10:32,10:34,10:37,10:40,10:43,10:45,10:47,10:50,10:54,,,,
90006,,,,,,,,,09:48,09:53,09:56,09:59,,10:04,10:09,,,,10:19,,,10:25,,,,10:32,10:34,10:36,10:39,10:42,,,,
90008,,,,,,09:35,09:41,09:45,09:50,,,,,,10:05,,,,10:16,,,10:24,,,,,,,,,,,,
90010,,,,,,,,,09:50,09:56,09:59,10:02,10:04,10:07,10:12,10:15,10:18,10:21,10:25,10:28,10:31,10:35,10:37,10:40,10:43,10:46,10:48,10:50,10:53,10:57,,,,
90012,,,,,,,,,,,,,,,10:14,10:18,10:21,10:24,10:28,10:31,10:34,10:38,10:40,10:43,10:46,10:49,10:51,10:53,10:56,11:00,,,,
90014,,09:15,09:22,09:27,09:33,09:39,09:45,09:50,09:55,,,,,,10:12,,,,10:22,,,10:28,,,,10:35,10:37,10:39,10:42,10:46,,,,
90016,,09:19,09:25,09:30,09:34,09:40,09:45,09:49,09:55,,,,,,,,,,,,,,,,,,,,,,,,,
90018,,,,,,,,,09:55,10:01,10:04,10:07,10:09,10:12,10:17,10:21,10:24,10:27,10:31,10:34,10:37,10:41,10:43,10:46,10:49,10:52,10:54,10:56,10:59,11:03,,,,
90020,,09:23,09:29,09:35,09:39,09:45,09:50,09:55,10:00,,,,,,10:15,,,,10:25,,,10:31,,,,10:38,10:40,10:42,10:45,10:50,,,,
90022,,,,,,,,,10:00,10:05,10:08,10:11,10:13,10:16,10:21,10:24,10:27,10:30,10:34,10:38,10:41,10:45,10:47,10:50,10:53,10:56,10:58,11:00,11:03,11:06,,,,
94002,,,,,,,,,,,,10:11,10:15,10:17,10:22,10:26,10:29,10:32,10:37,10:41,10:44,10:48,10:50,10:53,10:56,10:59,11:01,11:03,11:06,11:09,,,,
94004,,09:24,09:31,09:36,09:40,09:46,09:51,09:56,10:04,,,,,,,,,,,,,,,,,,,,,,,,,
90002,,,,,,,,,10:04,10:10,10:13,10:16,10:18,10:21,10:26,10:29,10:32,10:35,10:40,10:44,10:47,10:51,10:53,10:56,10:59,11:02,11:04,11:06,11:09,11:12,,,,
90004,,,,,,09:49,09:56,10:00,10:05,,,,,,10:18,,,,10:28,,,10:34,,,,10:41,10:43,10:45,10:48,10:53,,,,
90006,,09:30,09:36,09:41,09:46,09:53,09:59,10:04,10:10,,,,,,10:25,,,,10:35,,,10:40,,,,10:47,10:49,10:51,10:54,10:57,,,,
90008,,,,,,,,,,,,10:18,10:21,10:24,10:27,10:33,10:36,10:39,10:44,10:47,10:50,10:54,10:56,10:59,11:02,11:05,11:07,11:09,11:12,11:15,,,,
90010,,,,,,,,,10:06,10:13,10:16,10:19,,10:24,10:28,,,,10:38,,,10:44,,,,10:51,10:53,10:55,10:58,11:03,,,,
90012,,09:37,09:43,09:49,09:54,10:00,10:05,10:09,10:14,,,,,,10:29,,,,,,,,,,,,,,,,,,,
90014,,09:41,09:47,09:52,09:57,10:03,10:07,10:11,10:16,,,,,,,,,,,,,,,,,,,,,,,,,
90016,,,,,,,,,,,,,,,10:31,10:36,10:39,10:42,10:47,10:50,10:53,10:57,10:59,11:02,11:05,11:08,11:10,11:12,11:15,11:18,,,,
90018,,,,,,,,,10:12,10:18,10:21,10:24,10:26,10:29,10:34,10:38,10:41,10:44,10:49,10:52,10:55,10:59,11:01,11:04,11:07,11:10,11:12,11:14,11:17,11:21,,,,
90020,,09:43,09:49,09:54,09:59,10:05,10:10,10:14,10:18,,,,,,10:31,,,,10:41,,,10:47,,,,10:54,10:56,10:58,11:01,11:06,,,,
90022,,,,,,,,,10:16,10:21,10:24,10:27,,10:32,10:37,,,,10:47,,,10:53,,,,11:00,11:02,11:04,11:07,11:12,,,,
94002,,,,,,,,,,,,10:29,10:32,10:35,10:39,10:42,10:45,10:48,10:52,10:55,10:58,11:02,11:04,11:07,11:10,11:13,11:15,11:17,11:20,11:24,,,,
94004,,,,,,,,,10:19,10:25,10:28,10:31,10:33,10:36,10:40,10:44,10:47,10:50,10:55,10:58,11:01,11:05,11:07,11:10,11:13,11:16,11:18,11:20,11:23,11:27,,,,
90002,,09:47,09:53,09:58,10:03,10:08,10:13,10:17,10:22,,,,,,10:35,,,,10:44,,,10:50,,,,,10:59,11:01,11:04,11:09,,,,
90004,,09:49,,09:59,,10:08,,,10:21,,,,,,,,,,,,,,,,,,,,,,,,,
90006,,,,,,,,,10:22,10:28,10:31,10:34,,10:39,10:43,,,,10:53,,,10:58,,,,,11:07,11:09,11:12,11:18,,,11:05,
90008,,,,,,10:11,10:17,10:21,10:26,,,,,,10:40,,,,10:50,,,10:55,,,,,11:04,11:06,11:09,11:15,,,11:02,
90010,,09:52,09:58,10:03,10:09,10:15,10:20,10:24,10:29,,,,,,10:44,,,,,,,,,,,,,,,,,,,
90012,,,,,,,,,,,,,,,10:45,10:49,10:52,10:55,10:59,11:03,11:06,11:09,11:11,11:14,11:17,,11:22,11:24,11:27,11:30,,,11:20,
90014,,,,10:02,10:08,10:14,10:20,10:24,10:28,10:32,10:35,10:38,10:40,10:43,10:48,10:53,10:56,10:59,11:03,11:06,11:09,11:13,11:15,11:18,11:21,,11:26,11:28,11:31,11:36,,,11:24,
90016,,,,,,,,,10:31,10:36,10:39,10:42,10:44,10:47,10:51,10:56,10:59,11:02,11:06,11:09,11:12,11:16,11:18,11:21,11:24,,11:29,11:31,11:34,11:40,,,11:26,
90018,,09:56,10:02,10:07,10:12,10:18,10:23,10:27,10:33,,,,,,10:47,,,,10:57,,,11:02,,,,,11:11,11:13,11:16,11:21,,,11:09,
90020,,,,,,,,,10:36,10:40,10:43,10:46,,10:51,10:56,,,,11:06,,,11:12,,,,,11:21,11:23,11:26,11:30,,,11:19,
90022,,,,,,10:20,10:27,10:31,10:36,,,,,,10:50,,,,11:00,,,11:06,,,,,,,,11:24,,,11:13,
94002,,10:08,10:14,10:19,10:23,10:29,10:34,10:38,10:43,,,,,,10:54,,,,11:03,,,11:09,,,,,11:18,11:20,11:23,11:27,,,11:16,
94004,,10:04,10:10,10:15,10:19,10:25,10:30,10:34,10:39,10:43,10:46,10:49,10:51,10:54,11:00,,,,,,,,,,,,,,,,,,,
90002,,,,,,,,,10:40,10:46,10:49,10:53,10:55,10:58,11:03,11:06,11:09,11:12,11:16,11:19,11:22,11:25,11:27,11:30,11:33,11:36,11:38,11:40,11:43,11:46,,,,
90004,,10:12,10:18,10:23,10:27,10:33,10:38,10:42,10:47,,,,,,11:00,,,,11:10,,,11:16,,,,11:23,11:25,11:27,11:30,11:35,,,,
90006,,,,,,,,,,,,10:53,10:57,11:00,11:03,11:08,11:11,11:14,11:18,11:21,11:24,11:28,11:30,11:33,11:36,11:39,11:41,11:43,11:46,11:49,,,,
90008,,,,,,,,,10:47,10:51,10:54,10:58,11:00,11:03,11:08,11:11,11:14,11:17,11:21,11:24,11:27,11:31,11:33,11:36,11:39,11:42,11:44,11:46,11:49,11:52,,,,
90010,,,,,,,,,10:50,10:55,10:58,11:02,,11:07,11:12,,,,11:22,,,11:28,,,,11:37,11:39,11:41,11:44,11:47,,,,
90012,,10:16,10:22,10:27,10:32,10:38,10:43,10:47,10:53,,,,,,,,,,,,,,,,,,,,,,,,,
90014,,,,,,,,,,,,11:02,11:06,11:09,11:12,11:16,11:19,11:22,11:26,11:29,11:32,11:36,11:38,11:41,11:44,11:47,11:49,11:51,11:54,11:57,,,,
90016,,,,,,,,,10:53,10:58,11:01,11:05,11:07,11:10,11:15,11:18,11:21,11:24,11:28,11:31,11:34,11:38,11:40,11:43,11:46,11:49,11:51,11:53,11:56,12:00,,,,
90018,,10:20,10:26,10:31,10:36,10:42,10:47,10:51,10:55,,,,,,11:09,,,,11:18,,,11:24,,,,11:33,11:35,11:37,11:40,11:44,,,,
90020,,,,,,,,,10:57,11:02,11:05,11:09,11:11,11:14,11:18,11:21,11:24,11:27,11:31,11:34,11:37,11:41,11:43,11:46,11:49,11:52,11:54,11:56,11:59,12:03,,,,
90022,,,,,,,,,,,,,,,11:21,11:25,11:28,11:31,11:34,11:37,11:40,11:44,11:46,11:49,11:52,11:55,11:57,11:59,12:02,12:07,,,,
94002,,10:29,10:35,10:40,10:45,10:51,10:56,11:01,,,,,,,,,,,,11:40,11:43,11:47,11:49,11:52,11:55,11:58,12:00,12:02,12:05,12:10,,,,
90002,,,,,,,,,,,,11:16,11:19,11:21,11:26,11:30,11:33,11:36,11:41,11:44,11:47,11:51,11:53,11:56,11:59,12:02,12:04,12:06,12:09,12:14,,,,
90004,,,,,,,,,11:04,11:10,11:13,11:17,,11:22,11:27,,,,11:37,,,11:43,,,,11:50,11:52,11:54,11:57,12:01,,,,
90006,,10:33,10:39,10:44,10:49,10:54,10:59,11:03,11:08,,,,,,11:20,,,,11:29,,,11:35,,,,11:43,11:45,11:47,11:50,11:55,,,,
90008,,,,,,,,,11:13,11:18,11:21,11:24,11:26,11:29,11:34,11:37,11:40,11:43,11:48,11:51,11:54,11:58,12:00,12:03,12:06,12:09,12:11,12:13,12:16,12:19,,,,
90010,,10:39,10:45,10:50,10:54,11:00,11:05,11:09,11:15,,,,,,11:32,,,,11:42,,,11:48,,,,11:55,,,,12:05,,,,
90012,,10:44,,10:53,,11:01,,11:07,,,,,,,11:23,,,,,,,11:41,,,,,,,,,,,,
90014,,,,,,11:04,11:10,11:14,11:19,,,,,,11:35,,,,11:44,,,11:50,,,,11:57,11:59,12:01,12:04,12:09,,,,
90016,,,,,,,,,,,,,,,11:37,11:42,11:45,11:48,11:52,11:55,11:58,12:02,12:04,12:07,12:10,12:13,12:15,12:17,12:20,12:23,,,,
90018,,10:55,,,,,,,,,,,,,,,,,,,,,,,,,,,,,,,,
90020,,,,,,,,,11:20,11:25,11:28,11:31,11:33,11:36,11:41,11:45,11:48,11:51,11:55,11:58,12:01,12:05,12:07,12:10,12:13,12:16,12:18,12:20,12:23,12:26,,,,
90022,,,,,,,,,11:23,,,,,,11:38,,,,11:47,,,11:53,,,,12:00,12:02,12:04,12:07,12:12,,,,
94002,,,,,,,,,11:23,11:29,11:32,11:35,11:37,11:40,11:46,11:50,11:53,11:56,12:01,12:04,12:07,12:11,12:13,12:16,12:19,12:22,12:24,12:26,12:29,12:33,,,,
94004,,,,10:58,11:04,11:10,11:15,11:20,11:26,11:32,11:35,11:38,11:40,11:43,11:49,,,,,,,,,,,,,,,,,,,
90002,,10:52,10:58,11:04,11:08,11:14,11:20,11:24,11:30,,,,,,11:45,,,,11:54,,,12:00,,,,12:07,12:09,12:11,12:14,12:19,,,,
90004,,,,,,,,,11:29,11:35,11:38,11:41,11:43,11:46,11:51,11:54,11:57,12:00,12:04,12:07,12:10,12:14,12:16,12:19,12:22,12:25,12:27,12:29,12:32,12:36,,,,
90006,,10:56,11:02,11:07,11:11,11:17,11:23,11:27,11:33,,,,,,,,,,,,,,,,,,,,,,,,,
90008,,,,,,,,,11:35,11:40,11:43,11:46,11:48,11:51,11:56,11:59,12:02,12:05,12:09,12:12,12:15,12:19,12:21,12:24,12:27,12:30,12:32,12:34,12:37,12:40,,,,
90010,,11:00,11:06,11:11,11:16,11:22,11:27,11:32,,,,,,,11:54,,,,12:03,,,12:09,,,,12:16,12:18,12:20,12:23,12:27,,,,
90012,,,,,,,,,11:40,11:45,11:48,11:51,11:53,11:56,12:01,12:04,12:07,12:10,12:14,12:17,12:20,12:24,12:26,12:29,12:32,12:35,12:37,12:39,12:42,12:45,,,,
90014,,,,,,,,,,,,11:50,11:54,11:57,12:02,12:06,12:09,12:12,12:17,12:20,12:23,12:27,12:29,12:32,12:35,12:38,12:40,12:42,12:45,12:51,,,,
90016,,11:06,11:12,11:17,11:22,11:28,11:33,11:37,11:42,,,,,,11:57,,,,12:06,,,12:12,,,,12:19,12:21,12:23,12:26,12:30,,,,
90018,,11:10,11:17,11:22,11:26,11:32,11:37,11:41,11:46,,,,,,12:00,,,,12:09,,,12:15,,,,12:22,,,,12:34,,,,
90020,,,,,,,,,11:47,11:52,11:55,11:58,12:00,12:03,12:08,12:12,12:15,12:18,12:22,12:25,12:28,12:32,12:34,12:37,12:40,12:43,12:45,12:47,12:50,12:54,,,,
90022,,,,,,,,,11:50,,,,,,12:04,,,,12:12,,,12:18,,,,12:25,12:27,12:29,12:32,12:37,,,,
94002,,11:15,11:21,11:26,11:30,11:36,11:41,11:45,11:50,11:55,11:58,12:01,12:03,12:06,12:12,,,,,,,,,,,,,,,,,,,
94004,,,,,,,,,,,,12:02,12:05,12:08,12:12,12:16,12:19,12:22,12:26,12:29,12:32,12:36,12:38,12:41,12:44,12:47,12:49,12:51,12:54,12:58,,,,
90002,,,,,,,,,11:52,11:59,12:02,12:05,12:07,12:10,12:15,12:19,12:22,12:25,12:30,12:33,12:36,12:40,12:42,12:45,12:48,12:51,12:53,12:55,12:58,13:02,,,,
90004,,11:19,11:25,11:30,11:34,11:40,11:45,11:50,11:56,12:02,12:05,12:08,12:10,12:13,12:18,12:22,12:25,12:28,12:33,,,,,,,,,,,,,,,
90006,,11:22,11:28,11:33,11:38,11:44,11:49,11:53,11:58,,,,,,12:12,,,,12:22,,,12:28,,,,12:35,12:37,12:39,12:42,12:48,,,,
90008,,,,,,,,,11:59,12:05,12:08,12:11,12:13,12:16,12:21,12:25,12:28,12:31,12:36,12:39,12:42,12:46,12:48,12:51,12:54,12:57,12:59,13:01,13:04,13:08,,,,
90010,,11:29,11:35,11:40,11:44,11:50,11:55,11:59,12:03,12:09,12:12,12:15,12:17,12:20,12:26,,,,,,,,,,,,,,,,,,,
90012,,11:30,,,,,,,,,,,,,,,,,,,,,,,,,,,,,,,,
90014,,,,,,,,,12:07,12:13,12:16,12:19,12:21,12:24,12:29,12:32,12:35,12:38,12:42,12:45,12:48,12:52,12:54,12:57,13:00,13:03,13:05,13:07,13:10,13:13,,,,
90016,,11:35,,11:44,,11:52,,,12:02,,,,,,12:17,,,,12:27,,,12:33,,,,12:40,12:42,12:44,12:47,12:52,,,,
90018,,,,,,11:54,12:00,12:04,12:09,,,,,,12:23,,,,12:32,,,12:37,,,,12:44,12:46,12:48,12:51,12:57,,,,
90020,,,,,,,,,12:11,12:16,12:19,12:22,12:24,12:27,12:32,12:35,12:38,12:41,12:45,12:48,12:51,12:55,12:57,13:00,13:03,13:06,13:08,13:10,13:13,13:16,,,,
90022,,11:38,11:44,11:49,11:54,11:59,12:04,12:08,12:13,,,,,,12:26,,,,12:34,,,12:40,,,,12:48,,,,13:00,,,,
94002,,,,,,,,,12:14,12:19,12:22,12:25,12:27,12:30,12:35,12:38,12:41,12:44,12:48,12:51,12:54,12:58,13:00,13:03,13:06,13:09,13:11,13:13,13:16,13:19,,,,
94004,,,,,,,,,12:17,,,,,,12:31,,,,12:40,,,12:46,,,,12:53,12:55,12:57,13:00,13:05,,,,
90002,,11:42,11:48,11:53,11:58,12:03,12:08,12:12,12:18,,,,,,,,,,,,,,,,,,,,,,,,,
90004,,,,,,,,,12:19,12:24,12:27,12:30,12:32,12:35,12:39,12:42,12:45,12:48,12:53,12:56,12:59,13:02,13:04,13:07,13:10,13:13,13:15,13:17,13:20,13:24,,,,
90006,,11:46,11:53,11:58,12:02,12:08,12:13,12:17,12:23,12:29,12:32,12:35,12:37,12:40,12:46,,,,,,,,,,,,,,,,,,,
90008,,11:45,,,,,,,,,,,,,,,,,,,,,,,,,,,,,,,,
90010,,11:50,11:56,12:01,12:06,12:11,12:16,12:20,12:26,,,,,,12:40,,,,12:49,,,12:55,,,,13:03,13:05,13:07,13:10,13:15,,,,
90012,,,,,,12:14,12:20,12:25,12:32,12:38,12:41,12:44,12:46,12:49,12:54,12:57,13:00,13:03,13:07,13:10,13:13,13:16,13:18,13:21,13:24,13:27,13:29,13:31,13:34,13:38,,,,
90014,,,,,,,,,,,,12:30,12:33,12:36,12:40,12:44,12:47,12:50,12:56,12:59,13:02,13:06,13:08,13:11,13:14,13:17,13:19,13:21,13:24,13:28,,,,
90016,,,,,,,,,12:29,12:35,12:38,12:41,12:43,12:46,12:50,12:53,12:56,12:59,13:03,13:06,13:09,13:13,13:15,13:18,13:21,13:24,13:26,13:28,13:31,13:34,,,,
90018,,,,,,,,,12:37,12:42,12:45,12:48,12:50,12:53,12:57,13:00,13:03,13:06,13:10,13:13,13:16,13:20,13:22,13:25,13:28,13:31,13:33,13:35,13:38,13:41,,,,
90020,,,,,,12:20,12:26,12:31,12:36,,,,,,12:50,,,,12:59,,,13:06,,,,,,,,,,,,
90022,,12:00,12:07,12:13,12:18,12:24,12:29,12:34,12:40,,,,,,12:54,,,,13:03,,,13:09,,,,13:16,13:18,13:20,13:23,13:28,,,,
94002,,,,,,,,,,,,12:50,12:53,12:56,13:00,13:03,13:06,13:09,13:13,13:16,13:19,13:23,13:25,13:28,13:31,13:34,13:36,13:38,13:41,13:45,,,,
94004,,12:05,12:11,12:16,12:20,12:27,12:32,12:36,12:41,12:45,12:48,12:51,12:53,12:56,13:03,,,,,,,,,,,,,,,,,,,
90002,,12:09,12:15,12:20,12:24,12:30,12:35,12:39,12:45,,,,,,,,,,,,,,,,,,,,,,,,,
90004,,,,,,,,,12:45,12:50,12:53,12:56,12:58,13:01,13:05,13:08,13:11,13:14,13:18,13:21,13:24,13:28,13:30,13:33,13:36,,13:41,13:43,13:46,13:51,,,,13:39
90006,,12:10,12:15,12:20,12:25,12:31,12:36,12:40,12:44,,,,,,12:57,,,,13:06,,,13:16,,,,,,,,,,,,
90008,,12:13,12:19,12:24,12:29,12:34,12:39,12:43,12:48,,,,,,13:01,,,,13:11,,,13:18,,,,,13:27,13:29,13:32,13:36,,,,13:25
90010,,,,,,,,,12:52,12:56,12:59,13:02,13:04,13:07,13:11,13:14,13:17,13:20,13:24,13:27,13:30,13:34,13:36,13:39,13:42,,13:47,13:49,13:52,13:55,,,,13:45
90012,,,,,,,,,12:55,12:59,13:02,13:05,13:07,13:10,13:14,13:17,13:20,13:23,13:27,13:30,13:33,13:37,13:39,13:42,13:45,,13:50,13:52,13:55,14:01,,,,13:48
90014,,12:20,12:26,12:31,12:36,12:41,12:46,12:50,12:54,,,,,,13:08,,,,13:18,,,13:23,,,,,13:32,13:34,13:37,13:41,,,,13:30
90016,,,,,,,,,13:01,13:06,13:09,13:12,13:14,13:17,13:21,13:24,13:27,13:30,13:34,13:37,13:40,13:44,13:46,13:49,13:52,,13:57,13:59,14:02,14:05,,,,13:55
90018,,,,,,12:44,12:50,12:54,12:58,,,,,,13:13,,,,13:22,,,13:28,,,,,13:37,13:39,13:42,13:48,,,,13:35
90020,,12:26,12:32,12:37,12:42,12:48,12:53,12:57,13:02,,,,,,13:17,,,,13:26,,,13:32,,,,,13:41,13:43,13:46,13:51,,,,13:39
90022,,,,,,,,,13:05,13:11,13:14,13:17,13:19,13:22,13:26,13:29,13:32,13:35,13:39,13:42,13:45,13:49,13:51,13:54,13:57,,14:02,14:04,14:07,14:10,,,,14:00
94002,,12:30,12:36,12:41,12:47,12:53,12:58,13:02,13:06,,,,,,13:20,,,,13:29,,,13:36,,,,,,,,,,,,
94004,,12:53,,,,,,,,,,,,,,,,,,,,,,,,,,,,,,,,
90002,,,,,,,,,,,,13:19,13:22,13:25,13:29,13:33,13:36,13:39,13:43,13:46,13:49,13:53,13:55,13:58,14:01,14:04,14:06,14:08,14:11,14:14,,,,
90004,,,,,,,,,13:10,13:16,13:19,13:22,13:24,13:27,13:32,13:36,13:39,13:42,13:46,13:49,13:52,13:56,13:58,14:01,14:04,14:07,14:09,14:11,14:14,14:17,,,,
90006,,12:38,12:44,12:49,12:54,13:00,13:06,13:10,13:15,,,,,,13:28,,,,13:37,,,13:43,,,,13:51,13:53,13:55,13:58,14:05,,,,
90008,,,,,,,,,13:13,13:20,13:23,13:26,13:28,13:31,13:36,13:40,13:43,13:46,13:50,13:53,13:56,14:00,14:02,14:05,14:08,14:11,14:13,14:15,14:18,14:21,,,,
90010,,,,,,,,,13:18,13:24,13:27,13:30,13:32,13:35,13:40,13:43,13:46,13:49,13:53,13:56,13:59,14:03,14:05,14:08,14:11,14:14,14:16,14:18,14:21,14:24,,,,
90012,,12:45,12:51,12:56,13:01,13:07,13:12,13:16,13:21,13:27,13:30,13:33,13:35,13:38,13:43,13:46,13:49,13:52,13:56,13:59,14:02,14:06,14:08,14:11,14:14,14:17,14:19,14:21,14:24,14:27,,,,
90014,,,,,,13:09,13:16,13:20,13:24,,,,,,13:38,,,,13:47,,,13:55,,,,,,,,,,,,
90016,,12:45,,12:54,,13:02,,,13:10,,,,,,13:24,,,,13:33,,,13:39,,,,13:46,13:48,13:50,13:53,14:00,,,,
90018,,,,,,,,,13:22,13:30,13:33,13:36,13:38,13:41,13:46,13:50,13:53,13:56,14:01,14:04,14:07,14:11,14:13,14:16,14:19,14:22,14:24,14:26,14:29,14:32,,,,
90020,,,,,,,,,13:29,13:34,13:37,13:40,13:42,13:45,13:50,13:54,13:57,14:00,14:05,14:08,14:11,14:15,14:17,14:20,14:23,14:26,14:28,14:30,14:33,14:38,,,,
90022,,,,,,,,,13:32,13:37,13:40,13:43,,13:48,13:53,,,,14:03,,,14:09,,,,14:16,14:18,14:20,14:23,14:30,,,,
94002,,,,,,,,,13:35,13:40,13:43,13:47,13:49,13:52,13:56,13:59,14:02,14:05,14:09,14:12,14:15,14:19,14:21,14:24,14:27,14:30,14:32,14:34,14:37,14:41,,,,
94004,,12:55,13:01,13:06,13:11,13:17,13:23,13:27,13:34,,,,,,13:46,,,,13:56,,,14:02,,,,14:09,14:11,14:13,14:16,14:20,,,,
90002,,,,13:09,13:15,13:21,13:27,13:31,13:37,,,,,,13:49,,,,13:59,,,14:05,,,,14:12,14:14,14:16,14:19,14:23,,,,
90004,,13:02,13:08,13:13,13:18,13:23,13:28,13:32,13:37,13:42,13:45,13:48,13:50,13:53,14:00,,,,,,,,,,,,,,,,,,,
90006,,,,,,,,,,,,13:49,13:52,13:55,13:59,14:03,14:06,14:09,14:13,14:16,14:19,14:22,14:24,14:27,14:30,14:33,14:35,14:37,14:40,14:44,,,,
90008,,,,,,,,,13:40,13:46,13:49,13:52,13:54,13:57,14:02,14:06,14:09,14:12,14:16,14:19,14:22,14:26,14:28,14:31,14:34,14:37,14:39,14:41,14:44,14:48,,,,
90010,,13:06,13:12,13:17,13:21,13:26,13:31,13:36,13:42,,,,,,13:55,,,,14:05,,,14:11,,,,,,,,,,,,
90012,,,,,,13:30,13:36,13:40,13:45,,,,,,13:59,,,,14:09,,,14:15,,,,14:22,14:24,14:26,14:29,14:33,,,,
90014,,,,,,,,,13:46,13:52,13:55,13:58,14:00,14:03,14:07,14:11,14:14,14:17,14:21,14:24,14:27,14:31,14:33,14:36,14:39,14:42,14:44,14:46,14:49,14:53,,,,
90016,,13:11,13:18,13:23,13:28,13:34,13:40,13:44,13:49,,,,,,14:05,,,,14:14,,,14:22,,,,,,,,,,,,
90018,,13:14,,13:23,,13:30,,13:38,,,,,,,13:53,,,,,,,,,,,,,,,,,,,
90020,,13:18,13:24,13:29,13:34,13:40,13:45,13:49,13:54,,,,,,14:10,,,,14:19,,,14:25,,,,14:32,14:34,14:36,14:39,14:44,,,,
90022,,,,,,,,,13:51,13:56,13:59,14:02,14:04,14:07,14:12,14:15,14:18,14:21,14:25,14:28,14:31,14:35,14:37,14:40,14:43,14:46,14:48,14:50,14:53,14:57,,,,
94002,,,,,,,,,13:55,14:00,14:03,14:06,14:08,14:11,14:15,14:18,14:21,14:24,14:28,14:31,14:34,14:38,14:40,14:43,14:46,14:49,14:51,14:53,14:56,15:00,,,,
94004,,13:25,13:31,13:36,13:40,13:46,13:51,13:55,14:01,,,,,,14:14,,,,14:23,,,14:29,,,,14:36,14:38,14:40,14:43,14:47,,,,
90002,,,,,,,,,13:59,14:05,14:08,14:11,14:13,14:15,14:19,14:22,14:25,14:28,14:32,14:35,14:38,14:41,14:43,14:46,14:49,14:52,14:54,14:56,14:59,15:02,,,,
90004,,,,,,,,,14:04,14:09,14:12,14:15,14:17,14:20,14:24,14:27,14:30,14:33,14:37,14:40,14:43,14:47,14:49,14:52,14:55,14:58,15:00,15:02,15:05,15:08,,,,
90006,,13:29,13:36,13:41,13:45,13:51,13:56,14:00,14:06,,,,,,14:21,,,,,,,,,,,,,,,,,,,
90008,,,,,,,,,14:08,14:13,14:16,14:19,14:21,14:24,14:28,14:31,14:34,14:37,14:41,14:44,14:47,14:51,14:53,14:56,14:59,15:02,15:04,15:06,15:09,15:13,,,,
90010,,13:34,13:40,13:45,13:49,13:55,14:00,14:04,14:09,,,,,,14:23,,,,14:32,,,14:37,,,,14:44,14:46,14:48,14:51,14:56,,,,
90012,,,,,,,,,14:11,14:16,14:19,14:22,14:24,14:27,14:31,14:34,14:37,14:40,14:44,14:47,14:50,14:54,14:56,14:59,15:02,15:05,15:07,15:09,15:12,15:16,,,,
90014,,,,13:48,13:53,13:59,14:04,14:08,14:14,14:20,14:23,14:26,14:28,14:31,14:35,14:38,14:41,14:44,14:48,14:51,14:54,14:58,15:00,15:03,15:06,15:09,15:11,15:13,15:16,15:19,,,,
90016,,13:34,,13:43,,13:51,,,14:03,,,,,,14:18,,,,14:28,,,14:34,,,,14:41,14:43,14:45,14:48,14:53,,,,
90018,,,,,,,,,14:17,14:22,14:25,14:28,14:30,14:33,14:38,14:41,14:44,14:47,14:51,14:54,14:57,15:01,15:03,15:06,15:09,15:12,15:14,15:16,15:19,15:23,,,,
90020,,13:42,13:48,13:53,13:57,14:03,14:08,14:12,14:18,,,,,,14:32,,,,14:42,,,14:48,,,,14:55,,,,15:05,,,,
90022,,13:42,,,,,,,,,,,,,,,,,,,,,,,,,,,,,,,,
94002,,,,,,,,,,,,14:28,14:32,14:35,14:39,14:43,14:46,14:49,14:54,14:57,15:00,15:04,,15:09,15:12,15:15,15:17,15:19,15:22,15:26,,,,
94004,,,,,,14:07,14:12,14:16,14:21,14:25,14:28,14:31,,14:36,14:41,,,,14:51,,,14:57,,,,15:04,15:06,15:08,15:11,15:15,,,,
90002,,,,,,,,,,,,,,,,,,,14:57,15:00,15:03,15:07,15:09,15:12,15:15,,15:20,15:22,15:25,15:29,,,,
90004,,13:46,13:53,13:58,14:04,14:10,14:15,14:19,14:24,14:28,14:31,14:34,14:36,14:39,14:46,,,,,,,,,,,,,,,,,,,
90006,,13:52,13:58,14:03,14:08,14:14,14:19,14:24,14:30,,,,,,14:45,,,,,,,,,,,,,,,,,,,
90008,,,,,,,,,14:27,14:33,14:36,14:39,14:41,14:43,14:48,14:51,14:54,14:57,15:01,15:04,15:07,15:11,15:13,15:16,15:19,,15:24,15:26,15:29,15:32,,,,15:22
90010,,13:57,,14:07,,14:14,,,14:24,,,,,,14:36,,,,14:45,,,14:51,,,,,15:00,15:02,15:05,15:09,,,,14:58
90012,,,,,,,,,14:30,14:36,14:39,14:42,14:44,14:47,14:51,14:54,14:57,15:00,15:04,15:07,15:10,15:14,15:16,15:19,15:22,,15:27,15:29,15:32,15:35,,,,15:25
90014,,14:06,14:12,14:17,14:21,14:26,14:30,14:34,14:38,,,,,,14:51,,,,15:00,,,15:06,,,,,15:15,15:17,15:20,15:23,,,,15:13
90016,,,,,,,,,14:35,14:41,14:44,14:47,14:49,14:52,14:57,15:00,15:03,15:06,15:10,15:13,15:16,15:20,15:22,15:25,15:28,,15:33,15:35,15:38,15:41,,,,15:31
90018,,14:05,14:11,14:16,14:20,14:26,14:31,14:35,14:41,,,,,,14:55,,,,15:04,,,15:10,,,,,15:19,15:21,15:24,15:28,,,,15:17
90020,,,,,,,,,14:40,14:46,14:49,14:52,14:54,14:57,15:02,15:05,15:08,15:11,15:15,15:18,15:21,15:25,15:27,15:30,15:33,,15:38,15:40,15:43,15:46,,,,15:36
90022,,14:09,14:15,14:20,14:24,14:30,14:35,14:39,14:44,,,,,,14:58,,,,15:07,,,15:14,,,,,,,,,,,,
94002,,,,,,,,,14:43,14:49,14:52,14:55,14:57,15:00,15:04,15:07,15:10,15:13,15:17,15:20,15:23,15:27,15:29,15:32,15:35,,15:40,15:42,15:45,15:48,,,,15:38
94004,,,,,,,,,14:48,14:54,14:57,15:00,15:02,15:05,15:09,15:12,15:15,15:18,15:22,15:25,15:28,15:32,15:34,15:37,15:40,,15:45,15:47,15:50,15:53,,,,15:43
90002,,,,,,,,,14:47,,,,,,15:01,,,,15:10,,,15:16,,,,,15:27,15:29,15:32,15:36,,,,
90004,,,,,,,,,,,,,,,15:12,15:16,15:19,15:22,15:27,15:30,15:33,15:37,15:39,15:42,15:45,,15:50,15:52,15:55,15:59,,,,15:48
90006,,14:14,14:20,14:25,14:30,14:36,14:41,14:45,14:50,14:57,15:00,15:03,15:06,15:09,15:15,15:19,15:22,15:25,15:31,,,,,,,,,,,,,,,
90008,,14:18,14:24,14:29,14:34,14:40,14:45,14:49,14:54,,,,,,15:06,,,,15:15,,,15:25,,,,,15:34,15:36,15:39,15:46,,,,15:32
90010,,,,,,,,,14:56,15:02,15:05,15:08,,15:13,15:18,,,,15:28,,,15:35,,,,,15:44,15:46,15:49,15:52,,,,15:42
90012,,14:35,,,,,,,,,,,,,,,,,,,,,,,,,,,,,,,,
90014,,,,,,,,,,,,15:10,15:13,15:16,15:20,15:24,15:27,15:30,15:34,15:37,15:40,15:44,15:46,15:49,15:52,,15:57,15:59,16:02,16:05,,,,15:55
90016,,,,14:36,14:42,14:47,14:52,14:56,14:59,15:04,15:07,15:10,15:12,15:15,15:22,,,,,,,,,,,,,,,,,,,
90018,,14:27,14:34,14:39,14:45,14:51,14:55,14:59,15:05,,,,,,15:21,,,,15:31,,,15:38,,,,,,,,,,,,
90020,,,,,,,,,15:03,15:09,15:12,15:15,15:17,15:20,15:24,15:27,15:30,15:33,15:37,15:40,15:43,15:47,15:49,15:52,15:55,,16:00,16:02,16:05,16:08,,,,15:58
90022,,14:32,14:38,14:43,14:48,14:54,14:59,15:03,15:09,,,,,,15:24,,,,15:34,,,15:40,,,,,15:49,15:51,15:54,15:57,,,,15:47
94002,,,,,,,,,15:09,15:15,15:18,15:21,,15:26,15:30,,,,15:40,,,15:46,,,,,15:55,15:57,16:00,16:03,,,,15:53
94004,,14:37,14:43,14:48,14:53,14:59,15:04,15:08,15:14,,,,,,15:28,,,,15:37,,,15:43,,,,,,,,16:00,,,,15:50
90002,,,,,,,,,15:12,15:18,15:21,15:24,15:26,15:29,15:33,15:36,15:39,15:42,15:46,15:49,15:52,15:56,15:58,16:01,16:04,16:07,16:09,16:11,16:14,16:17,,,,
90004,,,,,,,,,15:18,15:24,15:27,15:30,15:32,15:35,15:39,15:42,15:45,15:48,15:52,15:55,15:58,16:02,16:04,16:07,16:10,16:13,16:15,16:17,16:20,16:24,,,,
90006,,14:48,,14:59,,15:07,,,15:17,,,,,,15:33,,,,15:43,,,15:49,,,,15:56,,,,16:05,,,,
90008,,14:48,,14:57,,15:05,,,15:18,,,,,,,,,,,,,,,,,,,,,,,,,
90010,,,,,,,,,15:23,15:29,15:32,15:35,15:37,15:40,15:45,15:48,15:51,15:54,15:59,16:02,16:05,16:09,16:12,16:15,16:18,16:21,16:23,16:25,16:28,16:32,,,,
90012,,,,,,15:08,15:14,15:18,15:23,,,,,,15:38,,,,15:48,,,15:54,,,,16:01,16:03,16:05,16:08,16:13,,,,
90014,,14:51,14:57,15:02,15:06,15:12,15:17,15:21,15:26,15:32,15:35,15:38,15:40,15:43,15:50,,,,,,,,,,,,,,,,,,,
90016,,,,,,,,,15:30,15:36,15:39,15:42,15:44,15:47,15:52,15:55,15:58,16:01,16:06,16:09,16:12,16:16,16:18,16:21,16:24,16:27,16:29,16:31,16:34,16:37,,,,
90018,,14:56,15:02,15:07,15:12,15:18,15:23,15:27,15:32,,,,,,15:46,,,,15:54,,,15:59,,,,16:06,16:08,16:10,16:13,16:16,,,,
90020,,15:00,15:06,15:11,15:15,15:21,15:26,15:30,15:36,,,,,,,,,,,,,,,,,,,,,,,,,
90022,,,,,,,,,,,,15:46,15:48,15:51,15:56,15:59,16:02,16:05,16:09,16:12,16:15,16:19,16:21,16:24,16:27,16:30,16:32,16:34,16:37,16:40,,,,
94002,,,,,,,,,15:36,15:42,15:45,15:48,,15:53,15:58,,,,16:07,,,16:12,,,,16:19,16:21,16:23,16:26,16:29,,,,
94004,,,,,,,,,15:40,15:45,15:48,15:51,15:53,15:56,16:01,16:04,16:07,16:10,16:14,16:17,16:20,16:24,16:26,16:29,16:32,16:35,16:37,16:39,16:42,16:46,,,,
90002,,,,15:16,15:23,15:29,15:34,15:38,15:43,15:48,15:51,15:54,15:56,15:59,16:05,,,,,,,,,,,,,,,,,,,
90004,,,,,,,,,15:43,15:51,15:54,15:57,15:59,16:02,16:07,16:10,16:13,16:16,16:20,16:23,16:26,16:30,16:32,16:35,16:38,,16:43,16:45,16:48,16:51,,,,16:41
90006,,,,,,15:32,15:38,15:43,15:47,,,,,,16:01,,,,16:11,,,16:17,,,,,16:26,16:28,16:31,16:35,,,,16:24
90008,,15:12,15:18,15:23,15:28,15:34,15:39,15:44,15:50,,,,,,16:04,,,,16:14,,,16:20,,,,,16:29,16:31,16:34,16:38,,,,16:27
90010,,,,,,,,,15:48,15:54,15:57,16:00,16:02,16:05,16:10,16:13,16:16,16:19,16:23,16:26,16:29,16:33,16:35,16:38,16:41,,16:46,16:48,16:51,16:56,,,,16:44
90012,,15:21,,15:32,,15:40,,,15:53,,,,,,16:09,,,,16:19,,,16:24,,,,,16:33,16:35,16:38,16:43,,,,16:31
90014,,15:16,15:22,15:27,15:32,15:38,15:43,15:48,15:53,15:57,16:00,16:03,16:05,16:08,16:14,,,,,,,,,,,,,,,,,,,
90016,,,,,,,,,15:54,16:00,16:03,16:06,16:08,16:11,16:16,16:19,16:22,16:25,16:29,16:32,16:35,16:39,16:41,16:44,16:47,,16:52,16:54,16:57,17:00,,,,16:50
90018,,15:20,15:26,15:32,15:37,15:43,15:48,15:52,15:57,,,,,,,,,,,,,,,,,,,,,,,,,
90020,,,,,,,,,,,,16:06,16:09,16:12,16:17,16:22,16:25,16:28,16:32,16:35,16:38,16:42,16:44,16:47,16:50,,16:55,16:57,17:00,17:03,,,,16:53
90022,,,,,,,,,15:58,16:04,16:07,16:10,16:12,16:15,16:19,16:22,16:25,16:28,16:35,16:38,16:41,16:45,16:47,16:50,16:53,,16:58,17:00,17:03,17:07,,,,16:56
94002,,15:27,,15:37,,15:46,,,15:57,,,,,,16:13,,,,16:23,,,16:29,,,,,16:38,16:40,16:43,16:47,,,,16:36
94004,,15:30,15:36,15:41,15:46,15:52,15:57,16:01,16:06,,,,,,16:19,,,,16:28,,,16:34,,,,,16:43,16:45,16:48,16:54,,,,16:41
90002,,,,,,,,,16:01,16:07,16:10,16:13,16:15,16:18,16:24,16:28,16:31,16:34,16:41,16:44,16:47,16:51,16:53,16:56,16:59,17:02,17:04,17:06,17:09,17:13,,,,
90004,,,,,,,,,,,,16:14,16:17,16:20,16:24,16:27,16:30,16:33,16:38,16:41,16:44,16:48,16:50,16:53,16:56,16:59,17:01,17:03,17:06,17:10,,,,
90006,,,,,,,,,16:03,16:10,16:13,16:16,16:18,16:21,16:26,16:30,16:33,16:36,16:43,16:46,16:49,16:53,16:55,16:58,17:01,17:04,17:06,17:08,17:11,17:16,,,,
90008,,15:36,15:42,15:47,15:52,15:58,16:03,16:07,16:12,,,,,,16:26,,,,16:34,,,16:41,,,,,,,,,,,,
90010,,,,,,,,,16:07,16:14,16:17,16:20,16:22,16:25,16:30,16:34,16:37,16:40,16:45,16:48,16:51,16:55,16:57,17:00,17:03,17:06,17:08,17:10,17:13,17:19,,,,
90012,,15:40,15:46,15:51,15:56,16:02,16:07,16:11,16:16,,,,,,16:29,,,,16:38,,,16:45,,,,,,,,,,,,
90014,,,,,,,,,16:15,16:21,16:24,16:27,16:29,16:32,16:37,16:41,16:44,16:47,16:51,16:54,16:57,17:01,17:03,17:06,17:09,17:12,17:14,17:16,17:19,17:25,,,,
90016,,,,,,16:05,16:11,16:15,16:20,,,,,,16:33,,,,16:42,,,16:47,,,,16:54,,,,17:05,,,,
90018,,15:45,15:51,15:56,16:02,16:08,16:14,16:18,16:24,,,,,,16:38,,,,16:48,,,16:54,,,,17:01,,,,17:09,,,,
90020,,,,,,,,,16:18,16:25,16:28,16:31,,16:36,16:40,,,,16:51,,,16:57,,,,17:04,,,,17:12,,,,
90022,,,,,,,,,,,16:32,,,,16:43,,,,16:54,,,17:00,,,,17:07,,,,17:15,,,,
94002,,,,,,,,,,,,16:33,16:36,16:39,16:43,16:48,16:51,16:54,16:58,17:01,17:04,17:08,17:10,17:13,17:16,17:19,17:21,17:23,17:26,17:30,,,,
94004,,,,,,,,,16:21,16:28,16:31,16:34,16:36,16:39,16:44,16:49,16:52,16:55,17:01,17:04,17:07,17:11,17:13,17:16,17:19,17:22,17:24,17:26,17:29,17:33,,,,
90002,,,,16:00,16:05,16:11,16:16,16:20,16:25,16:31,16:34,16:37,16:39,16:42,16:48,,,,,,,,,,,,,,,,,,,
90004,,15:52,15:58,16:03,16:07,16:13,16:18,16:22,16:27,,,,,,16:44,,,,,,,,,,,,,,,,,,,
90006,,,,,,,,,16:28,16:34,16:37,16:40,16:42,16:45,16:49,16:52,16:55,16:58,17:04,17:07,17:10,17:14,17:16,17:19,17:22,17:25,17:27,17:29,17:32,17:36,,,,
90008,,,,,,,,,16:31,16:37,16:40,16:43,16:45,16:48,16:52,16:55,16:58,17:01,17:07,17:10,17:13,17:18,17:21,17:24,17:27,17:30,17:32,17:34,17:37,17:42,,,,
90010,,,,,,16:15,16:22,16:26,16:32,,,,,,16:47,,,,16:57,,,17:03,,,,17:11,,,,17:20,,,,
90012,,,,,,,,,16:34,16:40,16:43,16:46,16:48,16:51,16:55,16:58,17:01,17:04,17:10,17:13,17:16,17:21,17:24,17:27,17:30,17:33,17:35,17:37,17:40,17:45,,,,
90014,,16:03,16:09,16:14,16:18,16:24,16:30,16:34,16:38,,,,,,16:52,,,,17:01,,,17:08,,,,,,,,,,,,
90016,,,,,,16:24,16:30,16:34,16:39,16:43,16:46,16:49,16:51,16:54,16:59,17:02,17:05,17:08,17:13,,,,,,,,,,,,,,,
90018,,,,,,,,,16:42,16:47,16:50,16:53,16:55,16:58,17:02,17:05,17:08,17:11,17:15,17:18,17:21,17:24,17:26,17:29,17:32,17:35,17:37,17:39,17:42,17:48,,,,
90020,,16:08,16:14,16:19,16:23,16:29,16:34,16:38,16:43,,,,,,16:57,,,,17:06,,,17:12,,,,17:19,,,,17:29,,,,
90022,,,,,,,,,,,16:50,,,,17:00,,,,17:09,,,17:15,,,,17:22,,,,17:32,,,,
94002,,,,,,,,,,,,16:55,16:58,17:01,17:05,17:09,17:12,17:15,17:19,17:22,17:25,17:29,17:31,17:34,17:37,17:40,17:42,17:44,17:47,17:51,,,,
94004,,16:12,16:18,16:23,16:27,16:33,16:38,16:42,16:47,16:51,16:54,16:57,16:59,17:02,17:08,,,,,,,,,,,,,,,,,,,
90002,,,,,,,,,16:50,16:55,16:58,17:01,17:03,17:06,17:10,17:13,17:16,17:19,17:23,17:26,17:29,17:33,17:35,17:38,17:41,17:44,17:46,17:48,17:51,17:54,,,,
90004,,,,,,,,,16:53,16:58,17:01,17:04,17:06,17:09,17:13,17:16,17:19,17:22,17:26,17:29,17:32,17:36,17:38,17:41,17:44,17:48,17:50,17:52,17:55,18:00,,,,
90006,,16:20,16:26,16:31,16:35,16:41,16:46,16:50,16:55,,,,,,17:08,,,,17:17,,,17:23,,,,17:30,,,,17:39,,,,
90008,,,,,,,,,,,17:02,,,,17:12,,,,17:22,,,17:28,,,,17:35,,,,17:44,,,,
90010,,,,,,,,,16:56,17:02,17:05,17:08,17:10,17:13,17:18,17:21,17:24,17:27,17:32,17:35,17:38,17:41,17:43,17:46,17:49,17:52,17:54,17:56,17:59,18:03,,,,
90012,,,,,,16:45,16:51,16:55,17:00,,,,,,17:15,,,,,,,,,,,,,,,,,,,
90014,,,,16:37,16:43,16:49,16:54,16:58,17:04,17:09,17:12,17:15,17:17,17:20,17:25,17:29,17:32,17:35,17:39,17:42,17:45,17:49,17:51,17:54,17:57,18:00,18:02,18:04,18:07,18:10,,,,
90016,,16:28,16:35,16:40,16:45,16:51,16:56,17:00,17:05,,,,,,17:19,,,,17:29,,,17:35,,,,17:44,,,,17:52,,,,
90018,,,,,,,,,17:06,17:12,17:15,17:18,17:20,17:23,17:28,17:32,17:35,17:38,17:42,17:45,17:48,17:52,17:54,17:57,18:00,18:03,18:05,18:07,18:10,18:13,,,,
90020,,16:32,16:39,16:44,16:50,16:55,17:00,17:04,17:10,,,,,,17:25,,,,17:35,,,17:41,,,,17:50,,,,17:58,,,,
90022,,,,,,,,,,,,17:20,17:23,17:26,17:30,17:35,17:38,17:41,17:45,17:48,17:51,17:55,17:57,18:00,18:03,18:06,18:08,18:10,18:13,18:16,,,,
94002,,,,,,,,,17:10,17:18,17:21,17:24,17:26,17:29,17:34,17:38,17:41,17:44,17:48,17:51,17:54,17:58,18:00,18:03,18:06,18:09,18:11,18:13,18:16,18:19,,,,
94004,,,16:44,16:49,16:53,16:59,17:04,17:08,17:13,,,,,,,,,,,,,,,,,,,,,,,,,
90002,,16:40,,16:52,,17:02,,,17:13,,,,,,17:29,,,,17:39,,,17:46,,,,,,,,,,,,
90004,,,,,,,,,,,,,,,17:36,17:41,17:44,17:47,17:51,17:54,17:57,18:01,18:03,18:06,18:09,18:12,18:14,18:16,18:19,18:22,,,,
90006,,,,,,,,,17:13,17:21,17:24,17:28,17:30,17:33,17:39,17:44,17:47,17:50,17:54,17:57,18:00,18:04,18:06,18:09,18:12,18:15,18:17,18:19,18:22,18:25,,,,
90008,,,,,,17:02,17:08,17:12,17:17,,,,,,17:33,,,,17:43,,,17:49,,,,17:58,,,,18:06,,,,
90010,,,,,,,,,,,17:25,,,,17:36,,,,17:46,,,17:52,,,,18:01,,,,18:10,,,,
90012,,16:44,16:50,16:55,17:00,17:06,17:12,17:16,17:20,17:25,17:28,17:31,17:33,17:36,17:42,,,,,,,,,,,,,,,,,,,
90014,,,,,,,,,17:23,17:29,17:32,17:35,17:37,17:40,17:44,17:47,17:50,17:53,17:57,18:00,18:03,18:07,18:09,18:12,18:15,18:18,18:20,18:22,18:25,18:29,,,,
90016,,,,,,,,,,,,17:37,17:40,17:43,17:47,17:51,17:54,17:57,18:01,18:04,18:07,18:11,18:13,18:16,18:19,18:22,18:24,18:26,18:29,18:32,,,,
90018,,16:48,16:54,16:59,17:05,17:11,17:16,17:20,17:26,,,,,,,,,,,,,,,,,,,,,,,,,
90020,,,,,,,,,17:28,,,,,,17:44,,,,17:54,,,18:00,,,,18:07,,,,18:17,,,,
90022,,,,,,,,,17:27,17:34,17:37,17:40,17:42,17:45,17:50,17:54,17:57,18:00,18:04,18:07,18:10,18:14,18:16,18:19,18:22,18:25,18:27,18:29,18:32,18:35,,,,
94002,,,,,,,,,17:31,17:37,17:40,17:44,17:46,17:48,17:53,17:57,18:00,18:03,18:07,18:10,18:13,18:17,18:19,18:22,18:25,18:28,18:30,18:32,18:35,18:38,,,,
94004,,16:51,16:57,17:02,17:08,17:14,17:19,17:23,17:31,,,,,,,,,,,,,,,,,,,,,,,,,
90002,,,17:03,17:08,17:13,17:19,17:24,17:28,17:33,,,,,,17:47,,,,17:57,,,18:03,,,,18:10,,,,18:20,,,,
90004,,17:00,17:06,17:11,17:16,17:22,17:27,17:31,17:36,,,,,,17:51,,,,18:00,,,18:06,,,,18:13,,,,18:25,,,,
90006,,,,,,,,,,,,,,,17:56,18:01,18:04,18:07,18:12,18:15,18:18,18:22,18:24,18:27,18:30,18:33,18:35,18:37,18:40,18:44,,,,
90008,,,,,,,,,17:39,17:45,17:49,17:53,,17:58,18:03,,,,18:12,,,18:17,,,,18:24,,,,18:32,,,,
90010,,,,,,,,,17:44,17:50,17:53,17:56,17:58,18:01,18:05,18:08,18:11,18:14,18:18,18:21,18:24,18:28,18:30,18:33,18:36,18:39,18:41,18:43,18:46,18:49,,,,
90012,,17:05,17:12,17:17,17:22,17:28,17:33,17:38,17:45,,,,,,17:58,,,,18:07,,,18:13,,,,18:20,,,,18:28,,,,
90014,,17:06,17:13,17:18,17:23,17:29,17:34,17:39,17:47,,,,,,18:02,,,,,,,,,,,,,,,,,,,
90016,,,,,,,,,17:48,17:54,17:57,18:00,18:02,18:05,18:09,18:13,18:16,18:19,18:23,18:26,18:29,18:33,18:35,18:38,18:41,18:44,18:46,18:48,18:51,18:54,,,,
90018,,,,,,17:34,17:40,17:44,17:50,,,,,,18:06,,,,18:16,,,18:21,,,,18:28,,,,18:36,,,,
90020,,,,,,,,,,,,17:57,18:01,18:04,18:08,18:13,18:16,18:19,18:26,18:29,18:32,18:36,18:38,18:41,18:44,18:47,18:49,18:51,18:54,19:00,,,,
90022,,17:15,,,,,,,,,,,,,,,,,,,,,,,,,,,,,,,,
94002,,17:15,17:22,17:28,17:33,17:39,17:44,17:49,17:54,17:58,18:01,18:04,18:06,18:09,18:15,,,,,,,,,,,,,,,,,,,
94004,,,,,,,,,17:57,18:02,18:05,18:08,18:10,18:13,18:18,18:21,18:24,18:27,18:32,18:35,18:38,18:42,18:44,18:47,18:50,18:53,18:55,18:57,19:00,19:04,,,,
90002,,17:20,17:27,17:33,17:38,17:43,17:48,17:52,17:57,,,,,,18:12,,,,18:21,,,18:28,,,,,,,,,,,,
90004,,,17:29,17:34,17:39,17:45,17:50,17:54,18:00,,,,,,,,,,,,,,,,,,,,,,,,,
90006,,17:27,17:33,17:38,17:43,17:48,17:53,17:57,18:01,,,,,,18:15,,,,18:24,,,18:30,,,,18:37,,,,18:46,,,,
90008,,,,,,,,,,,,18:11,18:14,18:17,18:21,18:25,18:28,18:31,18:36,18:39,18:42,18:46,18:48,18:51,18:54,18:57,18:59,19:01,19:04,19:07,,,,
90010,,,,,,,,,18:04,18:09,18:12,18:15,18:17,18:20,18:25,18:29,18:32,18:35,18:40,18:43,18:46,18:50,18:52,18:55,18:58,19:01,19:03,19:05,19:08,19:11,,,,
90012,,17:28,17:34,17:39,17:44,17:50,17:55,17:59,18:04,,,,,,18:19,,,,,,,,,,,,,,,,,,,
90014,,,,,,,,,,,,,,,,,,,18:42,18:45,18:48,18:52,18:54,18:57,19:00,19:03,19:05,19:07,19:10,19:14,,,,
90016,,17:32,17:38,17:44,17:49,17:55,18:00,18:04,18:10,,,,,,,,,,,,,,,,,,,,,,,,,
90018,,,,,,,,,18:08,18:15,18:18,18:21,18:23,18:26,18:31,18:35,18:38,18:41,18:45,18:48,18:51,18:55,18:57,19:00,19:03,19:06,19:08,19:10,19:13,19:16,,,,
90020,,,,,,,,,18:08,,,,,,18:23,,,,18:32,,,18:37,,,,18:44,,,,18:52,,,,
90022,,,,,,,,,18:13,18:19,18:22,18:25,18:27,18:30,18:34,18:38,18:41,18:44,18:48,18:51,18:54,18:58,19:00,19:03,19:06,19:09,19:11,19:13,19:16,19:19,,,,
94002,,,,17:48,17:54,18:00,18:04,18:08,18:13,,,,,,18:27,,,,18:35,,,18:41,,,,18:48,,,,18:56,,,,
94004,,17:41,17:47,17:52,17:57,18:03,18:07,18:11,18:16,,,,,,18:30,,,,18:38,,,18:44,,,,18:51,,,,19:00,,,,
90002,,,,,,,,,,,,,,,18:37,18:41,18:44,18:47,18:51,18:54,18:57,19:01,19:03,19:06,19:09,19:12,19:14,19:16,19:19,19:22,,,,
90004,,,,,,,,,18:19,18:23,18:26,18:29,18:32,18:34,18:40,18:44,18:47,18:50,18:54,18:57,19:00,19:04,19:06,19:09,19:12,19:15,19:17,19:19,19:22,19:25,,,,
90006,,17:43,17:50,17:56,18:00,18:06,18:11,18:15,18:19,,,,,,18:33,,,,18:42,,,18:48,,,,18:55,,,,19:03,,,,
90008,,,,,,,,,,,,18:33,18:36,18:39,18:43,18:47,18:50,18:53,18:57,19:00,19:03,19:07,19:09,19:12,19:15,19:18,19:20,19:22,19:25,19:28,,,,
90010,,,,,,,,,18:24,,,,,,18:38,,,,18:46,,,18:52,,,,18:59,,,,19:08,,,,
90012,,,17:53,17:58,18:03,18:09,18:14,18:18,18:22,18:27,18:30,18:33,18:35,18:38,18:45,,,,,,,,,,,,,,,,,,,
90014,,,,,,,,,18:24,18:31,18:34,18:37,18:40,18:42,18:47,18:50,18:53,18:56,19:00,19:03,19:06,19:10,19:12,19:15,19:18,19:21,19:23,19:25,19:28,19:31,,,,
90016,,,,,,,,,,,,,,,,,,,19:02,19:06,19:09,19:13,19:15,19:18,19:21,19:24,19:26,19:28,19:31,19:34,,,,
90018,,,,,,,,,18:27,18:34,18:37,18:40,18:42,18:45,18:50,18:54,18:57,19:00,19:05,19:09,19:12,19:16,19:18,19:21,19:24,19:27,19:29,19:31,19:34,19:37,,,,
90020,,17:52,17:58,18:03,18:08,18:13,18:18,18:22,18:29,,,,,,,,,,,,,,,,,,,,,,,,,
90022,,17:56,18:02,18:07,18:12,18:17,18:21,18:26,18:30,,,,,,18:45,,,,,,,,,,,,,,,,,,,
94002,,,,,,,,,,,18:44,,,,18:52,,,,19:01,,,19:07,,,,19:14,,,,19:22,,,,
94004,,,,,,,,,18:32,18:38,18:41,18:44,18:46,18:49,18:54,18:58,19:02,19:05,19:09,19:12,19:15,19:19,19:21,19:24,19:27,19:30,19:32,19:34,19:37,19:41,,,,
90002,,,,,,,,,,,,18:49,18:52,18:55,18:59,19:02,19:05,19:08,19:12,19:15,19:18,19:22,19:24,19:27,19:30,19:33,19:35,19:37,19:40,19:45,,,,
90004,,,,,,,,,18:37,18:43,18:46,18:49,18:51,18:54,19:00,19:05,19:09,19:12,19:17,19:20,19:23,19:27,19:29,19:32,19:35,19:38,19:40,19:42,19:45,19:48,,,,
90006,,18:00,18:06,18:12,18:17,18:23,18:28,18:33,18:40,,,,,,18:56,,,,19:05,,,19:11,,,,,,,,,,,,
90008,,18:04,18:11,18:16,18:20,18:26,18:31,18:35,18:40,18:46,18:49,18:52,18:54,18:57,19:04,,,,,,,,,,,,,,,,,,,
90010,,,,,,,,,18:43,18:49,18:52,18:55,18:57,19:00,19:05,19:09,19:12,19:15,19:19,19:22,19:25,19:29,19:31,19:34,19:37,19:40,19:42,19:44,19:47,19:51,,,,
90012,,18:09,18:15,18:20,18:24,18:30,18:35,18:39,18:46,,,,,,,,,,,,,,,,,,,,,,,,,
90014,,,,,,,,,18:47,18:53,18:56,18:59,,19:04,19:09,,,,19:18,,,19:23,,,,19:30,,,,19:42,,,,
90016,,18:13,18:19,18:24,18:28,18:34,18:39,18:44,18:48,,,,,,19:01,,,,19:09,,,19:14,,,,19:21,,,,19:29,,,,
90018,,,,,,,,,18:52,,,,,,19:06,,,,19:15,,,19:21,,,,19:28,,,,19:36,,,,
90020,,,,,,,,,18:52,18:57,19:00,19:03,19:05,19:08,19:12,19:15,19:18,19:21,19:26,19:29,19:32,19:36,19:38,19:41,19:44,19:47,19:49,19:51,19:54,19:57,,,,
90022,,,,18:26,18:32,18:38,18:43,18:48,18:54,,,,,,19:09,,,,,,,,,,,,,,,,,,,
94002,,18:20,18:26,18:31,18:36,18:42,18:47,18:52,18:58,,,,,,19:14,,,,19:24,,,19:31,,,,,,,,,,,,
94004,,18:28,,,,,,,,,,,,,,,,,,,,,,,,,,,,,,,,
90002,,,,,,,,,,,,19:06,19:09,19:12,19:16,19:20,19:23,19:26,19:30,19:33,19:36,19:40,19:42,19:45,19:48,19:51,19:53,19:55,19:58,20:01,,,,
90004,,,,,,,,,18:58,19:03,19:06,19:09,19:11,19:15,19:19,19:23,19:26,19:29,19:33,19:36,19:39,19:43,19:45,19:48,19:51,19:54,19:56,19:58,20:01,20:04,,,,
90006,,,,,,,,,19:00,19:06,19:09,19:12,19:14,19:17,19:23,19:26,19:29,19:32,19:36,19:39,19:42,19:46,19:48,19:51,19:54,19:57,19:59,20:01,20:04,20:07,,,,
90008,,18:24,18:30,18:35,18:41,18:47,18:52,18:56,19:01,,,,,,19:18,,,,19:28,,,19:34,,,,19:41,,,,19:49,,,,
90010,,,,,,,,,,,,,,,,,,,19:39,19:42,19:45,19:49,19:51,19:54,19:57,20:00,20:02,20:04,20:07,20:10,,,,
90012,,,,,,,,,19:05,19:10,19:13,19:16,19:18,19:21,19:26,19:29,19:32,19:35,19:41,19:45,19:48,19:52,19:54,19:57,20:00,20:03,20:05,20:07,20:10,20:16,,,,
90014,,18:33,18:40,18:45,18:50,18:56,19:01,19:05,19:10,,,,,,19:24,,,,19:34,,,19:40,,,,19:47,,,,19:55,,,,
90016,,18:30,18:37,18:42,18:47,18:53,18:58,19:03,19:08,19:13,19:16,19:19,19:21,19:24,19:29,19:33,19:36,19:39,19:44,,,,,,,,,,,,,,,
90018,,,,,,,,,19:10,,,,,,19:26,,,,19:36,,,19:42,,,,19:49,,,,19:58,,,,
90020,,,,,,,,,,,,19:21,19:24,19:27,19:32,19:36,19:39,19:42,19:46,19:49,19:52,19:56,19:58,20:01,20:04,20:07,20:09,20:11,20:14,20:19,,,,
90022,,,,,,,,,19:11,19:16,19:19,19:24,,19:28,19:33,,,,19:42,,,19:48,,,,19:55,,,,20:03,,,,
94002,,,,,,,,,19:13,19:21,19:24,19:28,19:30,19:33,19:37,19:40,19:43,19:46,19:50,19:53,19:56,20:00,20:02,20:05,20:08,20:11,20:13,20:15,20:18,20:23,,,,
94004,,,,,,,,,19:16,19:25,19:28,19:32,19:34,19:37,19:41,19:44,19:47,19:50,19:54,19:57,20:00,20:04,20:06,20:09,20:12,20:15,20:17,20:19,20:22,20:26,,,,
90002,,18:39,18:46,18:51,18:56,19:02,19:07,19:11,19:17,,,,,,,,,,,,,,,,,,,,,,,,,
90004,,18:45,18:52,18:58,19:03,19:08,19:13,19:17,19:23,,,,,,19:39,,,,19:48,,,19:54,,,,,,,,,,,,
90006,,,,,,,,,19:21,19:28,19:31,19:35,19:37,19:40,19:44,19:47,19:50,19:53,19:57,20:00,20:03,20:07,20:09,20:12,20:15,20:18,20:20,20:22,20:25,20:30,,,,
90008,,18:55,,19:04,,19:12,,,19:20,,,,,,19:35,,,,19:45,,,19:51,,,,19:58,,,,20:07,,,,
90010,,,,,,,,,,,,,,,19:48,19:52,19:55,19:58,20:02,20:05,20:08,20:12,20:14,20:17,20:20,20:23,20:25,20:27,20:30,20:33,,,,
90012,,,,,,,,,19:25,,,,,,19:50,,,,19:59,,,20:05,,,,20:12,,,,20:20,,,,
90014,,,,,,,,,19:26,,,,,,19:42,,,,19:51,,,19:57,,,,20:04,,,,20:13,,,,
90016,,,,,,,,,19:27,19:35,19:38,19:42,19:44,19:47,19:53,19:57,20:00,20:03,20:07,20:10,20:13,20:17,20:19,20:22,20:25,20:28,20:30,20:32,20:34,20:39,,,,
90018,,,,,,,,,19:33,19:40,19:43,19:46,19:48,19:51,19:56,20:00,20:03,20:06,20:10,20:13,20:16,20:20,20:22,20:25,20:28,20:31,20:33,20:35,20:38,20:43,,,,
90020,,18:55,,19:09,,19:17,,,19:29,,,,,,19:45,,,,19:54,,,20:00,,,,20:07,,,,20:16,,,,
90022,,,,,,19:23,19:29,19:34,19:38,,,,,,19:53,,,,20:01,,,20:06,,,,20:14,,,,20:23,,,,
94002,,19:07,19:13,19:18,19:23,19:29,19:35,19:40,19:47,19:52,19:55,19:58,20:00,20:03,20:09,,,,,,,,,,,,,,,,,,,
94004,,,,,,,,,,,,,,,20:01,20:06,20:09,20:12,20:16,20:19,20:22,20:26,20:28,20:31,20:34,20:37,20:39,20:41,20:44,20:49,,,,
90002,,,,,,,,,19:43,19:48,19:51,19:54,19:56,19:59,20:04,20:09,20:12,20:15,20:19,20:22,20:25,20:29,20:31,20:34,20:37,20:40,20:42,20:44,20:47,20:53,,,,
90004,,19:11,19:17,19:22,19:28,19:34,19:39,19:43,19:48,,,,,,20:02,,,,20:11,,,20:17,,,,20:24,,,,20:33,,,,
90006,,,,,,,,,,,,19:59,20:02,20:05,20:09,20:13,20:16,20:19,20:24,20:27,20:30,20:34,20:36,20:39,20:42,20:45,20:47,20:49,20:52,20:55,,,,
90008,,,,,,,,,19:49,19:55,19:58,20:02,20:04,20:07,20:12,20:16,20:19,20:22,20:27,20:30,20:33,20:37,20:39,20:42,20:45,20:48,20:50,20:52,20:55,20:58,,,,
90010,,,,,,,,,19:52,19:59,20:02,20:05,20:07,20:10,20:15,20:19,20:22,20:25,20:30,20:33,20:36,20:40,20:42,20:45,20:48,20:51,20:53,20:55,20:58,21:01,,,,
90012,,19:15,19:22,19:27,19:32,19:38,19:43,19:47,19:51,,,,,,20:06,,,,20:14,,,20:20,,,,20:27,20:29,20:31,20:34,20:37,,,,
90014,,,,,,,,,19:57,20:02,20:05,20:08,20:10,20:13,20:18,20:22,20:25,20:28,20:33,20:36,20:39,20:43,20:45,20:48,20:51,20:54,20:56,20:58,21:01,21:05,,,,
90016,,,,19:30,19:35,19:41,19:46,19:51,19:55,20:05,20:08,20:11,20:13,20:16,20:22,,,,,,,,,,,,,,,,,,,
90018,,19:24,,19:34,,19:44,,,19:54,,,,,,20:10,,,,20:19,,,20:25,,,,20:32,20:34,20:36,20:39,20:43,,,,
90020,,,,,,,,,20:02,20:08,20:11,20:14,20:16,20:19,20:24,20:28,20:31,20:34,20:38,20:41,20:44,20:47,20:49,20:52,20:55,20:58,21:00,21:02,21:05,21:09,,,,
90022,,,,,,,,,20:04,20:11,20:14,20:17,20:19,20:22,20:27,20:32,20:35,20:38,20:42,20:45,20:48,20:52,20:54,20:57,21:00,21:03,21:05,21:07,21:10,21:14,,,,
94002,,,,,,,,,,,,20:16,20:20,20:24,20:29,20:33,20:36,20:39,20:45,20:48,20:51,20:55,20:57,21:00,21:03,21:06,21:08,21:10,21:13,21:17,,,,
94004,,19:26,19:32,19:37,19:42,19:48,19:53,19:58,20:05,,,,,,20:19,,,,20:28,,,20:35,,,,,,,,,,,,
90002,,19:28,,19:39,,19:48,,,19:57,,,,,,20:11,,,,,,,,,,,,,,,,,,,
90004,,19:30,19:36,19:41,19:46,19:52,19:57,20:01,20:10,,,,,,,,,,,,,,,,,,,,,,,,,
90006,,,,,,19:55,20:00,20:04,20:10,,,,,,20:24,,,,20:33,,,20:39,,,,,20:48,20:50,20:53,21:00,,,,20:46
90008,,,,,,,,,20:11,20:17,20:20,20:23,20:25,20:28,20:33,20:38,20:41,20:44,20:48,20:51,20:54,20:58,21:00,21:03,21:06,,21:11,21:13,21:16,21:22,,,,21:09
90010,,19:37,19:44,19:49,19:54,20:00,20:06,20:10,20:16,,,,,,,,,,,,,,,,,,,,,,,,,
90012,,,,,,,,,20:16,20:22,20:25,20:28,,20:33,20:38,,,,20:48,,,20:55,,,,,21:04,21:06,21:09,21:13,,,,21:02
90014,,19:43,19:49,19:54,19:58,20:04,20:09,20:13,20:19,,,,,,20:35,,,,20:44,,,20:50,,,,,20:59,21:01,21:04,21:08,,,,20:57
90016,,,,,,,,,,,,20:29,20:32,20:35,20:39,20:43,20:46,20:49,20:54,20:57,21:00,21:04,21:06,21:09,21:12,,21:17,21:19,21:22,21:26,,,,21:15
90018,,,,,,,,,20:20,20:26,20:29,20:32,20:34,20:37,20:42,20:46,20:49,20:52,20:57,21:00,21:03,21:07,21:09,21:12,21:15,,21:20,21:22,21:25,21:29,,,,21:18
90020,,19:49,,20:00,,20:10,,,20:24,,,,,,20:40,,,,,,,,,,,,,,,,,,,
90022,,,,,,,,,20:23,20:29,20:32,20:35,20:37,20:40,20:45,20:49,20:52,20:55,21:00,21:03,21:06,21:10,21:12,21:15,21:18,,21:23,21:25,21:28,21:32,,,,21:21
94002,,19:51,19:57,20:02,20:06,20:12,20:17,20:21,20:26,,,,,,20:41,,,,20:51,,,20:57,,,,,21:06,21:08,21:11,21:19,,,,21:04
94004,,19:55,20:01,20:06,20:10,20:16,20:21,20:25,20:30,,,,,,20:45,,,,20:55,,,21:02,,,,,,,,,,,,
90002,,,,,,,,,20:30,20:35,20:38,20:41,20:43,20:46,20:50,20:55,20:58,21:01,21:05,21:08,21:11,21:15,21:17,21:20,21:23,,21:28,21:30,21:33,21:36,,,,
90004,,19:55,20:01,20:06,20:10,20:16,20:21,20:25,20:31,,,,,,,,,,,,,,,,,,,,,,,,,
90006,,,,,,,,,20:34,20:39,20:42,20:45,20:47,20:50,20:54,20:58,21:01,21:04,21:08,21:11,21:14,21:18,21:20,21:23,21:26,,21:31,21:33,21:36,21:41,,,,21:29
90008,,,,,,,,,,,,20:46,20:49,20:52,20:56,21:00,21:03,21:06,21:11,21:14,21:17,21:21,21:23,21:26,21:29,,21:34,21:36,21:39,21:44,,,,21:32
90010,,,,,,,,,,,,,,,,,,,21:14,21:18,21:21,21:25,21:27,21:30,21:33,,21:38,21:40,21:43,21:47,,,,21:36
90012,,,,,,20:20,20:27,20:32,20:37,20:42,20:46,20:49,20:51,20:54,20:59,,,,,,,,,,,,,,,,,,,
90014,,,,,,,,,20:41,20:47,20:50,20:53,20:55,20:58,21:03,21:07,21:10,21:13,21:18,21:21,21:24,21:28,21:30,21:33,21:36,,21:41,21:43,21:46,21:50,,,,21:39
90016,,20:07,20:14,20:19,20:23,20:29,20:34,20:39,20:45,,,,,,20:58,,,,21:06,,,21:14,,,,,,,,,,,,
90018,,20:16,,20:24,,20:32,,,20:40,,,,,,20:53,,,,21:02,,,21:08,,,,,21:17,21:19,21:22,21:27,,,,21:15
90020,,,,,,20:36,20:42,20:46,20:50,,,,,,21:03,,,,21:12,,,21:18,,,,,21:27,21:29,21:32,21:36,,,,21:25
90022,,20:13,20:20,20:25,20:31,20:37,20:42,20:47,20:53,,,,,,21:07,,,,21:16,,,21:22,,,,,21:31,21:33,21:36,21:40,,,,21:29
94002,,,,,,,,,,,,20:57,21:00,21:03,21:07,21:11,21:14,21:17,21:22,21:25,21:28,21:33,21:35,21:38,21:41,,21:46,21:48,21:51,21:55,,,,21:44
94004,,,,,,,,,20:46,20:53,20:56,21:00,,21:05,21:10,,,,21:20,,,21:26,,,,,21:35,21:37,21:40,21:46,,,,21:33
90002,,,,,,,,,20:50,20:57,21:00,21:03,21:05,21:08,21:15,21:19,21:22,21:25,21:30,21:33,21:36,21:40,21:42,21:45,21:48,21:51,21:53,21:55,21:58,22:01,,,,
90004,,,,,,,,,20:59,21:05,21:08,21:11,21:13,21:16,21:21,21:24,21:27,21:30,21:34,21:37,21:40,21:44,21:46,21:49,21:52,21:55,21:57,21:59,22:02,22:05,,,,
90006,,,,,,,,,,,,21:11,21:14,21:17,21:21,21:25,21:28,21:31,21:37,21:40,21:43,21:47,21:49,21:52,21:55,21:58,22:00,22:02,22:05,22:08,,,,
90008,,20:17,20:24,20:30,20:35,20:41,20:46,20:51,20:56,21:01,21:04,21:07,21:09,21:12,21:18,,,,,,,,,,,,,,,,,,,
90010,,20:24,20:31,20:37,20:43,20:49,20:55,20:59,21:05,,,,,,,,,,,,,,,,,,,,,,,,,
90012,,,,,,,,,21:03,21:09,21:12,21:15,21:17,21:20,21:25,21:29,21:32,21:35,21:39,21:42,21:45,21:49,21:51,21:54,21:57,22:00,22:02,22:04,22:07,22:12,,,,
90014,,20:29,20:36,20:41,20:46,20:52,20:57,21:01,21:06,,,,,,21:20,,,,21:30,,,21:36,,,,21:43,21:45,21:47,21:50,21:53,,,,
90016,,,,,,,,,21:09,21:15,21:18,21:21,21:23,21:26,21:31,21:34,21:37,21:40,21:45,21:48,21:51,21:55,21:57,22:00,22:03,22:06,22:08,22:10,22:13,22:17,,,,
90018,,20:35,20:42,20:47,20:51,20:57,21:02,21:06,21:11,,,,,,21:24,,,,21:34,,,21:40,,,,21:47,21:49,21:51,21:54,21:57,,,,
90020,,,,,,,,,21:12,21:18,21:21,21:24,21:26,21:29,21:35,21:39,21:42,21:45,21:50,21:53,21:56,22:00,22:02,22:05,22:08,22:11,22:13,22:15,22:18,22:22,,,,
90022,,,,,,,,,21:16,21:21,21:24,21:27,21:29,21:32,21:38,21:42,21:45,21:48,21:53,21:56,21:59,22:03,22:05,22:08,22:11,22:14,22:16,22:18,22:21,22:25,,,,
94002,,,,,,,,,,,,21:32,21:35,21:38,21:42,21:46,21:49,21:53,21:59,22:02,22:05,22:09,22:11,22:14,22:17,22:20,22:22,22:24,22:27,22:30,,,,
94004,,20:43,20:49,20:54,20:58,21:04,21:09,21:13,21:19,21:23,21:26,21:29,21:31,21:34,21:41,,,,,,,,,,,,,,,,,,,
90002,,,,,,,,,21:24,21:29,21:32,21:35,21:37,21:40,21:47,21:51,21:54,21:57,22:02,22:05,22:08,22:12,22:14,22:17,22:20,22:23,22:25,22:27,22:30,22:33,,,,
90004,,20:48,20:55,21:00,21:05,21:11,21:16,21:20,21:25,,,,,,21:38,,,,21:47,,,21:53,,,,22:00,22:02,22:04,22:07,22:12,,,,
90006,,21:00,,21:08,,21:15,,,21:23,,,,,,21:36,,,,21:45,,,21:51,,,,21:58,22:00,22:02,22:05,22:09,,,,
90008,,,,,,,,,21:28,,,,,,21:42,,,,21:52,,,21:58,,,,22:05,22:07,22:09,22:12,22:16,,,,
90010,,,,,,,,,21:32,21:37,21:40,21:43,21:45,21:48,21:52,21:56,21:59,22:02,22:07,22:10,22:13,22:17,22:19,22:22,22:25,22:28,22:30,22:32,22:35,22:39,,,,
90012,,,,,,,,,21:36,21:41,21:44,21:47,21:49,21:52,21:57,22:00,22:03,22:06,22:10,22:13,22:16,22:20,22:22,22:25,22:28,22:31,22:33,22:35,22:38,22:42,,,,
90014,,,,,,,,,21:40,21:45,21:48,21:51,21:53,21:56,22:00,22:03,22:06,22:09,22:13,22:16,22:19,22:23,22:25,22:28,22:31,22:34,22:36,22:38,22:41,22:45,,,,
90016,,20:58,21:04,21:10,21:15,21:21,21:26,21:31,21:36,,,,,,21:50,,,,22:00,,,22:06,,,,22:13,22:15,22:17,22:20,22:24,,,,
90018,,21:03,21:10,21:16,21:22,21:28,21:33,21:38,21:42,,,,,,21:56,,,,,,,,,,,,,,,,,,,
90020,,,,,,,,,21:44,21:49,21:52,21:55,21:57,22:00,22:05,22:09,22:12,22:15,22:20,22:23,22:26,22:30,22:32,22:35,22:38,22:41,22:43,22:45,22:48,22:52,,,,
90022,,,,21:19,21:25,21:31,21:36,21:41,21:46,21:51,21:54,21:57,21:59,22:02,22:08,,,,,,,,,,,,,,,,,,,
94002,,21:07,21:13,21:19,21:26,21:32,21:38,21:42,21:47,,,,,,22:01,,,,22:10,,,22:16,,,,22:23,22:25,22:27,22:30,22:35,,,,
94004,,21:16,21:22,21:27,21:31,21:37,21:43,21:48,21:53,,,,,,22:06,,,,22:14,,,22:19,,,,22:26,22:28,22:30,22:33,22:38,,,,
90002,,21:20,21:26,21:31,21:35,21:41,21:46,21:50,21:55,,,,,,,,,,,,,,,,,,,,,,,,,
90004,,,,,,,,,21:50,21:56,21:59,22:02,22:04,22:07,22:13,22:17,22:20,22:23,22:28,22:31,22:34,22:38,22:40,22:43,22:46,22:49,22:51,22:53,22:56,23:00,,,,
90006,,,,,,,,,21:56,22:01,22:04,22:07,22:09,22:12,22:18,22:22,22:25,22:28,22:33,22:36,22:39,22:43,22:45,22:48,22:51,22:54,22:56,22:58,23:01,23:05,,,,
90008,,21:24,21:30,21:35,21:39,21:45,21:50,21:54,21:59,,,,,,22:13,,,,22:22,,,22:28,,,,22:35,22:37,22:39,22:42,22:47,,,,
90010,,,,,,,,,,,,22:12,22:15,22:18,22:22,22:26,22:29,22:32,22:37,22:40,22:43,22:47,22:49,22:52,22:55,22:58,23:00,23:02,23:05,23:09,,,,
90012,,,,,,,,,21:58,22:06,22:09,22:13,22:15,22:19,22:25,22:29,22:32,22:35,22:40,22:43,22:46,22:50,22:52,22:55,22:58,23:01,23:03,23:05,23:08,23:12,,,,
90014,,21:28,21:34,21:39,21:44,21:50,21:55,21:59,22:04,,,,,,22:20,,,,22:29,,,22:35,,,,22:42,22:44,22:46,22:49,22:52,,,,
90016,,21:32,21:38,21:43,21:47,21:53,21:58,22:02,22:07,,,,,,22:23,,,,22:33,,,22:39,,,,22:46,22:48,22:50,22:53,22:59,,,,
90018,,,,,,,,,22:08,22:14,22:17,22:20,22:22,22:25,22:30,22:33,22:36,22:39,22:43,22:46,22:49,22:53,22:55,22:58,23:01,23:04,23:06,23:08,23:11,23:15,,,,
90020,,21:36,21:42,21:48,21:53,21:59,22:04,22:09,22:13,22:17,22:20,22:23,22:25,22:28,22:33,,,,,,,,,,,,,,,,,,,
90022,,21:39,21:45,21:51,21:56,22:02,22:07,22:11,22:17,,,,,,22:31,,,,22:41,,,22:47,,,,22:54,22:56,22:58,23:01,23:05,,,,
94002,,,,,,,,,22:15,22:20,22:23,22:26,22:28,22:31,22:36,22:39,22:42,22:45,22:49,22:52,22:55,22:59,23:01,23:04,23:07,23:10,23:12,23:14,23:17,23:21,,,,
94004,,,,,,,,,22:22,22:27,22:30,22:33,22:35,22:38,22:43,22:46,22:49,22:52,22:56,22:59,23:02,23:06,23:08,23:11,23:14,23:17,23:19,23:21,23:24,23:30,,,,
90002,,21:44,21:50,21:55,21:59,22:05,22:10,22:14,22:21,,,,,,,,,,,,,,,,,,,,,,,,,
90004,,21:48,21:54,21:59,22:03,22:09,22:14,22:18,22:24,22:29,22:32,22:35,22:37,22:40,22:46,,,,,,,,,,,,,,,,,,,
90006,,21:52,21:59,22:04,22:09,22:15,22:20,22:24,22:29,,,,,,22:43,,,,22:52,,,22:58,,,,23:05,23:07,23:09,23:12,23:16,,,,
90008,,,,,,,,,22:30,22:35,22:38,22:41,22:43,22:46,22:51,22:54,22:57,23:00,23:04,23:07,23:10,23:14,23:16,23:19,23:22,23:25,23:27,23:29,23:32,23:36,,,,
90010,,21:58,22:04,22:09,22:14,22:19,22:24,22:28,22:32,,,,,,,,,,,,,,,,,,,,,,,,,
90012,,22:05,,,,,,,,,,,,,,,,,,,,,,,,,,,,,,,,
90014,,22:05,22:11,22:16,22:21,22:27,22:32,22:36,22:40,,,,,,22:52,,,,23:01,,,23:07,,,,23:14,23:16,23:18,23:21,23:27,,,,
90016,,22:07,,22:17,,22:25,,,22:35,,,,,,22:48,,,,22:57,,,23:03,,,,23:10,23:12,23:14,23:17,23:22,,,,
90018,,,,22:20,22:25,22:31,22:36,22:40,22:46,,,,,,,,,,,,,,,,,,,,,,,,,
90020,,,,,,,,,22:37,22:44,22:47,22:50,22:52,22:55,22:59,23:02,23:05,23:08,23:12,23:15,23:18,23:22,23:24,23:27,23:30,23:33,23:35,23:37,23:40,23:43,,,,
90022,,,,,,,,,22:43,22:49,22:52,22:55,22:57,23:00,23:06,23:10,23:13,23:16,23:20,23:23,23:26,23:30,23:32,23:35,23:38,23:41,23:43,23:45,23:48,23:51,,,,
94002,,22:14,22:20,22:25,22:29,22:35,22:40,22:44,22:49,,,,,,23:05,,,,23:15,,,23:21,,,,23:28,23:30,23:32,23:35,23:41,,,,
94004,,,,,,,,,22:49,22:56,22:59,23:02,23:04,23:07,23:12,23:15,23:18,23:21,23:25,23:28,23:31,23:34,23:36,23:39,23:42,23:45,23:47,23:49,23:52,23:56,,,,
90002,,22:18,22:24,22:30,22:35,22:41,22:46,22:50,22:54,23:00,23:03,23:06,23:08,23:11,23:17,,,,,,,,,,,,,,,,,,,
90004,,,,,,,,,22:58,23:04,23:07,23:10,23:12,23:15,23:21,23:25,23:28,23:31,23:36,23:39,23:42,23:46,23:48,23:51,23:54,23:57,23:59,00:01,00:04,00:08,,,,
90006,,,,,,,,,23:03,23:08,23:11,23:14,23:16,23:19,23:25,23:28,23:31,23:34,23:38,23:41,23:44,23:48,23:50,23:53,23:56,23:59,00:01,00:03,00:06,00:10,,,,
90008,,22:24,22:30,22:35,22:40,22:46,22:51,22:55,22:59,,,,,,23:13,,,,23:22,,,23:28,,,,23:35,23:37,23:39,23:42,23:47,,,,
90010,,22:33,22:39,22:44,22:48,22:54,22:59,23:03,23:07,23:11,23:14,23:17,23:19,23:22,23:29,,,,,,,,,,,,,,,,,,,
90012,,,,,,22:56,23:02,23:06,23:11,,,,,,,,,,,,,,,,,,,,,,,,,
90014,,,,,,,,,23:15,23:21,23:24,23:27,23:29,23:32,23:37,23:40,23:43,23:46,23:50,23:53,23:56,00:00,00:02,00:05,00:08,00:11,00:13,00:15,00:18,00:22,,,,
90016,,22:40,22:47,22:52,22:56,23:02,23:07,23:11,23:17,,,,,,23:33,,,,23:42,,,23:48,,,,23:55,23:57,23:59,00:02,00:05,,,,
90018,,22:44,22:51,22:56,23:00,23:06,23:11,23:15,23:21,,,,,,23:37,,,,,,,,,,,,,,,,,,,
90020,,,,,,,,,23:25,,,,,,23:40,,,,23:49,,,23:55,,,,00:02,00:04,00:06,00:09,00:13,,,,
90022,,,,,,,,,23:25,23:31,23:34,23:37,23:39,23:42,23:47,23:50,23:53,23:56,00:00,00:03,00:06,00:10,00:12,00:15,00:18,00:21,00:23,00:25,00:28,00:31,,,,
94002,,22:50,22:56,23:01,23:05,23:11,23:16,23:20,23:24,23:28,23:31,23:34,23:36,23:39,23:46,,,,,,,,,,,,,,,,,,,
90002,,22:55,23:01,23:07,23:12,23:18,23:23,23:27,23:32,,,,,,23:47,,,,23:56,,,00:02,,,,00:09,00:11,00:13,00:16,00:20,,,,
90004,,23:00,23:06,23:11,23:16,23:22,23:27,23:31,23:37,,,,,,,,,,,,,,,,,,,,,,,,,
90006,,,,,,,,,23:34,23:39,23:42,23:45,23:47,23:50,23:55,23:58,00:01,00:04,00:08,00:11,00:14,00:18,00:20,00:23,00:26,00:29,00:31,00:33,00:36,00:39,,,,
90008,,,,,,23:25,23:32,23:36,23:42,23:46,23:49,23:52,23:54,23:57,00:04,,,,,,,,,,,,,,,,,,,
90010,,23:15,23:21,23:26,23:31,23:37,23:42,23:46,23:50,,,,,,00:06,,,,00:16,,,00:22,,,,00:29,00:31,00:33,00:36,00:42,,,,
90012,,,,,,,,,23:48,23:53,23:56,23:59,00:01,00:04,00:09,00:12,00:15,00:18,00:22,00:25,00:28,00:32,00:34,00:37,00:40,00:43,00:45,00:47,00:50,00:53,,,,
90014,,23:20,23:26,23:31,23:36,23:42,23:47,23:51,23:55,,,,,,,,,,,,,,,,,,,,,,,,,
90016,,23:30,23:36,23:41,23:45,23:51,23:56,00:00,00:05,00:10,00:13,00:16,00:18,00:21,00:25,00:28,00:31,00:34,00:38,00:41,00:44,00:48,00:50,00:53,00:56,00:59,01:01,01:03,01:06,01:10,,,,
90018,,,,,,,,,00:10,00:14,00:17,00:20,00:22,00:25,00:30,00:33,00:36,00:39,00:43,00:46,00:49,00:53,00:55,00:58,01:01,01:04,01:06,01:08,01:11,01:15,,,,
90020,,23:40,23:46,23:51,23:55,00:01,00:06,00:10,00:15,00:19,00:22,00:25,00:27,00:30,00:37,,,,,,,,,,,,,,,,,,,
90022,,23:49,23:55,00:00,00:04,00:09,00:14,00:18,00:22,00:26,00:29,00:32,00:34,00:37,00:41,00:44,00:47,00:50,00:54,00:57,01:00,01:04,01:06,01:09,01:12,01:15,01:17,01:19,01:22,01:26,,,,
94002,,,,,,,,,00:30,00:35,00:38,00:41,00:43,00:46,00:50,00:53,00:56,00:59,01:03,01:06,01:09,01:13,01:15,01:18,01:21,01:24,01:26,01:28,01:31,01:35,,,,
94004,,23:50,,,,,,,,,,,,,,,,,,,,,,,,,,,,,,,,
90002,,23:57,00:03,00:08,00:12,00:18,00:23,00:27,00:32,,,,,,,,,,,,,,,,,,,,,,,,,
90004,,00:05,00:11,00:16,00:20,00:26,00:31,00:35,00:39,00:43,00:46,00:49,00:51,00:54,01:00,01:03,01:06,01:09,01:13,01:16,01:19,01:23,01:25,01:28,01:31,01:34,01:36,01:38,01:41,01:45,,,,
