TRAIN,Churchgate,Marine Lines,Charni Road,Grant Road,Mumbai Central,Mahalaxmi,Lower Parel,Elphinstone Road,Dadar,Matunga Road,Mahim Jn,Bandra,Khar Road,Santa Cruz,Vile Parle,Andheri,Jogeshwari,Ram Mandir,Goregaon,Malad,Kandivali,Borivali,Dahisar,Mira Road,Bhayandar,Naigaon,Vasai Road,Nallasopara,Virar
94001,,,,,,,,,,,,,,,,,,,,,,05:07,05:11,05:16,05:21,05:27,05:32,05:37,05:45
94003,,,,,,05:35,05:59,05:42,05:45,05:47,05:50,05:54,05:57,05:59,06:02,06:08,06:12,06:15,06:17,06:21,06:24,06:30,,,,,,,
94005,05:40,05:43,05:45,05:48,05:50,05:53,05:56,05:59,06:01,06:03,06:06,06:11,06:14,06:16,06:19,06:24,06:27,06:30,06:32,06:36,06:39,06:45,,,,,,,
94007,,,,,,,,,,,,,,,,,,,,,,,,,07:27,,,,07:52
94111,06:14,06:17,06:19,06:22,06:24,06:27,06:30,06:33,06:35,06:37,06:40,06:44,06:47,06:49,06:52,06:57,07:00,07:03,07:05,07:09,07:12,07:19,,,,,,,
94107,,,,,,06:39,06:42,06:45,06:47,06:49,06:52,06:56,06:59,07:01,07:04,07:10,07:14,07:17,07:19,07:23,07:26,07:34,,,,,,,
94009,06:35,06:39,06:41,06:44,06:46,06:49,06:52,06:55,06:57,06:59,07:02,07:06,07:09,07:12,07:15,07:20,07:23,07:26,07:28,07:32,07:35,07:41,,,,,,,
94011,,,,,,06:57,07:00,07:03,07:05,07:07,07:10,07:13,07:16,07:19,07:22,07:27,07:30,07:33,07:35,07:39,07:42,07:47,07:51,07:56,08:01,08:06,08:11,08:16,08:23
94123,06:55,06:58,07:00,07:03,07:05,07:08,07:11,07:14,07:16,07:18,07:21,07:25,07:28,07:30,07:33,07:39,07:42,07:45,07:47,07:51,07:54,08:00,,,,,,,
94109,,,,,,,,,,,,,,,,,,,,,,07:37,,,07:52,,,,
94013,07:29,07:32,07:34,07:37,07:39,,,,07:46,,,07:52,,,,08:00,,,,,,08:16,,,,,,,
94015,07:36,07:39,07:41,07:44,07:46,,,,07:53,,,07:59,,,,08:07,,,,,,08:21,08:25,08:30,08:35,08:41,08:46,08:51,08:58
94017,07:54,07:57,07:59,08:02,08:04,,,,08:11,,,08:16,,,,08:24,,,,,,08:40,08:44,08:49,08:53,08:59,09:04,09:09,09:15
94029,10:24,10:27,10:29,10:32,10:34,10:37,10:40,10:43,10:45,10:47,10:50,10:54,10:57,11:00,11:03,11:09,11:12,11:15,11:17,11:21,11:24,11:31,,,,,,,
94115,11:30,11:33,11:35,11:38,11:40,,,,11:47,,,11:53,,,,12:03,,,,,,12:16,12:20,12:25,12:31,,,,
94039,11:48,11:51,11:53,11:56,11:58,,,,12:05,,,12:10,,,,12:18,,,,,,12:28,12:33,12:38,12:43,12:49,12:53,12:59,13:08
94041,12:16,12:19,12:21,12:24,12:26,,,,12:33,,,12:38,,,,12:46,,,,,,13:01,,,13:09,,13:17,,13:27
94043,12:29,12:32,12:34,12:37,12:39,,,,12:46,,,12:52,,,,13:03,,,,,,13:18,,,13:27,,13:36,,13:46
94045,12:34,12:37,12:39,12:42,12:44,,,,12:51,,,12:57,,,,13:07,,,,,,13:21,13:27,13:32,13:37,13:43,13:48,13:53,13:59
94047,12:45,12:48,12:50,12:53,12:55,12:58,13:01,13:04,13:06,13:08,13:11,13:15,13:18,13:21,13:24,13:29,13:32,13:35,13:37,13:41,13:44,13:50,,,,,,,
94049,13:08,13:11,13:13,13:16,13:18,13:21,13:24,13:27,13:29,13:31,13:34,13:38,13:41,13:44,13:47,13:52,13:55,13:58,14:00,14:04,14:07,14:13,14:18,14:23,14:28,14:34,14:40,14:45,14:52
94117,13:52,13:55,13:57,14:00,14:02,14:05,14:08,14:11,14:13,14:15,14:18,14:22,14:25,14:28,14:31,14:36,14:39,14:42,14:44,14:48,14:51,14:56,15:01,15:07,15:12,15:18,15:23,15:29,15:36
94051,13:53,13:56,13:59,14:01,14:04,,,,14:12,,,14:18,,,,14:28,,,,,,14:41,,,14:50,,14:58,,15:08
94053,14:15,14:18,14:20,14:23,14:25,,,,14:32,,,14:38,,,,14:46,,,,,,14:59,15:05,15:10,15:17,,,,
94055,14:53,14:56,14:58,15:01,15:03,,,,15:10,,,15:16,,,,15:24,,,,,,15:38,15:42,15:46,15:51,15:57,16:01,16:06,16:15
94057,,,,,,,,,,,,,,,,,,,,,,15:44,15:50,15:55,16:00,16:06,16:11,16:16,16:25
94059,15:05,15:08,15:10,15:13,15:15,15:18,15:21,15:24,15:27,15:30,15:33,15:38,15:41,15:43,15:46,15:51,15:55,15:58,16:00,16:04,16:07,16:13,,,,,,,
94061,15:07,15:10,15:12,15:15,15:17,,,,15:24,,,15:30,,,,15:39,,,,,,15:53,15:57,16:02,16:07,16:13,16:18,16:23,16:30
94063,15:26,15:29,15:31,15:34,15:36,,,,15:44,,,15:49,,,,15:57,,,,,,16:09,16:13,16:18,16:23,16:29,16:33,16:38,16:45
94065,15:32,15:35,15:37,15:40,15:42,,,,15:50,,,15:55,,,,16:03,,,,,,16:17,16:23,16:28,16:35,,,,
94129,,,,,,16:30,16:33,16:36,16:38,16:40,16:43,16:47,16:50,16:53,16:56,17:01,17:04,17:07,17:09,17:13,17:16,17:23,,,,,,,
94067,16:39,16:42,16:44,16:47,16:49,,,,16:56,,,17:01,,,,17:10,,,,,,17:24,17:30,17:35,17:40,17:46,17:51,17:56,18:04
94069,,,,,,,,,,,,,,,,17:25,,,,,,17:39,17:44,17:49,17:54,18:00,18:05,18:11,18:20
94071,17:03,17:06,17:08,17:11,17:15,,,,17:23,,,17:30,,,,17:38,,,,,,17:52,17:57,18:01,18:06,18:11,18:16,18:21,18:28
94073,17:15,17:18,17:20,17:23,17:25,,,,17:33,,,17:40,,,,17:48,,,,,,18:02,,,,,,,
94075,17:50,17:53,17:55,17:58,18:00,,,,18:08,,,18:13,,,,18:23,,,,,,18:38,,,,,,,
94119,17:57,18:00,18:02,18:05,18:07,18:10,18:13,18:16,18:18,18:20,18:23,18:27,18:30,18:33,18:36,18:41,18:45,18:48,18:51,,,,,,,,,,
94077,18:06,18:09,18:11,18:14,18:16,,,,18:26,,,18:32,,,,18:42,,,,,,18:56,19:01,19:06,19:13,,,,
94079,18:22,18:25,18:27,18:30,18:32,,,,18:39,,,18:45,,,,18:54,,,,,,19:08,19:12,19:17,19:22,19:28,19:33,19:39,19:46
94081,18:28,18:31,18:33,18:36,18:38,,,,18:45,,,18:51,,,,19:00,,,,,,19:16,19:21,19:26,19:31,19:36,19:41,19:46,19:56
94131,18:38,18:41,18:43,18:46,18:48,18:51,18:54,18:57,18:59,19:01,19:04,19:08,19:12,19:16,19:20,19:25,19:29,19:32,19:34,19:38,19:41,19:47,19:51,19:56,20:03,,,,
94083,19:00,19:03,19:05,19:08,19:10,,,,19:18,,,19:23,,,,19:31,,,,,,19:43,19:48,19:53,19:58,20:04,20:09,20:14,20:22
94085,,,,,,,,,19:38,,,19:45,,,,19:54,,,,,,20:12,20:16,20:21,20:27,,,,
94087,,,,,,,,,,,,19:52,19:56,19:59,20:02,20:07,20:10,20:13,20:15,20:20,20:23,20:28,20:33,20:38,20:43,,,,
94089,19:43,19:46,19:48,19:51,19:53,,,,20:01,,,20:06,,,,20:15,,,,,,20:32,20:36,20:41,20:46,20:52,20:57,21:02,21:09
94091,19:58,20:01,20:03,20:06,20:08,,,,20:15,,,20:21,,,,20:31,,,,,,20:45,20:49,20:54,20:59,21:05,21:10,21:15,21:21
94121,20:07,20:10,20:12,20:15,20:17,20:20,20:23,20:26,20:28,20:30,20:33,20:37,20:40,20:42,20:45,20:51,20:55,20:58,21:02,,,,,,,,,,
94093,20:27,20:30,20:32,20:35,20:37,,,,20:44,,,20:49,,,,20:58,,,,,,21:14,21:19,21:24,21:29,21:34,21:39,21:45,
94133,,,,,,,,,,,,,,,,21:08,21:12,21:15,21:17,21:21,21:24,21:30,21:35,21:40,21:45,21:51,21:58,,
94095,,,,,,,,,21:19,,,21:26,,,,21:35,,,,,,21:52,21:58,22:03,22:08,22:14,22:20,22:25,22:32
94097,21:23,21:26,21:28,21:31,21:33,21:36,21:39,21:42,21:44,21:46,21:49,21:53,21:56,21:58,22:01,22:07,22:10,22:13,22:15,22:19,22:22,22:28,22:32,22:37,22:43,,,,
94099,21:51,21:54,21:56,21:59,22:01,,,,22:08,,,22:14,,,,22:22,22:25,,22:29,22:34,,,,,,,,,
94101,21:57,22:00,22:02,22:05,22:07,,,,22:14,,,22:20,,,,22:29,,,,,,22:45,22:50,22:55,23:00,23:06,23:11,23:16,23:22
94103,,,,,,,,,,,,,,,,,,,,,,23:19,23:24,23:29,23:34,23:40,23:45,23:50,23:56
94105,,,,,,,,,,,,,,,,23:55,,,,,,00:10,00:13,00:18,00:25,,,,
