TRAIN,,CHURCHGATE,Marine Lines,Charni Road,Grant Road,M'BAI CENTRAL (L),Mahalakshmi,Lower Parel,Prabhadevi,DADAR,Matunga Road,Mahim Jn.,BANDRA,Khar Road,Santa Cruz,Vile Parle,ANDHERI,Jogeshwari,Ram Mandir,Goregaon,Malad,Kandivli,BORIVALI,Dahisar,Mira Road,Bhayandar,Naigaon,Vasai Road,Nalla Sopara,VIRAR,M'BAI CENTRAL (,M'BAI CENTRAL (L,M'BAI CENTRAL,_1,_2
93001,,,,,,,,,,,,,,,,,,,,,,,,,,,,,,04:50,,,,,
90001,,,,,,,,,,,,,04:05,04:09,04:12,04:15,04:20,04:23,04:26,04:28,04:32,04:35,04:42,,,,,,,,,,,,
92001,,,,,,,,,,,,,,,,,,,,,,,04:40,04:45,04:49,04:54,04:59,05:04,05:09,05:15,,,,,
92003,,,,,,,,,,,,,,,,,04:25,04:29,04:32,04:34,04:38,04:41,04:46,04:50,04:55,05:00,05:06,05:11,05:16,05:23,,,,,
90003,,,,,,,,,,,,,,,,,,,,,,,,,,05:08,05:14,05:19,05:24,05:31,,,,,
92005,,,,,,,,,,,,,,,,,04:40,04:44,04:47,04:49,04:53,04:56,05:01,05:05,05:10,05:15,05:21,05:26,05:31,05:38,,,,,
93003,,,,,,,,,,,,,,,,,,,,,,,,,,,,,,05:35,,,,,
90007,,,,,,,,,,,,,,,,,,,,,,,04:56,05:00,05:05,05:10,05:16,05:21,05:26,05:39,,,,,
94001,,,,,,,,,,,,,04:30,04:34,04:37,04:40,04:45,04:48,,04:53,04:58,05:01,05:06,05:11,05:16,05:21,,,,,,,,,
90009,,,,,,,,,,,,,,,,,,,,,,,05:07,05:11,05:16,05:21,05:27,05:32,05:37,05:45,,,,,
90011,,,,,,,,,,,,,,,,,,,,,,,,,,05:25,05:31,05:36,05:41,05:48,,,,,
90013,,04:15,04:18,04:20,04:23,04:25,04:28,04:31,04:34,04:36,04:38,04:41,04:45,04:48,04:50,04:53,04:58,05:01,,05:06,05:10,05:13,05:20,05:24,05:29,05:34,05:40,05:45,05:50,05:58,,,,,
90015,,,,,,,,,,,,,,,,,,,,,,,05:21,05:25,05:30,05:35,05:41,05:48,,,,,,,
93001,,04:18,04:21,04:23,04:26,,04:31,04:34,04:37,04:39,04:41,04:44,04:48,04:51,04:53,04:56,05:01,05:04,05:07,05:09,05:13,05:16,05:22,,,,,,,,,,,,
90001,,,,,,,,,,,,,04:55,04:58,05:00,05:03,05:08,05:12,05:15,05:17,05:21,05:24,05:30,,,,,,,,,,,,
92001,,04:38,04:41,04:43,04:46,,04:51,04:54,04:57,04:59,05:01,05:04,05:08,05:11,05:13,05:16,05:22,05:25,05:28,05:30,05:34,05:37,05:44,,,,,,,,04:48,,,,
92003,,04:40,04:43,04:45,04:48,,,,,04:57,,,05:03,,,,05:12,,,,,,05:26,05:30,05:35,05:40,05:45,05:50,05:55,06:02,04:50,,,,
90003,,,,,,,,,,,,,,,,,,,,,,,,,,05:45,05:52,05:57,06:02,06:11,,,,,
92005,,04:46,04:49,04:51,04:54,,04:59,05:02,05:05,05:07,05:09,05:12,05:16,05:19,05:21,05:24,05:28,05:31,05:34,05:36,05:40,05:43,05:49,,,,,,,,04:56,,,,
93003,,,,,,,,,,,,,05:20,05:23,05:25,05:28,05:33,05:36,05:39,05:41,05:45,05:48,05:55,,,,,,,,,,,,
90007,,04:55,04:58,05:00,05:03,,05:08,05:11,05:14,05:16,05:18,05:21,05:25,05:28,05:30,05:33,05:37,05:40,05:43,05:45,05:49,05:52,05:58,,,,,,,,05:05,,,,
94001,,,,,,,,,,05:15,,,05:22,,,,05:32,,,,,,05:45,05:50,05:54,05:59,06:04,06:09,06:14,06:20,,,,,
90009,,05:03,05:06,05:09,05:11,,,,,05:20,,,05:27,,,,05:36,,,,,,05:49,,,05:58,,06:05,,06:15,05:13,,,,
90011,,05:00,05:03,05:05,05:08,,05:13,05:16,05:19,05:21,05:23,05:26,05:30,05:33,05:35,05:38,05:43,05:46,05:49,05:51,05:55,05:58,06:05,,,,,,,,05:10,,,,
90013,,05:07,05:10,05:12,05:15,,,,,05:24,,,05:30,,,,05:40,,,,,,05:54,05:58,06:02,06:07,06:12,06:17,06:22,06:30,05:17,,,,
90015,,,,,,,,,,,,,,,,,,,,,,,,,,06:08,06:15,06:21,06:26,06:34,,,,,
93001,,,,,,,05:17,05:21,05:24,05:26,05:28,05:31,05:35,05:39,05:41,05:44,05:49,05:52,05:55,05:57,06:01,06:04,06:11,,,,,,,,,,,,
90001,,,,,,,,,,,,,05:40,05:45,05:47,05:50,05:56,05:59,06:02,06:04,06:08,06:11,06:17,,,,,,,,,,,,
92001,,05:15,05:18,05:20,05:23,05:25,,,,05:32,,,05:37,,,,05:45,,,,,,05:58,06:02,06:07,06:12,06:18,06:23,06:28,06:38,,,,,
92003,,,,,,,,,,,,,,,,,,,,,,,06:03,06:09,06:13,06:18,06:24,06:31,,,,,,,
90003,,05:15,05:18,05:20,05:23,05:25,05:28,05:31,05:34,05:36,05:38,05:41,05:45,05:48,05:50,05:53,05:58,06:01,06:04,06:06,06:10,06:13,06:19,,,,,,,,,,,,
92005,,05:19,05:22,05:24,05:27,05:29,05:31,05:34,05:37,05:39,05:41,05:44,05:48,05:51,05:54,05:57,06:02,06:05,06:08,06:13,,,,,,,,,,,,,,,
93003,,05:23,05:26,05:28,05:31,05:33,,,,05:40,,,05:45,,,,05:54,,,,,,06:07,06:11,06:16,06:21,06:26,06:31,06:36,06:43,,,,,
90007,,,,,,,,,,,,,,,,,,,,,,,06:16,06:21,06:26,06:31,06:37,06:42,06:47,06:56,,,,,
94001,,,,,,,,,,,,,,,,,06:05,06:09,06:12,06:14,06:18,06:21,06:27,06:32,06:37,06:42,06:48,06:53,06:58,07:05,,,,,
90009,,,,,,,05:35,05:39,05:42,05:45,05:47,05:50,05:54,05:57,05:59,06:02,06:08,06:12,06:15,06:17,06:21,06:24,06:30,,,,,,,,,,,,
90011,,05:28,05:31,05:33,05:36,05:38,05:41,05:44,05:47,05:49,05:52,05:55,05:59,06:02,06:04,06:07,06:12,06:15,06:18,06:20,06:24,06:27,06:33,,,,,,,,,,,,
90013,,05:29,05:32,05:34,05:37,05:39,,,,05:46,,,05:51,,,,06:00,,,,,,06:12,06:17,06:22,06:27,06:33,06:38,06:43,06:53,,,,,
90015,,05:36,05:39,05:41,05:44,05:48,,,,05:57,,,06:02,,,,06:11,,,,,,06:24,06:29,06:33,06:38,06:43,06:50,,,,,,,
93001,,,,,,,05:45,05:48,05:51,05:53,05:55,05:58,06:02,06:05,06:07,06:10,06:15,06:18,06:21,06:23,06:27,06:30,06:36,,,,,,,,,,,,
90001,,,,,,,,,,,,,,,,,,,,,,,06:36,06:41,06:46,06:50,06:56,07:01,07:06,07:13,,,,,
92001,,05:36,05:39,05:41,05:44,05:46,05:49,05:52,05:55,05:57,05:59,06:02,06:06,06:09,06:11,06:14,06:19,06:22,06:25,06:27,06:31,06:34,06:41,,,,,,,,,,,,
92003,,05:40,05:43,05:45,05:48,05:50,05:53,05:56,05:59,06:01,06:03,06:06,06:11,06:14,06:16,06:19,06:24,06:27,06:30,06:32,06:36,06:39,06:45,,,,,,,,,,,,
90003,,,,,,,,,,,,,06:15,06:18,06:20,06:23,06:28,06:31,06:34,06:36,06:39,06:42,06:49,,,,,,,,,,,,
92005,,05:52,05:55,05:58,06:01,06:05,,,,06:13,,,06:18,,,,06:26,,,,,,06:39,,,06:47,,06:54,,07:04,,,,,
93003,,,,,,,,,,,,,,,,,,,,,,,06:51,06:54,06:59,07:04,07:10,07:15,07:20,07:27,,,,,
90007,,,,,,,06:03,06:06,06:09,06:11,06:13,06:16,06:20,06:23,06:25,06:28,06:33,06:36,06:39,06:41,06:45,06:48,06:55,,,,,,,,,,,,
94001,,05:56,05:59,06:01,06:04,06:06,06:09,06:12,06:15,06:17,06:19,06:22,06:26,06:29,06:31,06:34,06:39,06:42,06:45,06:47,06:51,06:54,07:00,,,,,,,,,,,,
90009,,06:00,06:03,06:05,06:08,06:10,,,,06:17,,,06:22,,,,06:30,,,,,,06:42,06:47,06:52,06:57,07:02,07:08,07:13,07:22,,,,,
90011,,,,,,,,,,,,,,,,,,,,,,,07:04,,,,,07:25,,,,,,,
90013,,05:59,06:02,06:04,06:07,06:09,06:12,06:15,06:18,06:20,06:22,06:25,06:29,06:32,06:34,06:37,06:42,06:45,06:48,06:50,06:54,06:57,07:04,,,,,,,,,,,,
90015,,06:03,06:06,06:08,06:11,06:13,06:16,06:19,06:22,06:24,06:26,06:29,06:33,06:36,06:38,06:41,06:46,06:49,06:52,06:54,06:58,07:01,07:08,,,,,,,,,,,,
93001,,,,,,,,,,,,,,,,,06:49,06:52,06:55,06:57,07:01,07:04,07:10,07:14,07:19,07:24,,,,,,,,,
90001,,,,,,,,,,,,,,,,,,,,,,,,,,07:27,,,,07:52,,,,,
92001,,06:05,06:08,06:10,06:13,06:15,,,,06:22,,,06:27,,,,06:35,,,,,,06:47,,,06:55,,07:03,,07:17,,,,,
92003,,,,,,,06:20,06:23,06:26,06:28,06:30,06:33,06:37,06:40,06:42,06:45,06:50,06:53,06:56,07:01,,,,,,,,,,,,,,,
90003,,06:11,06:14,06:16,06:19,06:21,06:24,06:27,06:30,06:32,06:34,06:37,06:41,06:44,06:46,06:49,06:54,06:57,07:00,07:02,07:06,07:09,07:16,,,,,,,,,,,,
92005,,06:14,06:17,06:19,06:22,06:24,06:27,06:30,06:33,06:35,06:37,06:40,06:44,06:47,06:49,06:52,06:57,07:00,07:03,07:05,07:09,07:12,07:19,,,,,,,,,,,,
93003,,06:15,06:18,06:20,06:23,06:25,,,,06:33,,,06:38,,,,06:46,,,,,,06:59,07:04,07:09,07:14,07:20,07:25,07:30,07:38,,,,,
90007,,06:17,06:20,06:22,06:25,06:27,06:30,06:33,06:36,06:38,06:40,06:43,06:47,06:50,06:52,06:55,07:00,07:03,07:06,07:08,07:12,07:15,07:22,,,,,,,,,,,,
94001,,06:25,,,,06:33,,,,06:40,,,06:45,,,,06:53,,,,,,07:05,,,07:13,,07:21,,07:32,,,,,
90009,,,,,,,,,,,,,,,,,07:00,,,,,,07:15,,,07:24,,07:34,,07:44,,,,,
90011,,,,,,,,,,,,,,,,,07:03,07:07,07:10,07:12,07:16,07:19,07:25,07:31,07:36,07:41,07:47,07:52,07:58,08:07,,,,,
90013,,06:21,06:24,06:26,06:29,06:31,06:34,06:37,06:40,06:43,06:45,06:48,06:52,06:55,06:57,07:00,07:06,07:10,07:13,07:15,07:19,07:22,07:30,,,,,,,,,,,,
90015,,,,,,,06:39,06:42,06:45,06:47,06:49,06:52,06:56,06:59,07:01,07:04,07:10,07:14,07:17,07:19,07:23,07:26,07:34,,,,,,,,,,,,
93001,,06:32,06:35,06:37,06:40,,06:45,06:48,06:51,06:53,06:55,06:58,07:02,07:05,07:07,07:10,07:15,07:18,07:21,07:23,07:27,07:30,07:37,,,,,,,,,,,,
90001,,06:32,,,,,,,,06:49,,,06:54,,,,07:04,,,,,,07:18,,,07:28,,07:37,,07:49,06:42,,,,
92001,,06:35,06:39,06:41,06:44,,06:49,06:52,06:55,06:57,06:59,07:02,07:06,07:09,07:12,07:15,07:20,07:23,07:26,07:28,07:32,07:35,07:41,,,,,,,,06:46,,,,
92003,,06:35,06:38,06:40,06:43,,,,,06:53,,,06:58,,,,07:07,,,,,,07:21,07:26,07:31,07:36,07:42,07:47,07:52,07:59,06:45,,,,
90003,,06:39,06:42,06:44,06:47,,06:52,06:55,06:58,07:00,07:02,07:05,07:09,07:12,07:14,07:17,07:22,07:25,07:28,07:32,,,,,,,,,,,06:49,,,,
92005,,,,,,,06:57,07:00,07:03,07:05,07:07,07:10,07:13,07:16,07:19,07:22,07:27,07:30,07:33,07:35,07:39,07:42,07:47,07:51,07:56,08:01,08:06,08:11,08:16,08:23,,,,,
93003,,06:44,06:47,06:49,06:52,,,,,07:01,,,07:06,,,,07:16,,,,,,07:31,,,,,,,,06:54,,,,
90007,,06:48,06:51,06:53,06:56,,07:01,07:04,07:07,07:09,07:11,07:14,07:18,07:21,07:23,07:26,07:32,07:35,07:38,07:40,07:44,07:47,07:54,,,,,,,,06:58,,,,
94001,,06:48,06:51,06:53,06:56,,,,,07:05,,,07:10,,,,07:19,,,,,,07:33,07:37,07:42,07:47,07:53,07:58,08:04,08:12,06:58,,,,
90009,,06:51,06:54,06:56,06:59,,07:04,07:07,07:10,07:12,07:14,07:17,07:21,07:24,07:26,07:29,07:34,07:37,07:40,07:44,,,,,,,,,,,07:01,,,,
90011,,,,,,,,,,,,,,,,,,,,,,,07:37,,,07:52,,,,,,,,,
90013,,06:55,06:58,07:00,07:03,,07:08,07:11,07:14,07:16,07:18,07:21,07:25,07:28,07:30,07:33,07:39,07:42,07:45,07:47,07:51,07:54,08:00,,,,,,,,07:05,,,,
90015,,06:59,,,,,,,,07:15,,,07:20,,,,07:28,,,,,,07:40,07:44,07:49,07:54,08:00,08:05,08:10,08:18,07:08,,,,
93001,,,,,,,,,,,,,,,,,,,,,,,07:42,07:47,07:51,07:56,08:02,08:07,08:12,08:19,,,,,
90001,,,,,,,,,,,,,,,,,07:41,07:45,07:48,07:50,07:54,07:57,08:03,08:07,08:12,08:17,08:23,08:28,08:33,08:39,,,,,
92001,,07:00,07:03,07:05,07:08,,07:13,07:16,07:19,07:21,07:24,07:27,07:31,07:34,07:36,07:39,07:45,07:49,07:52,07:54,07:58,08:01,08:07,08:12,08:17,08:22,08:28,08:33,08:38,08:45,07:10,,,,
92003,,07:03,07:06,07:08,07:11,,,,,07:20,,,07:25,,,,07:33,,,,,,07:45,,,07:59,,08:10,,08:23,07:13,,,,
90003,,07:05,07:08,07:10,07:13,,07:18,07:21,07:24,07:26,07:29,07:32,07:36,07:39,07:41,07:44,07:49,07:53,07:56,07:58,08:02,08:05,08:11,,,,,,,,07:15,,,,
92005,,07:07,07:10,07:12,07:15,,,,,07:24,,,07:30,,,,07:38,,,,,,07:51,07:55,08:00,08:05,08:11,08:16,08:21,08:28,07:17,,,,
93003,,07:09,07:12,07:14,07:17,,07:22,07:25,07:28,07:30,07:33,07:36,07:40,07:43,07:45,07:48,07:53,07:57,08:00,08:02,08:06,08:09,08:15,,,,,,,,07:19,,,,
90007,,07:11,07:14,07:17,07:20,,,,,07:29,,,07:35,,,,07:45,,,,,,07:58,,,08:08,,08:18,,08:29,07:22,,,,
94001,,07:12,07:15,07:17,07:20,,07:25,07:28,07:31,07:33,07:36,07:39,07:43,07:46,07:48,07:51,07:54,07:58,08:01,08:04,,,,,,,,,,,07:22,,,,
90009,,07:15,07:18,07:20,07:23,,07:28,07:31,07:34,07:36,07:39,07:42,07:46,07:49,07:51,07:54,,,,,,,,,,,,,,,07:25,,,,
90011,,07:16,07:19,07:21,07:24,,,,,07:33,,,07:39,,,,07:48,,,,,,08:02,,,,,08:26,,,07:26,,,,
90013,,,,,,,,,,,,,,,,,,,,,,,08:10,08:16,08:21,08:26,08:32,08:37,08:42,08:50,,,,,
90015,,07:21,07:24,07:26,07:29,,07:34,07:37,07:40,07:42,07:45,07:48,07:52,07:55,07:57,08:00,08:05,08:08,08:11,08:13,08:17,08:20,08:25,,,,,,,,07:31,,,,
93001,,,,,,,,,,,,,07:54,07:58,08:00,08:03,08:08,08:11,08:14,08:16,08:20,08:23,08:30,,,,,,,,,,,,
90001,,07:20,,,,,,,,07:37,,,07:44,,,,,,,08:00,,,,,,,,,,,07:29,,,,
92001,,,,,,,07:38,07:41,07:44,07:46,07:49,07:52,07:57,08:01,08:03,08:06,08:11,08:14,08:17,08:19,08:23,08:26,08:33,,,,,,,,,,,,
92003,,07:24,07:27,07:29,07:32,,,,,07:41,,,07:47,,,,07:58,,,,,,08:12,,,08:22,,08:31,,08:44,07:34,,,,
90003,,07:27,07:30,07:32,07:35,,07:41,07:44,07:47,07:49,07:52,07:55,08:00,08:03,08:05,08:08,08:12,08:16,08:19,08:23,,,,,,,,,,,07:37,,,,
92005,,07:29,07:32,07:34,07:37,,,,,07:46,,,07:52,,,,08:00,,,,,,08:16,,,,,,,,07:39,,,,
93003,,07:30,07:33,07:35,07:38,,07:44,07:47,07:50,07:52,07:54,07:57,08:02,08:05,08:07,08:10,08:14,08:17,08:20,08:22,08:26,08:29,08:36,,,,,,,,07:40,,,,
90007,,07:32,07:35,07:37,07:40,,,,,07:49,,,07:55,,,,08:03,,,,,,08:18,08:22,08:27,08:32,08:38,08:43,08:48,08:57,07:42,,,,
94001,,,,,,,,,,,,,,,,,08:16,08:20,08:23,08:25,08:29,08:32,08:38,08:42,08:47,08:52,08:58,09:02,09:07,09:13,,,,,
90009,,07:33,07:36,07:38,07:41,,07:47,07:50,07:53,07:55,07:57,08:00,08:05,,,,,,,,,,,,,,,,,,07:43,,,,
90011,,07:36,07:39,07:41,07:44,,07:50,07:53,07:56,07:58,08:00,08:03,08:07,08:10,08:12,08:15,08:21,08:25,08:28,08:31,,,,,,,,,,,07:46,,,,
90013,,07:36,07:39,07:41,07:44,,,,,07:53,,,07:59,,,,08:07,,,,,,08:21,08:25,08:30,08:35,08:41,08:46,08:51,08:58,07:46,,,,
90015,,,,,,,,,,,,,,,,,,,,,,,08:25,,,08:39,,,,,,,,,
93001,,,,,,,,,,,,,,,,,,,,,,,08:30,08:35,08:40,08:45,08:51,08:57,,,,,,,
90001,,07:39,07:42,07:44,07:47,,07:53,07:56,07:59,08:01,08:03,08:06,08:10,08:13,08:15,08:18,08:23,08:26,08:29,08:31,08:35,08:38,08:43,08:48,08:53,08:58,09:04,09:08,09:13,09:20,07:49,,,,
92001,,07:42,07:45,07:47,07:50,,07:56,07:59,08:02,08:04,08:06,08:09,08:13,08:16,08:18,08:21,08:26,08:29,08:32,08:34,08:38,08:41,08:47,,,,,,,,07:52,,,,
92003,,07:42,07:45,07:47,07:50,,,,,07:59,,,08:04,,,,08:12,,,,,,08:25,,,08:39,,08:49,,09:01,07:52,,,,
90003,,07:45,07:48,07:50,07:53,,07:59,08:02,08:05,08:07,08:09,08:12,08:16,08:19,08:21,08:24,,,,,,,,,,,,,,,07:55,,,,
92005,,07:45,07:48,07:50,07:53,,,,,08:02,,,08:07,,,,08:16,,,,,,08:28,08:33,08:38,08:43,08:49,08:54,08:59,09:05,07:55,,,,
93003,,07:48,07:51,07:53,07:56,,08:02,08:05,08:08,08:10,08:12,08:15,08:19,08:23,08:25,08:28,08:33,08:36,08:39,08:41,08:45,08:48,08:54,,,,,,,,07:58,,,,
90007,,07:50,,,,,,,,08:05,,,08:11,,,,08:19,,,,,,08:35,,,,,,,,07:58,,,,
94001,,07:51,07:54,07:56,07:59,,08:05,08:08,08:11,08:13,08:15,08:18,08:22,08:25,08:27,08:30,08:35,08:39,08:42,08:46,,,,,,,,,,,08:01,,,,
90009,,07:54,07:57,07:59,08:02,,08:08,08:11,08:14,08:16,08:18,08:21,08:25,08:28,08:30,08:33,08:39,,,,,,,,,,,,,,08:04,,,,
90011,,07:54,07:57,07:59,08:02,,,,,08:11,,,08:16,,,,08:24,,,,,,08:40,08:44,08:49,08:53,08:59,09:04,09:09,09:15,08:04,,,,
90013,,07:57,08:00,08:02,08:05,,08:11,08:14,08:17,08:19,08:21,08:24,08:28,08:31,08:33,08:36,08:41,08:44,08:47,08:49,08:53,08:56,09:02,,,,,,,,08:07,,,,
90015,,,,,,,,,,,,,,,,,08:27,,,,,,08:43,08:47,08:52,08:57,09:03,09:08,09:13,09:19,,,,,
93001,,08:00,,,,,,,,08:15,,,08:21,,,,,,,08:38,,,,,,,,,,,,,,,
90001,,08:03,08:06,08:08,08:11,,08:16,08:19,08:22,08:24,08:26,08:29,08:33,08:36,08:38,08:41,08:45,08:48,08:51,08:53,08:57,09:00,09:05,,,,,,,,08:13,,,,
92001,,,,,,,,,,,,,,,,,,,,,,,09:06,09:09,09:14,09:19,09:25,09:30,09:35,09:41,,,,,
92003,,,,,,,,,,,,,,,,,,,,,,,09:10,09:14,09:19,09:24,,,,,,,,,
90003,,08:05,,,,,,,,08:20,,,08:26,,,,08:35,,,,,,08:49,08:53,08:58,09:03,09:09,09:14,09:19,09:28,08:13,,,,
92005,,,,,,,,,,,,,,,,,,,,,,,,,,,,,,09:30,,,,,
93003,,08:06,08:09,08:11,08:14,,08:19,08:22,08:25,08:27,08:29,08:32,08:36,08:39,08:41,08:44,08:50,08:53,08:56,08:58,09:02,09:05,09:11,,,,,,,,08:16,,,,
90007,,08:08,,,,,,,,08:24,,,08:30,,,,08:38,,,,,,08:53,08:57,09:02,09:07,09:13,09:18,09:24,09:33,08:16,,,,
94001,,08:10,08:13,08:15,08:18,,08:23,08:26,08:29,08:31,08:33,08:36,08:40,08:43,08:45,08:48,08:53,,,,,,,,,,,,,,08:20,,,,
90009,,08:11,,,,,,,,08:27,,,08:33,,,,08:41,,,,,,08:57,,,,,,,,08:19,,,,
90011,,,,,,,,,,08:30,,,08:37,,,,08:45,,,,,,09:02,,,09:12,,09:23,,09:36,,,,,
90013,,,,,,,,,,,,,,,,,08:52,,,,,,09:06,09:10,09:15,09:20,09:26,09:32,09:37,09:44,,,,,
90015,,,,,,,,,,,,,08:41,08:46,08:48,08:51,08:55,08:58,09:01,09:03,09:07,09:10,09:15,09:19,09:24,09:31,,,,,,,,,
93001,,08:15,08:18,08:20,08:23,,08:28,08:31,08:34,08:36,08:38,08:41,08:45,08:49,08:51,08:54,08:59,09:03,09:06,09:08,09:12,09:15,09:22,,,,,,,,,,,,
90001,,08:18,08:21,08:23,08:26,,08:31,08:34,08:37,08:39,08:41,08:44,08:48,08:51,08:54,08:57,09:02,09:06,09:09,09:13,,,,,,,,,,,08:28,,,,
92001,,08:20,08:23,08:26,08:29,,,,,08:39,,,08:45,,,,08:55,,,,,,09:09,09:14,09:19,09:24,09:30,09:35,09:40,09:48,08:31,,,,
92003,,08:23,08:26,08:28,08:31,,08:36,08:39,08:42,08:44,08:46,08:49,08:53,08:56,08:58,09:01,09:06,09:09,09:12,09:14,09:18,09:21,09:28,,,,,,,,08:33,,,,
90003,,08:27,08:30,08:32,08:35,,08:40,08:43,08:46,08:48,08:50,08:53,08:57,09:00,09:02,09:05,09:10,09:13,09:16,09:18,09:22,09:25,09:33,,,,,,,,08:37,,,,
92005,,08:27,08:30,08:32,08:35,,,,,08:44,,,08:49,,,,08:58,,,,,,09:13,09:18,09:23,09:28,09:34,09:40,09:45,09:51,08:37,,,,
93003,,08:32,08:35,08:37,08:40,,08:45,08:48,08:51,08:53,08:56,08:59,09:03,09:07,09:10,09:13,09:18,09:22,09:25,09:29,,,,,,,,,,,08:42,,,,
90007,,08:32,,,,,,,,08:47,,,08:52,,,,09:01,,,,,,09:17,,,,,,,,08:40,,,,
94001,,08:35,,,,,,,,08:50,,,08:55,,,,09:05,,,,,,09:20,09:23,09:28,09:33,09:39,09:44,09:49,09:57,08:43,,,,
90009,,,,,,,,,,,,,,,,,09:17,09:21,09:24,09:26,09:30,09:33,09:37,09:41,09:46,09:51,09:57,10:02,10:07,10:13,,,,,
90011,,08:35,08:38,08:40,08:43,,08:48,08:51,08:54,08:56,08:58,09:01,09:05,09:08,09:11,09:14,09:20,09:24,09:27,09:29,09:33,09:36,09:43,,,,,,,,08:45,,,,
90013,,08:39,,,,,,,,08:54,,,08:59,,,,09:09,,,,,,09:24,09:28,09:33,09:38,09:44,09:52,,,08:47,,,,
90015,,,,,,,,,,,,,,,,,,,,,,,09:27,09:31,09:36,09:41,09:46,09:51,09:56,10:01,,,,,
93001,,08:38,08:41,08:43,08:46,,08:51,08:54,08:57,08:59,09:01,09:04,09:08,09:11,09:14,09:17,09:22,09:26,09:29,09:34,,,,,,,,,,,,,,,
90001,,,,,,,,,,,,,09:12,09:15,09:18,09:21,09:26,09:30,09:33,09:35,09:39,09:42,09:49,,,,,,,,,,,,
92001,,08:43,,,,,,,,08:58,,,09:03,,,,,,,09:20,,,,,,,,,,,08:51,,,,
92003,,,,,,,,,,,,,,,,,09:29,09:33,09:36,09:38,09:42,09:45,09:50,09:55,10:00,10:05,10:10,10:15,10:21,10:29,,,,,
90003,,08:46,08:49,08:51,08:54,,08:59,09:02,09:05,09:07,09:09,09:12,09:16,09:20,09:23,09:26,09:32,09:36,09:39,09:41,09:45,09:48,09:55,,,,,,,,08:56,,,,
92005,,08:46,,,,,,,,09:01,,,09:06,,,,09:15,,,,,,09:30,,,,,,,,08:54,,,,
93003,,08:49,08:52,08:54,08:57,,,,,09:06,,,09:11,,,,09:19,,,,,,09:32,,,09:46,,09:57,,10:07,08:59,,,,
90007,,08:50,08:53,08:55,08:58,,09:03,09:06,09:09,09:11,09:13,09:16,09:20,09:23,09:26,09:29,09:34,,,,,,,,,,,,,,09:00,,,,
94001,,08:53,08:56,08:58,09:01,,09:06,09:09,09:12,09:14,09:16,09:19,09:23,09:26,09:29,09:32,09:37,09:41,09:44,09:46,09:50,09:53,10:00,,,,,,,,09:03,,,,
90009,,08:53,,,,,,,,09:09,,,09:14,,,,09:22,,,,,,09:36,09:40,09:45,09:50,09:56,10:01,10:06,10:12,09:02,,,,
90011,,08:56,08:59,09:01,09:04,,09:09,09:12,09:15,09:17,09:19,09:22,09:26,09:29,09:32,09:35,09:41,09:45,09:48,09:52,,,,,,,,,,,09:06,,,,
90013,,08:56,,,,,,,,09:12,,,09:17,,,,09:26,,,,,,09:40,09:46,09:51,09:56,10:02,10:07,10:12,10:20,09:05,,,,
90015,,09:00,09:03,09:05,09:08,,09:13,09:16,09:19,09:21,09:23,09:26,09:30,09:33,09:36,09:39,09:45,,,,,,,,,,,,,,09:10,,,,
93001,,,,,,,,,,,,,,,,,,,,,,,09:46,09:51,09:56,10:03,,,,,,,,,
90001,,09:00,,,,,,,,09:15,,,09:20,,,,09:29,,,,,,09:43,,,,,,,,,09:08,,,
92001,,09:04,09:07,09:09,09:12,,09:17,09:20,09:23,09:25,09:27,09:30,09:34,09:37,09:40,09:43,09:47,09:50,09:53,09:55,09:59,10:02,,,,,,,,,,09:14,,,
92003,,09:03,,,,,,,,09:18,,,09:23,,,,09:32,,,,,,09:45,09:49,09:54,09:59,10:05,10:10,10:16,10:24,,09:11,,,
90003,,09:06,,,,,,,,09:21,,,09:26,,,,,,,09:42,,,,,,,,,,,,09:14,,,
92005,,09:07,09:10,09:12,09:15,,09:20,09:23,09:26,09:28,09:30,09:33,09:37,09:40,09:43,09:46,09:50,09:54,09:57,10:01,,,,,,,,,,,,09:17,,,
93003,,09:09,,,,,,,,09:24,,,09:29,,,,09:38,,,,,,09:52,09:56,10:01,10:06,10:11,10:18,10:25,,,09:17,,,
90007,,,,,,,,,,,,,,,,,,,,,,,10:00,,,10:14,,,,,,,,,
94001,,,,,,,,,,,,,,,,,,,,,,,10:08,10:13,10:18,10:23,10:29,10:34,10:39,10:47,,,,,
90009,,09:11,09:14,09:16,09:19,,09:24,09:27,09:30,09:32,09:34,09:37,09:41,09:44,09:47,09:50,09:54,09:57,10:00,10:02,10:06,10:09,,,,,,,,,,09:21,,,
90011,,09:14,09:17,09:19,09:22,,09:27,09:30,09:33,09:35,09:37,09:40,09:44,09:47,09:50,09:53,09:57,10:01,10:04,10:07,,,,,,,,,,,,09:24,,,
90013,,09:13,,,,,,,,09:27,,,09:32,,,,09:41,,,,,,09:55,,,,,,,,,09:20,,,
90015,,,,,,,,,,,,,,,,,,,,,,,10:19,10:23,10:28,10:33,10:39,10:44,,,,,,,
93001,,09:19,,,,,,,,09:36,,,09:42,,,,09:49,,,,,,10:04,10:08,10:13,10:18,10:23,10:28,10:33,10:39,,,,,
90001,,,,,,,,,,,,,,,,,09:59,10:04,10:07,10:09,10:13,10:16,10:23,10:27,10:32,10:37,10:43,10:48,10:53,11:01,,,,,
92001,,09:19,09:22,09:24,09:27,,09:32,09:35,09:38,09:40,09:42,09:45,09:49,09:52,09:55,09:58,10:03,10:06,10:09,10:11,10:15,10:18,10:25,,,,,,,,,09:29,,,
92003,,09:23,09:26,09:28,09:31,,,,,09:40,,,09:45,,,,09:54,,,,,,10:07,10:11,10:16,10:21,10:26,10:31,10:36,10:44,,09:33,,,
90003,,09:22,09:25,09:27,09:30,,09:35,09:38,09:41,09:43,09:45,09:48,09:52,09:55,09:58,10:01,10:05,10:08,10:11,10:15,,,,,,,,,,,,09:32,,,
92005,,09:27,,,,,,,,09:43,,,09:48,,,,09:57,,,,,,10:11,,,,,,,,,09:35,,,
93003,,09:25,09:28,09:30,09:33,,09:38,09:41,09:44,09:46,09:48,09:51,09:55,09:58,10:01,10:04,,,,,,,,,,,,,,,,09:35,,,
90007,,09:28,09:31,09:33,09:36,,09:41,09:44,09:47,09:49,09:51,09:54,09:58,10:01,10:03,10:06,10:12,10:15,10:18,10:20,10:24,10:27,10:33,,,,,,,,,09:38,,,
94001,,09:30,,,,,,,,09:45,,,09:50,,,,10:00,,,,,,10:15,,,10:29,,10:40,,10:52,,09:38,,,
90009,,09:31,09:34,09:36,09:39,,09:44,09:47,09:50,09:52,09:54,09:57,10:01,10:04,10:06,10:09,10:14,10:18,10:21,10:25,,,,,,,,,,,,09:41,,,
90011,,09:33,,,,,,,,09:48,,,09:53,,,,10:03,,,,,,10:17,,,,,,,,,09:41,,,
90013,,09:34,09:37,09:39,09:42,,09:47,09:50,09:53,09:55,09:57,10:00,10:04,10:07,10:09,10:12,10:17,10:20,10:23,10:25,10:29,10:32,10:38,10:43,10:48,10:55,,,,,,09:44,,,
90015,,09:36,09:39,09:41,09:44,,,,,09:53,,,09:58,,,,10:06,,,,,,10:21,10:25,10:30,10:34,10:40,10:45,10:50,10:57,,09:46,,,
93001,,,,,,,,,,09:55,,,10:01,,,,10:09,,,,,,10:24,10:28,10:33,10:38,10:44,10:50,10:55,11:05,,,,,
90001,,,,,,,,,,,,,,,,,,,,,,,10:26,,,10:41,,10:53,,11:05,,,,,
92001,,,,,,,,,,,,,,,,,,,,,,,,,,10:41,10:48,10:54,10:59,11:10,,,,,
92003,,09:38,09:41,09:43,09:46,,09:51,09:54,09:57,09:59,10:01,10:04,10:08,10:11,10:13,10:16,10:21,10:24,10:27,10:29,10:33,10:36,10:42,,,,,,,,09:48,,,,
90003,,09:41,09:44,09:46,09:49,,09:54,09:57,10:00,10:02,10:04,10:07,10:11,10:14,10:16,10:19,10:25,,,,,,,,,,,,,,09:51,,,,
92005,,,,,,,,,,,,,,,,,10:13,,,,,,10:27,10:32,10:37,10:42,10:48,10:54,11:00,,,,,,
93003,,09:44,09:47,09:49,09:52,,09:57,10:00,10:03,10:05,10:07,10:10,10:14,10:17,10:20,10:23,10:28,10:31,10:34,10:36,10:40,10:43,10:49,,,,,,,,09:54,,,,
90007,,09:44,,,,,,,,09:59,,,10:05,,,,10:16,,,,,,10:31,,,,,,,,09:52,,,,
94001,,09:47,09:50,09:52,09:55,,10:00,10:03,10:06,10:09,10:11,10:14,10:18,10:21,10:24,10:27,10:32,10:35,10:38,10:40,10:44,10:47,10:53,,,,,,,,09:57,,,,
90009,,09:48,,,,,,,,10:03,,,10:09,,,,10:19,,,,,,10:33,10:37,10:42,10:47,10:53,10:58,11:04,11:11,09:56,,,,
90011,,09:50,09:53,09:55,09:58,,10:03,10:06,10:09,10:12,10:14,10:17,10:22,10:26,10:28,10:31,10:36,10:40,10:43,10:47,,,,,,,,,,,10:00,,,,
90013,,09:53,09:56,09:58,10:01,,10:06,10:09,10:12,10:15,10:17,10:20,10:24,10:27,10:29,10:32,10:37,10:40,10:43,10:45,10:49,10:52,10:57,,,,,,,,10:03,,,,
90015,,09:56,09:59,10:01,10:04,,10:09,10:12,10:15,10:18,10:20,10:23,10:27,10:30,10:33,10:36,,,,,,,,,,,,,,,10:06,,,,
93001,,09:56,,,,10:04,,,,10:11,,,10:16,,,,10:26,,,,,,10:42,,,,,,,,,,,,
90001,,10:00,10:03,10:05,10:08,10:10,10:13,10:16,10:19,10:21,10:23,10:26,10:30,10:33,10:36,10:39,10:44,10:47,10:50,10:52,10:56,10:59,11:05,,,,,,,,,,,,
92001,,,,,,,,,,10:13,,,10:20,,,,10:30,,,,,,10:44,10:48,10:53,10:58,11:04,11:09,11:14,11:21,,,,,
92003,,10:03,10:06,10:08,10:11,10:13,10:16,10:19,10:22,10:24,10:26,10:29,10:33,10:36,10:39,10:42,10:47,10:51,10:54,10:57,,,,,,,,,,,,,,,
90003,,10:03,10:06,10:08,10:11,10:13,,,,10:20,,,10:25,,,,10:33,,,,,,10:47,,,11:01,,11:13,,11:25,,,,,
92005,,,,,,,,,,,,,,,,,10:37,,,,,,10:51,10:55,11:00,11:05,11:11,11:16,11:21,11:28,,,,,
93003,,10:06,10:09,10:11,10:14,10:16,10:19,10:22,10:25,10:27,10:29,10:32,10:36,10:39,10:42,10:45,10:50,10:54,10:57,10:59,11:03,11:06,11:12,,,,,,,,,,,,
90007,,10:08,,,,10:16,,,,10:23,,,10:28,,,,10:41,,,,,,10:57,,,,,,,,,,,,
94001,,,,,,,,,,,,,,,,,,,,,,,11:00,11:04,11:09,11:14,11:20,11:25,11:30,11:37,,,,,
90009,,10:10,10:13,10:15,10:18,10:20,10:23,10:26,10:29,10:31,10:33,10:36,10:40,10:43,10:45,10:48,10:54,10:57,11:00,11:02,11:06,11:09,11:15,,,,,,,,,,,,
90011,,10:11,,,,10:19,,,,10:26,,,10:32,,,,10:44,,,,10:54,,,,,,,,,,,,,,
90013,,,,,,,,,,,,,,,,,10:48,,,,,,11:03,,,11:15,,11:26,11:31,11:37,,,,,
90015,,10:13,10:16,10:18,10:21,10:23,10:26,10:29,10:32,10:34,10:36,10:39,10:43,10:46,10:49,10:52,10:56,10:59,11:02,11:06,,,,,,,,,,,,,,,
93001,,10:17,10:20,10:22,10:25,,10:30,10:33,10:36,10:38,10:40,10:43,10:47,10:50,10:53,10:56,11:00,11:03,11:06,11:08,11:12,11:15,11:22,,,,,,,,,,,,
90001,,10:17,,,,,,,,10:34,,,10:40,,,,10:51,,,,,,11:06,11:11,11:16,11:21,11:27,11:32,11:38,11:44,,10:27,,,
92001,,10:20,10:23,10:25,10:28,,10:33,10:36,10:39,10:41,10:43,10:46,10:50,10:53,10:56,10:59,11:03,11:06,11:09,11:11,11:15,11:18,11:25,,,,,,,,,10:30,,,
92003,,,,,,,,,,,,,,,,,11:05,11:09,11:12,11:14,11:18,11:21,11:27,11:30,11:35,11:40,11:46,11:51,11:56,12:02,,,,,
90003,,10:24,10:27,10:29,10:32,,10:37,10:40,10:43,10:45,10:47,10:50,10:54,10:57,11:00,11:03,11:09,11:12,11:15,11:17,11:21,11:24,11:31,,,,,,,,,10:34,,,
92005,,10:24,,,,,,,,10:43,,,10:48,,,,10:57,,,,,,11:12,,,,,,,,,10:35,,,
93003,,,,,,,,,,,,,,,,,,,,,,,11:17,11:22,11:27,11:32,11:38,11:44,11:49,11:56,,,,,
90007,,10:27,10:30,10:32,10:35,,10:40,10:43,10:46,10:48,10:50,10:53,10:57,11:00,11:03,11:06,11:12,11:15,11:18,11:20,11:24,11:27,11:34,,,,,,,,,10:37,,,
94001,,10:29,,,,,,,,10:46,,,10:51,,,,11:00,,,,,,11:15,11:19,11:24,11:29,11:34,11:39,11:44,11:51,,10:39,,,
90009,,10:30,10:33,10:35,10:38,,10:43,10:46,10:49,10:51,10:53,10:56,11:00,11:03,11:05,11:08,11:14,,,,,,,,,,,,,,,10:40,,,
90011,,10:32,,,,,,,,10:49,,,10:54,,,,11:03,,,,,,11:18,,,,,,,,,10:42,,,
90013,,10:33,10:36,10:38,10:41,,10:46,10:49,10:52,10:54,10:56,10:59,11:03,11:06,11:08,11:11,11:16,11:19,11:22,11:24,11:28,11:31,11:38,,,,,,,,,10:43,,,
90015,,10:36,,,,,,,,10:53,,,10:58,,,,11:07,,,,,,11:21,11:26,11:31,11:38,,,,,,10:46,,,
93001,,10:36,10:39,10:41,10:44,10:46,10:49,10:52,10:55,10:57,10:59,11:02,11:06,11:09,11:11,11:14,11:19,11:22,11:25,11:27,11:31,11:34,11:41,11:46,11:51,11:57,12:03,12:08,12:13,,,,,,
90001,,,,,,,,,,10:55,,,11:02,,,,11:11,,,,,,11:24,11:27,11:31,11:36,11:41,11:45,11:50,11:57,,,,,
92001,,10:39,10:42,10:44,10:47,10:49,,,,,,,,,,,,,,,,,,,,,,,,,,,,,
92003,,10:42,,,,10:52,,,,10:59,,,11:05,,,,11:14,,,,11:21,,,,,,,,,,,,,,
90003,,10:42,10:45,10:47,10:50,10:52,10:55,10:58,11:01,11:03,11:05,11:08,11:12,11:15,11:17,11:20,11:25,11:28,11:31,11:33,11:37,11:40,11:47,,,,,,,,,,,,
92005,,10:45,10:48,10:50,10:53,10:55,10:58,11:01,11:04,11:06,11:08,11:11,11:15,11:18,11:21,11:24,,,,,,,,,,,,,,,,,,,
93003,,10:45,,,,10:55,,,,11:02,,,11:08,,,,11:17,,,,,,11:30,11:34,11:39,11:44,11:50,11:55,12:00,12:07,,,,,
90007,,,,,,,,,,,,,,,,,,,,,,,,,,,,,,12:00,,,,,
94001,,10:50,,,,10:59,,,,11:06,,,11:12,,,,11:21,,,,,,11:35,,,,,,,,,,,,
90009,,10:48,10:51,10:53,10:56,10:58,11:01,11:04,11:07,11:09,11:11,11:14,11:18,11:21,11:23,11:27,11:33,11:36,11:39,11:41,11:45,11:48,11:54,11:58,12:03,12:11,,,,,,,,,
90011,,10:51,10:54,10:56,10:59,11:01,11:04,11:07,11:10,11:12,11:14,11:17,11:21,11:24,11:26,11:29,11:34,11:37,11:40,11:44,,,,,,,,,,,,,,,
90013,,10:53,,,,11:03,,,,11:10,,,11:16,,,,11:26,,,,,,11:39,11:42,11:46,11:51,11:57,12:02,12:07,12:14,,,,,
90015,,,,,,,,,,,,,,,,,,,,,,,11:37,11:42,11:47,11:52,11:58,12:03,12:08,12:16,,,,,
93001,,10:54,10:57,10:59,11:02,11:04,11:07,11:10,11:13,11:15,11:17,11:20,11:24,11:27,11:29,11:32,11:37,11:40,11:43,11:45,11:49,11:52,11:59,,,,,,,,,,,,
90001,,10:57,,,,11:07,,,,11:14,,,11:20,,,,11:29,,,,,,11:43,11:47,11:52,11:57,12:03,12:08,12:13,12:20,,,,,
92001,,10:57,11:00,11:02,11:05,11:07,11:10,11:13,11:16,11:19,11:21,11:24,11:28,11:31,11:33,11:36,11:41,11:44,11:47,11:49,11:53,11:56,12:03,,,,,,,,,,,,
92003,,11:00,11:03,11:05,11:08,11:10,,,,,,,,,,,,,,,,,,,,,,,,,,,,,
90003,,11:00,11:03,11:05,11:08,11:10,,,,11:17,,,11:23,,,,11:32,,,,11:39,,,,,,,,,,,,,,
92005,,,,,,,,,,,,,,,,,,,,,,,,,,,,,,12:20,,,,,
93003,,11:03,11:06,11:08,11:11,11:13,11:16,11:19,11:22,11:24,11:26,11:29,11:33,11:36,11:38,11:41,11:46,11:49,11:52,11:54,11:58,12:01,12:07,,,,,,,,,,,,
90007,,11:06,11:09,11:11,11:14,11:16,,,,11:23,,,11:28,,,,11:37,,,,,,11:51,11:56,12:01,12:06,12:12,12:17,12:22,12:30,,,,,
94001,,,,,,,,,,,,,,,,,,,,,,,12:08,12:12,12:17,12:22,12:28,12:33,12:38,12:45,,,,,
90009,,11:06,11:09,11:11,11:14,11:16,11:19,11:22,11:25,11:27,11:29,11:32,11:36,11:39,11:41,11:44,11:48,11:52,11:55,11:58,,,,,,,,,,,,,,,
90011,,11:09,11:12,11:14,11:17,11:19,11:22,11:25,11:28,11:30,11:32,11:35,11:39,11:42,11:44,11:47,11:53,11:56,11:59,12:01,12:05,12:08,12:15,,,,,,,,,,,,
90013,,11:09,11:12,11:14,11:17,11:19,,,,11:26,,,11:31,,,,11:40,,,,,,11:55,11:59,12:04,12:09,12:15,12:21,12:27,12:35,,,,,
90015,,11:12,11:15,11:17,11:20,11:22,,,,,,,,,,,,,,,,,,,,,,,,,,,,,
93001,,11:12,11:15,11:17,11:20,11:22,,,,11:29,,,11:34,,,,11:43,,,,,,11:59,,,,,,,,,,,,
90001,,11:15,11:18,11:20,11:23,11:25,11:28,11:31,11:34,11:36,11:38,11:41,11:45,11:48,11:50,11:53,11:59,12:03,12:06,12:08,12:12,12:15,12:21,,,,,,,,,,,,
92001,,,,,,,,,,,,,,,,,,,,,,,12:21,12:26,12:31,12:36,12:42,12:47,12:52,12:59,,,,,
92003,,11:15,11:18,11:20,11:23,11:25,,,,11:32,,,11:38,,,,11:47,,,,,,12:01,12:05,12:10,12:15,12:21,12:26,12:31,12:38,,,,,
90003,,11:18,11:21,11:23,11:26,11:28,11:31,11:34,11:37,11:39,11:41,11:44,11:48,11:52,11:55,11:58,12:02,12:06,12:09,12:13,,,,,,,,,,,,,,,
92005,,11:21,11:24,11:26,11:29,11:31,,,,11:38,,,11:44,,,,11:54,,,,,,12:10,,,,,,,,,,,,
93003,,11:21,11:24,11:26,11:29,11:31,,,,,,,,,,,,,,,,,,,,,,,,,,,,,
90007,,11:24,11:27,11:29,11:32,11:34,,,,11:41,,,11:47,,,,11:57,,,,12:09,,,,,,,,,,,,,,
94001,,,,,,,,,,,,,,,,,12:01,12:06,12:09,12:11,12:15,12:18,12:24,12:29,12:34,12:39,12:45,12:51,12:56,13:03,,,,,
90009,,11:24,11:27,11:29,11:32,11:34,11:37,11:40,11:43,11:45,11:47,11:50,11:54,11:57,11:59,12:02,12:07,12:10,12:13,12:15,12:19,12:22,12:29,,,,,,,,,,,,
90011,,11:27,,,,11:37,,,,11:44,,,11:50,,,,12:00,,,,,,12:13,12:16,12:21,12:26,12:32,12:36,12:41,12:48,,,,,
90013,,11:27,11:30,11:32,11:35,11:37,,,,,,,,,,,,,,,,,,,,,,,,,,,,,
90015,,11:30,11:33,11:35,11:38,11:40,,,,11:47,,,11:53,,,,12:03,,,,,,12:16,12:20,12:25,12:31,,,,,,,,,
93001,,,,,,,,,,,,,11:57,12:01,12:03,12:06,12:11,12:14,12:17,12:19,12:23,12:26,12:32,12:37,12:42,12:50,,,,,,,,,
90001,,11:33,11:36,11:38,11:41,,11:46,11:49,11:52,11:54,11:56,11:59,12:03,12:06,12:08,12:11,12:16,12:19,12:22,12:24,12:28,12:31,12:37,,,,,,,,11:43,,,,
92001,,11:33,11:36,11:38,11:41,,,,,11:50,,,11:56,,,,12:06,,,,,,12:20,12:24,12:28,12:33,12:38,12:43,,,11:43,,,,
92003,,11:38,11:41,11:43,11:46,,,,,11:55,,,12:01,,,,12:10,,,,,,12:23,12:27,12:31,12:36,12:42,12:49,,,11:48,,,,
90003,,,,,,,,,,,,,,,,,12:18,12:22,12:25,12:27,12:31,12:34,12:39,12:43,12:48,12:53,12:59,13:04,,13:15,,,,,
92005,,11:38,11:41,11:43,11:46,,11:51,11:54,11:57,11:59,12:01,12:04,12:08,12:11,12:13,12:16,12:22,12:25,12:28,12:30,12:34,12:37,12:43,12:47,12:52,12:57,13:03,13:08,,13:20,11:48,,,,
93003,,11:41,11:44,11:46,11:49,,11:54,11:57,12:00,12:02,12:04,12:07,12:11,12:14,12:16,12:19,12:25,12:28,12:31,12:33,12:37,12:40,12:46,,,,,,,,11:51,,,,
90007,,11:44,11:47,11:49,11:52,,11:57,12:00,12:03,12:05,12:07,12:10,12:14,12:17,12:19,12:22,12:28,12:31,12:34,12:36,12:40,12:43,12:49,,,,,,,,11:54,,,,
94001,,11:48,11:51,11:53,11:56,,,,,12:05,,,12:10,,,,12:18,,,,,,12:28,12:33,12:38,12:43,12:49,12:53,,13:08,11:58,,,,
90009,,11:49,11:52,11:54,11:57,,12:02,12:05,12:08,12:10,12:12,12:15,12:19,12:22,12:24,12:27,12:32,12:36,12:39,12:41,12:45,12:48,12:55,,,,,,,,11:59,,,,
90011,,,,,,,,,,12:06,,,,,,,12:21,,,,,,,12:33,,12:38,,12:45,,12:56,,,,,
90013,,11:51,11:54,11:56,11:59,,,,,12:10,,,12:17,,,,12:25,,,,12:36,,,,,,,,,,12:01,,,,
90015,,,,,,,,,,,,,,,,,12:35,12:40,12:43,12:45,12:49,12:52,12:58,13:02,13:07,13:13,13:19,13:24,,13:35,,,,,
93001,,,,,,,,,,,,,,,,,,,,,,,,,,,,,,13:20,,,,,
90001,,11:52,11:55,11:57,12:00,,12:05,12:08,12:11,12:13,12:15,12:18,12:22,12:25,12:27,12:30,12:35,12:39,12:42,12:45,,,,,,,,,,,,,12:02,,
92001,,11:56,11:59,12:01,12:04,,12:09,12:12,12:15,12:17,12:19,12:22,12:26,12:29,12:31,12:34,12:39,12:42,12:45,12:47,12:51,12:54,13:00,,,,,,,,,,12:06,,
92003,,12:00,12:03,12:05,12:08,,,,,12:17,,,12:22,,,,12:30,,,,,,12:46,12:51,12:56,13:01,13:07,13:13,13:18,13:25,,,12:10,,
90003,,12:02,12:05,12:07,12:10,,12:15,12:18,12:21,12:23,12:25,12:28,12:32,12:35,12:37,12:40,12:45,12:49,12:52,12:54,12:58,13:01,13:07,,,,,,,,,,12:12,,
92005,,12:06,12:09,12:11,12:14,,,,,12:23,,,12:28,,,,12:36,,,,,,12:50,12:54,12:59,13:07,,,,,,,12:16,,
93003,,12:05,12:08,12:10,12:13,,12:18,12:21,12:24,12:26,12:28,12:31,12:35,12:38,12:40,12:43,12:48,12:52,12:55,12:57,13:01,13:04,13:10,,,,,,,,,,12:15,,
90007,,12:09,,,,,,,,12:26,,,12:32,,,,12:40,,,,,,12:54,12:59,13:04,13:09,13:15,13:20,13:25,13:33,,,12:19,,
94001,,,,,,,,,,,,,,,,,,,,,,,13:01,13:07,13:12,13:17,13:23,13:28,13:33,13:40,,,,,
90009,,,,,,,,,,,,,,,,,12:51,12:55,12:58,13:00,13:04,13:07,13:13,13:17,13:22,13:27,13:33,13:38,13:43,13:51,,,,,
90011,,12:08,12:11,12:13,12:16,,12:21,12:24,12:27,12:29,12:31,12:34,12:38,12:41,12:43,12:46,12:52,12:56,12:59,13:03,,,,,,,,,,,,,12:18,,
90013,,12:11,12:14,12:16,12:19,,12:24,12:27,12:30,12:32,12:34,12:37,12:41,12:44,12:47,12:50,12:55,12:59,13:02,13:04,13:08,13:11,13:17,,,,,,,,,,12:21,,
90015,,12:13,12:16,12:18,12:21,,,,,12:30,,,12:35,,,,12:43,,,,,,12:58,,,,,,,,,,12:23,,
93001,,12:16,12:19,12:21,12:24,12:26,12:29,12:32,12:35,12:37,12:39,12:42,12:46,12:49,12:51,12:54,12:59,13:02,13:05,13:07,13:11,13:14,13:21,,,,,,,,,,,,
90001,,12:16,12:19,12:21,12:24,12:26,,,,12:33,,,12:38,,,,12:46,,,,,,13:01,,,13:09,,13:17,,13:27,,,,,
92001,,12:19,12:22,12:24,12:27,12:29,12:32,12:35,12:38,12:40,12:42,12:45,12:49,12:52,12:54,12:57,13:02,13:05,13:08,13:10,13:14,13:17,13:24,,,,,,,,,,,,
92003,,12:20,12:23,12:25,12:28,12:30,,,,12:37,,,12:43,,,,12:52,,,,,,13:05,13:09,13:13,13:18,13:24,13:32,,,,,,,
90003,,12:22,12:25,12:27,12:30,12:32,12:35,12:38,12:41,12:43,12:45,12:48,12:52,12:55,12:58,13:01,13:06,13:09,13:12,13:14,13:18,13:21,13:27,,,,,,,,,,,,
92005,,12:26,12:29,12:31,12:34,12:36,12:39,12:42,12:45,12:47,12:49,12:52,12:56,12:59,13:02,13:05,13:10,13:13,13:16,13:18,13:22,13:25,13:32,,,,,,,,,,,,
93003,,12:29,12:32,12:34,12:37,12:39,12:42,12:45,12:48,12:50,12:52,12:55,12:59,13:02,13:05,13:08,13:13,13:16,13:19,13:21,13:25,13:28,13:34,13:38,13:43,13:48,13:54,13:59,14:04,14:10,,,,,
90007,,12:29,12:32,12:34,12:37,12:39,,,,12:46,,,12:52,,,,13:03,,,,,,13:18,,,13:27,,13:36,,13:46,,,,,
94001,,12:33,12:36,12:38,12:41,12:43,12:46,12:49,12:52,12:54,12:56,12:59,13:03,13:06,13:09,13:12,13:17,13:20,13:23,13:25,13:29,13:32,13:38,,,,,,,,,,,,
90009,,12:34,12:37,12:39,12:42,12:44,,,,12:51,,,12:57,,,,13:07,,,,,,13:21,13:27,13:32,13:37,13:43,13:48,13:53,13:59,,,,,
90011,,,,,,,,,,,,,,,,,13:20,13:23,13:26,13:28,13:32,13:35,13:40,13:44,13:49,13:55,,,,,,,,,
90013,,12:37,12:40,12:42,12:45,12:47,12:50,12:53,12:56,12:58,13:00,13:03,13:07,13:10,13:13,13:16,13:22,13:26,13:29,13:33,,,,,,,,,,,,,,,
90015,,12:41,12:44,12:46,12:49,12:51,12:54,12:57,13:00,13:02,13:04,13:07,13:11,13:14,13:17,13:20,13:25,13:28,13:31,13:33,13:37,13:40,13:46,,,,,,,,,,,,
93001,,12:41,12:44,12:46,12:49,,,,,12:58,,,13:04,,,,13:13,,,,,,13:28,13:32,13:37,13:42,13:48,13:53,13:58,14:04,,,,,
90001,,12:45,12:48,12:50,12:53,,12:58,13:01,13:04,13:06,13:08,13:11,13:15,13:18,13:21,13:24,13:29,13:32,13:35,13:37,13:41,13:44,13:50,,,,,,,,12:55,,,,
92001,,12:48,12:51,12:53,12:56,,13:01,13:04,13:07,13:09,13:11,13:14,13:18,13:21,13:24,13:27,13:33,13:36,13:39,13:41,13:45,13:48,13:54,,,,,,,,12:58,,,,
92003,,,,,,,,,,,,,13:21,13:25,13:27,13:30,13:35,13:38,13:41,13:43,13:48,13:51,13:56,14:01,14:06,14:12,,,,,,,,,
90003,,12:54,12:57,12:59,13:02,,13:07,13:10,13:13,13:15,13:17,13:20,13:24,13:27,13:30,13:33,13:38,13:41,13:44,13:46,13:50,13:53,13:59,,,,,,,,13:04,,,,
92005,,12:54,,,,,,,,13:09,,,13:14,,,,13:24,,,,,,13:41,13:45,13:50,13:55,14:00,14:05,14:11,14:20,13:02,,,,
93003,,,,,,,,,,13:12,,,13:19,,,,13:28,,,,,,13:45,13:52,13:57,14:02,14:08,14:13,14:18,14:24,,,,,
90007,,12:58,13:01,13:03,13:06,,13:11,13:14,13:17,13:19,13:21,13:24,13:28,13:31,13:33,13:36,13:41,13:44,13:47,13:49,13:53,13:56,14:03,,,,,,,,13:08,,,,
94001,,13:02,13:05,13:07,13:10,,13:15,13:18,13:21,13:23,13:25,13:28,13:32,13:35,13:37,13:40,13:45,13:48,13:51,13:53,13:57,14:00,14:07,,,,,,,,13:12,,,,
90009,,13:03,,,,,,,,13:18,,,13:23,,,,13:32,,,,,,13:49,,,14:01,,14:09,,14:21,13:11,,,,
90011,,,,,,,,,,13:23,,,13:29,,,,13:37,,,,,,13:52,13:58,14:03,14:08,14:14,14:19,14:24,14:32,,,,,
90013,,13:05,13:08,13:10,13:13,,13:18,13:21,13:24,13:26,13:28,13:31,13:35,13:38,13:40,13:43,13:48,13:51,13:54,13:56,14:00,14:03,14:10,,,,,,,,13:15,,,,
90015,,13:08,13:11,13:13,13:16,,13:21,13:24,13:27,13:29,13:31,13:34,13:38,13:41,13:44,13:47,13:52,13:55,13:58,14:00,14:04,14:07,14:13,14:18,14:23,14:28,14:34,14:40,14:45,14:52,13:18,,,,
90017,,13:12,13:15,13:17,13:20,,13:25,13:28,13:31,13:33,13:35,13:38,13:42,13:45,13:48,13:51,13:56,13:59,14:02,14:04,14:08,14:11,14:18,,,,,,,,13:22,,,,
93001,,13:16,13:19,13:21,13:24,,13:29,13:32,13:35,13:37,13:39,13:42,13:46,13:49,13:52,13:55,14:00,14:03,14:06,14:08,14:12,14:15,14:21,,,,,,,,,,,,
90001,,13:16,13:19,13:21,13:24,,,,,13:33,,,13:38,,,,13:46,,,,,,14:01,14:06,14:11,14:16,14:22,14:27,,,,13:26,,,
92001,,13:19,13:22,13:24,13:27,,13:32,13:35,13:38,13:40,13:42,13:45,13:49,13:52,13:55,13:58,14:03,14:06,14:09,14:11,14:15,14:18,14:24,14:28,14:33,14:40,,,,,,13:29,,,
92003,,13:20,13:23,13:25,13:28,,,,,13:37,,,13:42,,,,13:50,,,,,,14:05,14:11,14:16,14:20,14:26,14:31,14:36,14:44,,13:30,,,
90003,,13:23,13:26,13:28,13:31,,13:36,13:39,13:42,13:44,13:46,13:49,13:53,13:56,13:59,14:02,14:06,14:09,14:12,14:16,,,,,,,,,,,,13:33,,,
92005,,,,,,,,,,13:40,,,13:47,,,,13:55,,,,,,14:07,,,14:15,,14:24,14:30,14:37,,,,,
93003,,,,,,,,,,,,,,,,,14:00,,,,,,,14:20,,14:26,,14:33,,14:42,,,,,
90007,,13:27,13:30,13:32,13:35,,13:40,13:43,13:46,13:48,13:50,13:53,13:57,14:00,14:03,14:06,14:10,14:13,14:16,14:18,14:22,14:25,14:32,,,,,,,,,13:37,,,
94001,,,,,,,,,,,,,,,,,14:13,14:17,14:20,14:22,14:26,14:29,14:35,14:40,14:45,14:50,14:56,15:01,15:06,15:12,,,,,
90009,,13:32,13:35,13:37,13:40,,13:45,13:48,13:51,13:53,13:55,13:58,14:02,14:05,14:08,14:11,14:16,14:20,14:23,14:25,14:29,14:32,14:38,,,,,,,,,13:42,,,
90011,,13:32,13:35,13:37,13:40,,,,,13:49,,,13:55,,,,14:06,14:10,,14:15,14:19,14:22,14:28,,,,,,,,,13:42,,,
90013,,13:38,13:41,13:43,13:46,,13:51,13:54,13:57,13:59,14:01,14:04,14:08,14:11,14:13,14:16,14:20,14:23,14:26,14:28,14:32,14:35,14:41,,,,,,,,,13:48,,,
90015,,13:38,13:41,13:43,13:46,,,,,13:55,,,14:01,,,,14:09,,,,,,14:22,14:26,14:31,14:36,14:42,14:47,14:53,15:00,,13:48,,,
93001,,13:41,13:44,13:46,13:49,13:51,13:54,13:57,14:00,14:02,14:04,14:07,14:12,,,,,,,,,,,,,,,,,,,,,,
90001,,,,,,,,,,14:00,,,14:06,,,,14:14,,,,,,14:28,14:32,14:37,14:42,14:48,14:54,15:00,15:07,,,,,
92001,,13:45,13:48,13:50,13:53,13:55,13:58,14:01,14:04,14:06,14:08,14:11,14:15,14:18,14:20,14:23,14:28,14:31,14:34,14:36,14:40,14:43,14:50,,,,,,,,,,,,
92003,,13:48,13:51,13:53,13:56,13:58,14:01,14:04,14:07,14:09,14:11,14:14,14:18,14:22,14:24,14:27,14:32,14:35,14:38,14:40,14:44,14:47,14:54,,,,,,,,,,,,
90003,,13:49,13:52,13:54,13:57,14:00,,,,14:08,,,14:13,,,,14:21,,,,,,14:35,,,,,,,,,,,,
92005,,13:52,13:55,13:57,14:00,14:02,14:05,14:08,14:11,14:13,14:15,14:18,14:22,14:25,14:28,14:31,14:36,14:39,14:42,14:44,14:48,14:51,14:56,15:01,15:07,15:12,15:18,15:23,15:29,15:36,,,,,
93003,,13:53,13:56,13:59,14:01,14:04,,,,14:12,,,14:18,,,,14:28,,,,,,14:41,,,14:50,,14:58,,15:08,,,,,
90007,,,,,,,,,,,,,,,,,,,,,,,,,,,,,,15:00,,,,,
94001,,,,,,,,,,,,,,,,,14:24,,,,,,14:38,14:44,14:49,14:54,15:00,15:06,,,,,,,
90009,,13:58,14:01,14:03,14:06,14:08,14:11,14:14,14:17,14:19,14:21,14:24,14:28,14:31,14:34,14:37,14:43,14:46,14:49,14:51,14:55,14:58,15:04,,,,,,,,,,,,
90011,,,,,,,,,,14:17,,,14:23,,,,14:32,,,,,,14:46,14:49,14:54,14:59,15:05,15:10,15:15,15:21,,,,,
90013,,14:02,14:05,14:07,14:10,14:12,14:15,14:18,14:21,14:23,14:25,14:28,14:32,14:35,14:38,14:41,14:47,14:51,14:54,14:59,,,,,,,,,,,,,,,
90015,,14:02,14:05,14:07,14:10,14:12,,,,14:20,,,14:26,,,,14:35,,,,,,14:49,14:53,14:58,15:03,15:09,15:14,15:19,15:25,,,,,
90017,,14:05,14:08,14:10,14:13,14:15,,,,14:22,,,14:30,,,,14:39,14:43,,14:48,14:52,14:55,15:01,,,,,,,,,,,,
93001,,14:10,14:13,14:15,14:18,,,,,14:27,,,14:33,,,,14:42,,,,,,14:53,14:57,15:02,15:07,15:13,15:18,15:23,15:32,,,,,
90001,,14:08,14:11,14:13,14:16,,14:21,14:24,14:27,14:29,14:31,14:34,14:38,14:41,14:44,14:47,14:51,14:54,14:57,14:59,15:03,15:06,15:12,,,,,,,,,14:18,,,
92001,,,,,,,,,,,,,,,,,14:54,14:58,15:01,15:03,15:07,15:10,15:16,15:22,15:27,15:32,15:38,15:45,,,,,,,
92003,,14:13,14:16,14:18,14:21,,14:26,14:29,14:32,14:34,14:36,14:39,14:43,14:46,14:49,14:52,14:57,15:01,15:04,15:06,15:10,15:13,15:18,,,,,,,,,14:23,,,
90003,,14:15,14:18,14:20,14:23,,,,,14:32,,,14:38,,,,14:46,,,,,,14:59,15:05,15:10,15:17,,,,,,14:25,,,
92005,,14:17,14:20,14:22,14:25,,14:30,14:33,14:36,14:38,14:40,14:43,14:47,14:50,14:53,14:56,15:01,15:05,15:08,15:10,15:14,15:17,15:23,,,,,,,,,14:27,,,
93003,,14:20,14:23,14:25,14:28,,14:33,14:36,14:39,14:41,14:43,14:46,14:50,14:53,14:56,14:59,15:05,,,,,,,,,,,,,,,14:30,,,
90007,,,,,,,,,,,,,,,,,14:50,,,,,,15:05,15:09,15:14,15:19,15:24,15:29,15:34,15:41,,,,,
94001,,,,,,,,,,,,,,,,,,,,,,,,,,,,,,15:45,,,,,
90009,,,,,,,,,,14:50,,,14:57,,,,15:06,,,,,,15:17,,,15:27,,15:35,,15:47,,,,,
90011,,,,,,,,,,,,,,,,,,,,,,,15:23,,,15:35,,15:48,,16:00,,,,,
90013,,14:24,14:27,14:29,14:32,,14:37,14:40,14:43,14:45,14:47,14:50,14:54,14:57,15:00,15:03,15:08,15:12,15:15,15:17,15:21,15:24,15:30,,,,,,,,,14:34,,,
90015,,14:27,14:30,14:32,14:35,,14:40,14:43,14:46,14:48,14:50,14:54,14:57,15:00,15:03,15:06,15:11,15:15,15:18,15:20,15:24,15:27,15:33,15:38,15:43,15:50,,,,,,14:37,,,
93001,,14:30,14:33,14:35,14:38,14:40,14:43,14:46,14:49,14:51,14:53,14:57,15:00,15:03,15:06,15:09,15:14,15:18,15:21,15:23,15:27,15:30,15:37,,,,,,,,,,,,
90001,,14:33,14:36,14:38,14:41,14:45,,,,14:54,,,15:00,,,,15:09,,,,,,15:20,15:24,15:29,15:34,15:39,15:43,15:49,15:56,,,,,
92001,,14:33,14:36,14:38,14:41,14:43,14:46,14:49,14:52,14:54,14:56,14:59,15:03,15:06,15:09,15:12,15:17,15:20,15:23,15:25,15:29,15:32,15:38,,,,,,,,,,,,
92003,,14:40,14:43,14:45,14:48,14:50,,,,14:58,,,15:05,,,,15:16,,,,,,15:27,15:33,15:38,15:43,15:48,15:53,15:58,16:05,,,,,
90003,,14:37,14:40,14:42,14:45,14:47,14:50,14:53,14:56,14:58,15:00,15:03,15:07,15:10,15:13,15:16,15:21,15:24,15:27,15:29,15:33,15:36,15:43,,,,,,,,,,,,
92005,,14:41,14:44,14:46,14:49,14:51,14:54,14:57,15:00,15:02,15:04,15:07,15:11,15:14,15:16,15:19,15:24,15:27,15:30,15:32,15:36,15:39,15:47,,,,,,,,,,,,
93003,,,,,,,,,,,,,,,,,15:27,15:31,15:34,15:36,15:40,15:43,15:49,15:54,15:58,16:04,,,,,,,,,
90007,,14:45,14:48,14:50,14:53,14:55,14:58,15:01,15:04,15:06,15:08,15:11,15:15,15:18,15:21,15:24,15:29,15:33,15:36,15:40,,,,,,,,,,,,,,,
94001,,14:49,14:52,14:54,14:57,14:59,15:02,15:05,15:08,15:10,15:12,15:15,15:19,15:22,15:25,15:28,15:34,15:37,15:40,15:42,15:46,15:49,15:55,,,,,,,,,,,,
90009,,14:50,14:53,14:55,14:58,15:00,,,,15:07,,,15:13,,,,15:21,,,,,,15:35,,,,,,,,,,,,
90011,,14:53,14:56,14:58,15:01,15:03,15:06,15:09,15:12,15:14,15:16,15:19,15:23,15:26,15:29,15:32,15:37,15:40,15:43,15:45,15:49,15:52,15:58,,,,,,,,,,,,
90013,,14:53,14:56,14:58,15:01,15:03,,,,15:10,,,15:16,,,,15:24,,,,,,15:38,15:42,15:46,15:51,15:57,16:01,16:06,16:15,,,,,
90015,,14:57,15:00,15:02,15:05,15:07,15:10,15:13,15:16,15:18,15:20,15:23,15:27,15:30,15:33,15:36,15:42,15:46,15:49,15:53,,,,,,,,,,,,,,,
93001,,14:58,15:01,15:03,15:06,,,,,15:15,,,15:20,,,,15:28,,,,,,15:41,15:45,15:50,15:55,16:00,16:05,16:12,16:19,,,,,
90001,,,,,,,,,,,,,,,,,,,,,,,15:44,15:50,15:55,16:00,16:06,16:11,16:16,16:25,,,,,
92001,,,,,,,,,,,,,,,,,,,,,,,16:00,16:04,16:09,16:14,16:20,16:26,,,,,,,
92003,,15:00,15:03,15:05,15:08,,15:13,15:16,15:19,15:21,15:23,15:26,15:30,15:33,15:35,15:38,15:43,15:48,15:51,15:53,15:57,16:00,16:06,,,,,,,,15:10,,,,
90003,,,,,,,,,,,,,15:35,15:38,15:40,15:43,15:48,15:52,15:55,15:57,16:01,16:04,16:09,16:13,16:18,16:23,16:29,16:34,16:39,16:48,,,,,
92005,,15:05,15:08,15:10,15:13,,15:18,15:21,15:24,15:27,15:30,15:33,15:38,15:41,15:43,15:46,15:51,15:55,15:58,16:00,16:04,16:07,16:13,,,,,,,,15:15,,,,
93003,,15:07,15:10,15:12,15:15,,,,,15:24,,,15:30,,,,15:39,,,,,,15:53,15:57,16:02,16:07,16:13,16:18,16:23,16:30,15:17,,,,
90007,,,,,,,,,,15:25,,,15:33,,,,15:42,,,,,,15:57,16:02,16:07,16:12,16:18,16:23,16:28,16:37,,,,,
94001,,15:10,15:13,15:15,15:18,,15:23,15:26,15:29,15:31,15:33,15:36,15:41,15:45,15:47,15:50,15:55,15:59,16:02,16:04,16:08,16:11,16:17,,,,,,,,15:20,,,,
90009,,15:12,15:15,15:17,15:20,,,,,15:29,,,15:36,,,,15:45,,,,,,16:00,,,,,,,,15:22,,,,
90011,,15:13,15:16,15:18,15:21,,15:26,15:29,15:32,15:34,15:36,15:39,15:43,15:46,15:49,15:52,15:58,16:02,16:05,16:10,,,,,,,,,,,15:23,,,,
90013,,15:16,15:19,15:21,15:24,,15:29,15:32,15:35,15:37,15:39,15:42,15:46,15:49,15:51,15:54,15:59,16:02,16:05,16:07,16:11,16:14,16:20,,,,,,,,15:26,,,,
90015,,15:18,15:21,15:23,15:26,,,,,15:35,,,15:40,,,,15:48,,,,,,16:03,,,16:12,,16:21,,16:29,15:28,,,,
93001,,15:19,15:22,15:24,15:27,,15:32,15:35,15:38,15:40,15:42,15:45,15:49,15:52,15:54,15:57,16:02,16:05,16:08,16:10,16:14,16:17,16:23,,,,,,,,,,,,
90001,,15:21,,,,,,,,15:38,,,15:43,,,,15:51,,,,,,16:06,16:11,16:16,16:21,16:27,16:32,16:37,16:43,15:31,,,,
92001,,15:22,15:25,15:27,15:30,,15:35,15:38,15:41,15:43,15:45,15:48,15:52,15:55,15:57,16:00,16:05,16:08,16:11,16:13,16:17,16:20,16:26,,,,,,,,15:32,,,,
92003,,15:26,15:29,15:31,15:34,,,,,15:44,,,15:49,,,,15:57,,,,,,16:09,16:13,16:18,16:23,16:29,16:33,16:38,16:45,15:36,,,,
90003,,15:26,15:29,15:31,15:34,,15:39,15:42,15:45,15:47,15:49,15:52,15:56,15:59,16:01,16:04,16:10,16:14,16:17,16:21,,,,,,,,,,,15:36,,,,
92005,,,,,,,,,,,,,,,,,16:10,16:15,16:18,16:20,16:24,16:27,16:31,16:36,16:41,16:46,16:52,16:57,17:02,17:10,,,,,
93003,,15:32,15:35,15:37,15:40,,15:45,15:48,15:51,15:53,15:55,15:58,16:02,16:06,16:08,16:11,16:16,16:19,16:22,16:24,16:28,16:31,16:37,,,,,,,,15:42,,,,
90007,,,,,,,,,,15:45,,,15:52,,,,16:00,,,,,,16:13,16:19,16:24,16:29,16:35,16:40,16:46,16:55,,,,,
94001,,15:32,15:35,15:37,15:40,,,,,15:50,,,15:55,,,,16:03,,,,,,16:17,16:23,16:28,16:35,,,,,15:42,,,,
90009,,15:36,15:39,15:41,15:44,,15:49,15:52,15:55,15:57,15:59,16:02,16:06,16:09,16:11,16:14,16:19,16:22,16:25,16:27,16:31,16:34,16:39,16:43,16:48,16:53,16:59,17:04,,,15:46,,,,
90011,,15:43,15:46,15:48,15:51,,,,,16:00,,,16:05,,,,16:13,,,,,,16:27,16:32,16:37,16:42,16:48,16:53,16:58,17:07,15:53,,,,
90013,,,,,,,,,,,,,,,,,16:21,16:25,16:28,16:30,16:34,16:37,16:43,16:47,16:52,16:57,17:03,17:08,17:13,17:20,,,,,
90015,,15:41,15:44,15:46,15:49,,15:54,15:57,16:00,16:02,16:04,16:07,16:11,16:14,16:16,16:19,16:24,16:28,16:31,16:33,16:37,16:40,16:46,,,,,,,,15:51,,,,
93001,,15:50,15:53,15:55,15:58,,,,,16:07,,,16:13,,,,16:21,,,,,,16:35,16:40,16:45,16:51,,,,,,,,,
90001,,15:45,15:48,15:50,15:53,,15:58,16:01,16:04,16:06,16:08,16:11,16:15,16:19,16:21,16:24,16:30,16:34,16:37,16:39,16:44,16:47,16:53,,,,,,,,,15:55,,,
92001,,15:49,15:52,15:54,15:57,,16:02,16:05,16:08,16:10,16:12,16:15,16:19,16:23,16:25,16:28,16:34,16:37,16:40,16:42,16:46,16:49,16:56,,,,,,,,,15:59,,,
92003,,15:52,15:55,15:57,16:00,,16:05,16:08,16:11,16:13,16:15,16:18,16:22,16:25,16:27,16:30,16:35,16:39,16:42,16:46,,,,,,,,,,,,16:02,,,
90003,,15:56,15:59,16:01,16:04,,16:09,16:12,16:15,16:17,16:19,16:22,16:26,16:29,16:31,16:34,16:39,16:42,16:45,16:47,16:51,16:54,17:00,,,,,,,,,16:06,,,
92005,,15:56,15:59,16:01,16:04,,,,,16:14,,,16:19,,,,16:27,,,,,,16:40,16:44,16:49,16:54,17:00,17:05,17:10,17:18,,16:06,,,
93003,,16:00,16:03,16:05,16:08,,,,,16:18,,,16:23,,,,16:31,,,,,,16:46,,,,,,,,,16:10,,,
90007,,,,,,,,16:15,16:18,16:20,16:22,16:25,16:29,16:32,16:34,16:37,16:42,16:45,16:48,16:50,16:54,16:57,17:02,17:06,17:11,17:16,17:22,17:27,17:32,17:39,,,,,
94001,,16:02,16:05,16:07,16:10,,16:15,16:18,16:21,16:23,16:25,16:28,16:32,16:35,16:37,16:40,16:45,16:48,16:51,16:53,16:57,17:00,17:06,,,,,,,,,16:12,,,
90009,,16:05,16:08,16:10,16:13,,16:18,16:21,16:24,16:26,16:28,16:31,16:35,16:38,16:40,16:43,16:48,16:51,16:54,16:56,17:00,17:03,17:09,,,,,,,,,16:15,,,
90011,,16:05,,,,,,,,16:21,,,16:26,,,,16:34,,,,,,16:48,16:51,16:56,17:01,17:07,17:12,17:17,17:25,,16:14,,,
90013,,16:08,16:11,16:13,16:16,,16:21,16:24,16:27,16:29,16:31,16:34,16:38,16:41,16:43,16:46,16:53,16:57,17:00,17:04,,,,,,,,,,,,16:18,,,
90015,,16:11,16:14,16:16,16:19,,16:24,16:27,16:30,16:32,16:34,16:37,16:41,16:44,16:47,16:50,16:55,16:58,17:01,17:03,17:07,17:10,17:16,,,,,,,,,16:21,,,
93001,,,,,,,,,,,,,,,,,16:58,17:02,17:05,17:07,17:11,17:14,17:18,17:22,17:27,17:32,17:38,17:43,17:48,17:57,,,,,
90001,,16:12,,,,16:22,,,,16:29,,,16:34,,,,16:43,,,,,,16:57,17:01,17:06,17:11,17:16,17:21,17:26,17:33,,,,,
92001,,16:16,16:19,16:21,16:24,16:26,,,,16:33,,,16:38,,,,16:47,,,,,,17:01,17:05,17:10,17:15,17:21,17:26,17:31,17:37,,,,,
92003,,,,,,,16:30,16:33,16:36,16:38,16:40,16:43,16:47,16:50,16:53,16:56,17:01,17:04,17:07,17:09,17:13,17:16,17:23,,,,,,,,,,,,
90003,,16:21,16:24,16:26,16:29,16:31,16:34,16:37,16:40,16:42,16:44,16:47,16:51,16:54,16:57,17:00,17:05,17:08,17:11,17:13,17:17,17:20,17:27,,,,,,,,,,,,
92005,,16:21,16:24,16:26,16:29,16:31,,,,16:38,,,16:43,,,,16:52,,,,,,17:05,17:10,17:15,17:22,,,,,,,,,
93003,,,,,,,,,,,,,,,,,16:56,,,,,,17:13,17:18,17:23,17:28,17:34,17:39,17:44,17:52,,,,,
90007,,,,,,,,,,16:48,,,16:55,,,,17:03,,,,,,17:17,,,17:25,,17:33,,17:44,,,,,
94001,,,,,,,,,,,,,,,,,,,,,,,17:21,17:26,17:31,17:36,17:42,17:47,17:53,18:01,,,,,
90009,,16:27,16:30,16:32,16:35,16:37,16:40,16:43,16:46,16:48,16:50,16:53,16:57,17:00,17:03,17:06,17:11,17:14,17:17,17:19,17:23,17:26,17:32,,,,,,,,,,,,
90011,,,,,,,,,,,,,,,,,17:13,17:17,17:20,17:22,17:26,17:29,17:34,17:39,17:44,17:49,17:55,18:00,18:05,18:15,,,,,
90013,,16:33,16:36,16:38,16:41,16:43,16:46,16:49,16:52,16:54,16:56,16:59,17:03,17:06,17:09,17:12,17:17,17:20,17:23,17:25,17:29,17:32,17:38,,,,,,,,,,,,
90015,,16:36,16:39,16:41,16:44,16:46,16:49,16:52,16:55,16:57,16:59,17:02,17:06,17:09,17:11,17:14,17:20,17:23,17:26,17:28,17:32,17:35,17:41,,,,,,,,,,,,
93001,,16:40,16:43,16:45,16:48,16:50,16:53,16:56,16:59,17:01,17:03,17:06,17:10,17:13,17:16,17:19,17:23,17:27,17:30,17:33,,,,,,,,,,,,,,,
90001,,16:43,16:46,16:48,16:51,16:53,16:56,16:59,17:02,17:04,17:06,17:09,17:13,17:16,17:18,17:21,,,,,,,,,,,,,,,,,,,
92001,,16:39,16:42,16:44,16:47,16:49,,,,16:56,,,17:01,,,,17:10,,,,,,17:24,17:30,17:35,17:40,17:46,17:51,17:56,18:04,,,,,
92003,,16:43,16:46,16:48,16:51,16:53,,,,17:00,,,17:05,,,,17:13,,,,,,17:28,17:34,17:39,17:44,17:50,17:55,18:00,18:08,,,,,
90003,,16:46,16:49,16:51,16:54,16:56,16:59,17:02,17:05,17:07,17:09,17:12,17:16,17:19,17:21,17:24,17:29,17:32,17:35,17:37,17:41,17:44,17:50,,,,,,,,,,,,
92005,,,,,,,,,,,,,,,,,,,,,,,17:43,17:47,17:52,17:57,18:03,18:10,,,,,,,
93003,,,,,,,,,,,,,17:18,17:22,17:24,17:27,17:32,17:35,17:38,17:40,17:44,17:47,17:54,18:00,18:05,18:10,18:16,18:23,18:30,18:37,,,,,
90007,,16:51,16:54,16:56,16:59,17:01,17:04,17:07,17:10,17:12,17:14,17:17,17:21,17:25,17:27,17:30,17:34,17:37,17:40,17:42,17:46,17:49,17:57,,,,,,,,,,,,
94001,,16:54,16:57,16:59,17:02,17:04,17:07,17:10,17:13,17:15,17:17,17:20,17:24,17:28,17:30,17:33,17:38,17:41,17:44,17:46,17:50,17:53,18:00,,,,,,,,,,,,
90009,,,,,,,,,,,,,,,,,17:25,,,,,,17:39,17:44,17:49,17:54,18:00,18:05,18:11,18:20,,,,,
90011,,,,,,,,,,17:18,,,17:26,,,,17:35,,,,,,17:49,,,17:57,,18:05,,18:14,,,,,
90013,,,,,,,,,,,,,,,,,,,,,,,,,,,,,,18:18,,,,,
90015,,16:57,17:00,17:02,17:05,17:07,17:10,17:13,17:16,17:18,17:20,17:23,17:27,17:30,17:33,17:36,17:40,17:44,17:47,17:51,,,,,,,,,,,,,,,
93001,,17:00,17:03,17:05,17:08,17:10,17:13,17:16,17:19,17:21,17:23,17:26,17:30,17:33,17:35,17:38,17:43,17:47,17:50,17:52,17:57,18:00,18:06,,,,,,,,,,,,
90001,,17:03,17:06,17:08,17:11,17:15,,,,17:23,,,17:30,,,,17:38,,,,,,17:52,17:57,18:01,18:06,18:11,18:16,18:21,18:28,,,,,
92001,,17:04,17:07,17:09,17:12,17:14,17:17,17:20,17:23,17:25,17:27,17:30,17:34,17:37,17:40,17:43,17:48,17:52,17:55,18:00,,,,,,,,,,,,,,,
92003,,,,,,,,,,17:27,,,17:34,,,,17:42,,,,,,17:56,18:00,18:05,18:10,18:15,18:20,18:26,18:34,,,,,
90003,,,,,,,,,,,,,,,,,17:47,17:52,17:55,17:57,18:02,18:05,18:10,18:15,18:20,18:25,18:31,18:36,18:41,18:48,,,,,
92005,,17:07,17:10,17:12,17:15,17:17,17:20,17:23,17:26,17:28,17:30,17:33,17:37,17:40,17:42,17:45,,,,,,,,,,,,,,,,,,,
93003,,17:10,17:13,17:15,17:18,17:20,17:23,17:26,17:29,17:31,17:33,17:36,17:40,17:43,17:45,17:48,17:53,17:56,17:59,18:01,18:05,18:08,18:16,,,,,,,,,,,,
90007,,17:12,17:15,17:17,17:20,17:22,,,,17:30,,,17:37,,,,17:45,,,,,,17:59,18:03,18:08,18:13,18:19,18:24,18:29,18:39,,,,,
94001,,17:16,17:19,17:21,17:24,17:26,17:29,17:32,17:35,17:37,17:39,17:42,17:46,17:50,17:53,17:56,18:01,18:04,18:07,18:09,18:13,18:16,18:23,,,,,,,,,,,,
90009,,17:15,17:18,17:20,17:23,17:25,,,,17:33,,,17:40,,,,17:48,,,,,,18:02,,,,,,,,,,,,
90011,,,,,,,,,,,,,,,,,,,,,,,18:15,18:20,18:25,18:30,18:36,18:41,18:46,18:53,,,,,
90013,,17:19,17:22,17:24,17:27,17:29,17:32,17:36,17:39,17:41,17:43,17:46,17:50,17:53,17:56,17:59,18:04,18:07,18:10,18:12,18:16,18:19,18:25,18:30,18:35,18:40,18:46,18:51,18:57,19:06,,,,,
90015,,17:24,17:27,17:29,17:32,17:34,,,,17:41,,,17:46,,,,17:54,17:57,,18:01,18:05,18:08,18:14,,,,,,,,,,,,
93001,,,,,,,17:36,17:40,17:43,17:45,17:47,17:50,17:54,17:57,18:00,18:03,18:08,18:11,18:14,18:16,18:20,18:23,18:28,,,,,,,,,,,,
90001,,17:27,17:30,17:32,17:35,17:37,17:40,17:43,17:46,17:48,17:50,17:53,17:57,,,,,,,,,,,,,,,,,,,,,,
92001,,17:28,17:31,17:33,17:36,17:38,,,,17:45,,,17:50,,,,17:58,18:01,,18:05,18:09,18:12,18:20,,,,,,,,,,,,
92003,,17:30,17:33,17:35,17:38,17:40,17:43,17:46,17:49,17:51,17:53,17:56,18:00,18:03,18:05,18:08,18:14,18:18,18:21,18:25,,,,,,,,,,,,,,,
90003,,17:33,17:36,17:38,17:41,17:43,17:46,17:49,17:52,17:54,17:56,17:59,18:03,18:06,18:08,18:11,18:15,18:19,18:22,18:24,18:28,18:31,18:38,,,,,,,,,,,,
92005,,,,,,,,,,,,,18:06,18:10,18:12,18:15,18:18,18:22,18:25,18:27,18:31,18:34,18:41,,,,,,,,,,,,
93003,,,,,,,,,,,,,,,,,,,,,,,18:40,18:44,18:49,18:54,19:00,19:05,19:10,19:17,,,,,
90007,,17:36,17:39,17:41,17:44,17:46,,,,17:54,,,18:00,,,,18:08,,,,,,18:22,18:27,18:32,18:37,18:43,18:47,18:52,19:00,,,,,
94001,,,,,,,,,,,,,,,,,18:20,18:25,18:28,18:30,18:34,18:37,18:43,18:47,18:52,18:57,19:03,19:08,19:13,19:20,,,,,
90009,,17:39,17:42,17:44,17:47,17:49,17:52,17:55,17:58,18:00,18:02,18:05,18:09,18:13,18:15,18:18,18:24,18:28,18:31,18:33,18:37,18:40,18:47,,,,,,,,,,,,
90011,,17:39,17:42,17:44,17:47,17:49,,,,17:57,,,18:03,,,,18:11,18:15,,18:20,18:24,18:27,18:34,,,,,,,,,,,,
90013,,,,,,,,,,,,,,,,,18:10,,,,,,18:25,18:29,18:33,18:38,18:43,18:47,18:52,18:59,,,,,
90015,,,,,,,,,,18:00,,,18:06,,,,18:14,,,,,,18:28,18:34,18:38,18:43,18:49,18:55,19:01,19:07,,,,,
93001,,17:42,17:45,17:47,17:50,,17:55,17:58,18:01,18:03,18:05,18:08,18:13,18:17,18:20,18:23,18:28,18:32,18:35,18:39,,,,,,,,,,,,,,,
90001,,17:45,17:48,17:50,17:53,,17:58,18:01,18:04,18:06,18:08,18:11,18:15,18:18,18:21,18:24,,,,,,,,,,,,,,,,17:55,,,
92001,,17:48,17:51,17:53,17:56,,18:01,18:04,18:07,18:09,18:11,18:14,18:18,18:21,18:24,18:27,18:32,18:36,18:39,18:41,18:45,18:48,18:55,,,,,,,,,17:58,,,
92003,,17:50,17:53,17:55,17:58,,,,,18:08,,,18:13,,,,18:23,,,,,,18:38,,,,,,,,,18:00,,,
90003,,17:51,17:54,17:56,17:59,,18:04,18:07,18:10,18:12,18:14,18:17,18:21,,,,,,,,,,,,,,,,,,,18:01,,,
92005,,17:53,17:56,17:58,18:01,,,,,18:11,,,18:16,,,,18:27,18:32,,18:37,18:41,18:45,18:52,,,,,,,,,18:03,,,
93003,,17:54,17:57,17:59,18:02,,18:07,18:10,18:13,18:15,18:17,18:20,18:24,18:27,18:31,18:34,18:38,18:42,18:45,18:48,18:52,18:55,19:01,19:05,19:09,19:14,19:20,19:25,19:30,19:36,,18:04,,,
90007,,17:56,17:59,18:01,18:04,,,,,18:14,,,18:20,,,,18:30,,,,,,18:41,18:45,18:49,18:53,18:58,19:03,19:08,19:15,,18:06,,,
94001,,,,,,,,,,,,,,,,,,,,,,,18:50,18:55,19:00,19:06,19:12,19:18,,,,,,,
90009,,17:57,18:00,18:02,18:05,,18:10,18:13,18:16,18:18,18:20,18:23,18:27,18:30,18:33,18:36,18:41,18:45,18:48,18:51,,,,,,,,,,,,18:07,,,
90011,,17:59,18:02,18:04,18:07,,,,,18:18,,,18:24,,,,18:35,18:40,,18:45,18:49,18:52,18:59,,,,,,,,,18:09,,,
90013,,,,,,,,,,,,,,,,,18:27,,,,,,18:44,,,18:57,,19:06,,19:20,,,,,
90015,,,,,,,18:13,18:16,18:19,18:21,18:23,18:26,18:30,18:33,18:35,18:38,18:42,18:46,18:49,18:52,18:56,18:59,19:06,,,,,,,,,18:10,,,
93001,,18:00,18:03,18:05,18:08,,18:13,18:16,18:19,18:21,18:23,18:26,18:30,18:33,18:35,18:38,18:42,18:46,18:49,18:52,18:56,18:59,19:06,,,,,,,,,,,,
90001,,18:03,18:06,18:08,18:11,,18:16,18:19,18:22,18:24,18:26,18:29,18:33,18:36,18:38,18:41,18:45,18:49,18:52,18:55,18:59,19:02,19:08,19:12,19:17,19:22,19:28,19:33,19:38,19:45,,18:13,,,
92001,,18:06,18:09,18:11,18:14,,18:19,18:22,18:25,18:27,18:29,18:32,18:36,18:39,18:41,18:44,18:48,18:52,18:55,18:58,19:02,19:05,19:11,,,,,,,,,18:16,,,
92003,,18:06,18:09,18:11,18:14,,,,,18:26,,,18:32,,,,18:42,,,,,,18:56,19:01,19:06,19:13,,,,,,18:16,,,
90003,,18:11,18:14,18:16,18:19,,,,,18:29,,,18:35,,,,18:45,,,,,,19:00,,,,,,,,,18:21,,,
92005,,,,,,,,,,,,,,,,,18:50,18:55,18:58,19:01,19:05,19:08,19:13,19:17,19:22,19:27,19:33,19:37,19:42,19:49,,,,,
93003,,18:13,18:16,18:18,18:21,,18:26,18:29,18:32,18:34,18:36,18:39,18:43,18:46,18:49,18:52,18:56,18:59,19:02,19:04,19:08,19:11,19:17,19:22,19:27,19:32,19:38,19:44,19:51,19:59,,18:23,,,
90007,,18:14,18:17,18:19,18:22,,,,,18:32,,,18:38,,,,18:48,,,,,,19:02,19:06,19:11,19:16,19:22,19:26,19:31,19:38,,18:24,,,
94001,,,,,,,,,,,,,,,,,18:52,,,,,,19:11,19:16,19:21,19:26,19:32,19:37,19:42,19:49,,,,,
90009,,,,,,,,,,18:35,,,18:42,,,,18:51,,,,,,19:06,,,,,,,,,,,,
90011,,18:16,18:19,18:21,18:24,,18:29,18:32,18:35,18:37,18:39,18:42,18:46,18:49,18:52,18:55,18:59,19:02,19:05,19:07,19:11,19:14,19:20,,,,,,,,,18:26,,,
90013,,18:19,18:22,18:24,18:27,,18:32,18:35,18:38,18:40,18:42,18:45,18:49,18:52,18:56,18:59,19:03,19:06,19:09,19:11,19:15,19:18,19:25,,,,,,,,,18:29,,,
90015,,18:22,18:25,18:27,18:30,,18:35,18:38,18:41,18:43,18:45,18:48,18:52,18:55,18:58,19:01,19:06,19:10,19:13,19:16,,,,,,,,,,,,18:32,,,
93001,,18:22,18:25,18:27,18:30,18:32,,,,18:39,,,18:45,,,,18:54,,,,,,19:08,19:12,19:17,19:22,19:28,19:33,19:39,19:46,,,,,
90001,,18:25,18:28,18:30,18:33,18:35,18:38,18:41,18:44,18:46,18:48,18:51,18:55,,,,,,,,,,,,,,,,,,,,,,
92001,,18:25,18:28,18:30,18:33,18:35,,,,18:42,,,18:48,,,,18:57,,,,,,19:12,,,,,,,,,,,,
92003,,,,,,,,,,,,,,,,,19:10,19:15,19:18,19:21,19:25,19:28,19:33,19:37,19:42,19:47,19:53,19:58,20:04,20:11,,,,,
90003,,18:28,18:31,18:33,18:36,18:38,18:41,18:44,18:47,18:49,18:51,18:54,18:58,19:02,19:06,19:09,19:15,19:19,19:22,19:24,19:28,19:31,19:37,,,,,,,,,,,,
92005,,18:28,18:31,18:33,18:36,18:38,,,,18:45,,,18:51,,,,19:00,,,,,,19:16,19:21,19:26,19:31,19:36,19:41,19:46,19:56,,,,,
93003,,18:32,18:35,18:37,18:40,18:42,18:45,18:48,18:51,18:53,18:55,18:58,19:02,19:06,19:10,19:13,19:19,19:23,19:26,19:28,19:32,19:35,19:42,,,,,,,,,,,,
90007,,18:31,18:34,18:36,18:39,18:41,,,,18:48,,,18:54,,,,19:03,,,,19:11,19:14,19:20,,,,,,,,,,,,
94001,,,,,,,,,,,,,,,,,,,,,,,19:22,19:27,19:32,19:37,19:43,19:48,19:54,,,,,,
90009,,18:35,18:38,18:40,18:43,18:45,18:48,18:51,18:54,18:56,18:58,19:01,19:05,19:09,19:13,19:16,19:22,19:26,19:29,19:31,19:35,19:38,19:45,,,,,,,,,,,,
90011,,18:35,18:38,18:40,18:43,18:45,,,,18:52,,,18:58,,,,19:06,19:09,,19:14,,,19:23,,,,,,,,,,,,
90013,,18:38,18:41,18:43,18:46,18:48,18:51,18:54,18:57,18:59,19:01,19:04,19:08,19:12,19:16,19:20,19:25,19:29,19:32,19:34,19:38,19:41,19:47,19:51,19:56,20:03,,,,,,,,,
90015,,18:46,18:49,18:51,18:54,18:56,,,,19:03,,,19:08,,,,19:17,,,,,,19:29,19:34,19:39,19:46,,,,,,,,,
93001,,18:22,18:25,18:27,18:30,18:32,,,,18:39,,,18:45,,,,18:54,,,,,,19:08,19:12,19:17,19:22,19:28,19:33,19:39,19:46,,,,,
90001,,18:25,18:28,18:30,18:33,18:35,18:38,18:41,18:44,18:46,18:48,18:51,18:55,,,,,,,,,,,,,,,,,,,,,,
92001,,18:25,18:28,18:30,18:33,18:35,,,,18:42,,,18:48,,,,18:57,,,,,,19:12,,,,,,,,,,,,
92003,,,,,,,,,,,,,,,,,19:10,19:15,19:18,19:21,19:25,19:28,19:33,19:37,19:42,19:47,19:53,19:58,20:04,20:11,,,,,
90003,,18:28,18:31,18:33,18:36,18:38,18:41,18:44,18:47,18:49,18:51,18:54,18:58,19:02,19:06,19:09,19:15,19:19,19:22,19:24,19:28,19:31,19:37,,,,,,,,,,,,
92005,,18:28,18:31,18:33,18:36,18:38,,,,18:45,,,18:51,,,,19:00,,,,,,19:16,19:21,19:26,19:31,19:36,19:41,19:46,19:56,,,,,
93003,,18:32,18:35,18:37,18:40,18:42,18:45,18:48,18:51,18:53,18:55,18:58,19:02,19:06,19:10,19:13,19:19,19:23,19:26,19:28,19:32,19:35,19:42,,,,,,,,,,,,
90007,,18:31,18:34,18:36,18:39,18:41,,,,18:48,,,18:54,,,,19:03,,,,19:11,19:14,19:20,,,,,,,,,,,,
94001,,,,,,,,,,,,,,,,,,,,,,,19:22,19:27,19:32,19:37,19:43,19:48,19:54,,,,,,
90009,,18:35,18:38,18:40,18:43,18:45,18:48,18:51,18:54,18:56,18:58,19:01,19:05,19:09,19:13,19:16,19:22,19:26,19:29,19:31,19:35,19:38,19:45,,,,,,,,,,,,
90011,,18:35,18:38,18:40,18:43,18:45,,,,18:52,,,18:58,,,,19:06,19:09,,19:14,,,19:23,,,,,,,,,,,,
90013,,18:38,18:41,18:43,18:46,18:48,18:51,18:54,18:57,18:59,19:01,19:04,19:08,19:12,19:16,19:20,19:25,19:29,19:32,19:34,19:38,19:41,19:47,19:51,19:56,20:03,,,,,,,,,
90015,,18:46,18:49,18:51,18:54,18:56,,,,19:03,,,19:08,,,,19:17,,,,,,19:29,19:34,19:39,19:46,,,,,,,,,
93001,,,,,,,,,,,,,,,,,19:28,19:32,19:35,19:37,19:41,19:44,19:50,19:55,20:01,20:07,20:14,20:19,20:25,20:33,,,,,
90001,,18:41,18:44,18:46,18:49,18:51,18:54,18:57,19:00,19:02,19:04,19:07,19:11,,,,,,,,,,,,,,,,,,,,,,
92001,,,,,,,,,,,,,19:15,19:19,19:23,19:26,19:31,19:35,19:38,19:40,19:44,19:47,19:54,,,,,,,,,,,,
92003,,18:47,18:50,18:52,18:55,18:57,19:00,19:03,19:06,19:08,19:10,19:13,19:18,19:22,19:26,19:29,19:34,19:38,19:41,19:43,19:47,19:50,19:57,,,,,,,,,,,,
90003,,,,,,,,,,,,,,,,,19:20,,,,,,19:33,19:37,19:42,19:48,19:53,20:00,20:06,20:15,,,,,
92005,,18:51,18:54,18:56,18:59,19:01,19:04,19:07,19:10,19:12,19:14,19:17,19:21,19:25,19:29,19:32,19:37,19:41,19:44,19:46,19:50,19:53,19:59,20:04,20:09,20:14,20:20,20:25,20:32,20:40,,,,,
93003,,18:50,18:53,18:55,18:58,19:00,,,,19:07,,,19:13,,,,19:23,,,,,,19:37,19:41,19:46,19:51,19:57,20:04,20:10,20:19,,,,,
90007,,18:54,18:57,18:59,19:02,19:04,19:07,19:10,19:13,19:15,19:17,19:20,19:24,19:28,19:32,19:35,19:42,19:46,19:49,19:53,,,,,,,,,,,,,,,
94001,,18:57,19:00,19:02,19:05,19:07,19:10,19:13,19:16,19:18,19:20,19:23,19:27,19:31,19:34,19:37,19:43,,,,,,,,,,,,,,,,,,
90009,,19:00,19:03,19:05,19:08,19:10,,,,19:18,,,19:23,,,,19:31,,,,,,19:43,19:48,19:53,19:58,20:04,20:09,20:14,20:22,,,,,
90011,,19:00,19:03,19:05,19:08,19:10,19:13,19:16,19:19,19:21,19:23,19:26,19:30,19:34,19:37,19:40,19:46,19:49,19:52,19:54,19:58,20:01,20:07,,,,,,,,,,,,
90013,,19:03,19:06,19:08,19:11,19:13,19:16,19:19,19:22,19:24,19:26,19:29,19:34,,,,,,,,,,,,,,,,,,,,,,
90015,,19:05,19:08,19:10,19:13,19:15,,,,19:22,,,19:27,,,,19:36,,,,,,19:51,19:55,20:00,20:05,20:10,20:13,20:20,20:27,,,,,
93001,,19:07,19:10,19:12,19:15,19:17,19:20,19:23,19:26,19:28,19:30,19:33,19:37,19:40,19:42,19:45,19:51,19:55,19:58,20:01,20:05,20:08,20:15,,,,,,,,,,,,
90001,,,,,,,,,,19:23,,,19:32,,,,19:40,,,,,,19:55,20:00,20:05,20:10,20:15,20:21,20:26,20:34,,,,,
92001,,19:11,19:14,19:16,19:19,19:21,,,,19:28,,,19:35,,,,19:43,,,,,,19:59,,,,,,,,,,,,
92003,,19:10,19:13,19:15,19:18,19:20,19:23,19:26,19:29,19:31,19:33,19:36,19:40,19:43,19:45,19:48,,,,,,,,,,,,,,,,,,,
90003,,19:14,19:17,19:19,19:22,19:24,19:27,19:30,19:33,19:35,19:37,19:40,19:44,19:47,19:49,19:52,19:57,20:01,20:04,20:08,,,,,,,,,,,,,,,
92005,,19:15,,,,19:24,,,,19:31,,,19:38,,,,19:47,,,,,,20:02,20:06,20:11,20:16,20:22,20:27,20:32,20:41,,,,,
93003,,,,,,,,,,,,,,,,,,,,,,,,,,,,,,20:30,,,,,
90007,,19:19,19:22,19:24,19:27,19:29,,,,19:35,,,19:41,,,,19:50,,,,19:59,20:02,20:09,,,,,,,,,,,,
94001,,,,,,,,,,19:38,,,19:45,,,,19:54,,,,,,20:12,20:16,20:21,20:27,,,,,,,,,
90009,,,,,,,,,,,,,,,,,,,,,,,20:16,20:21,20:26,20:31,20:37,20:42,20:48,20:55,,,,,
90011,,,,,,,,,,,,,,,,,,,,,,,20:21,20:26,20:31,20:36,20:42,20:48,20:53,20:59,,,,,
90013,,19:20,19:23,19:25,19:28,19:30,19:33,19:36,19:39,19:41,19:43,19:46,19:50,19:53,19:56,19:59,20:04,20:07,20:10,20:12,20:17,20:20,20:26,,,,,,,,,,,,
90015,,,,,,,,,,,,,19:52,19:56,19:59,20:02,20:07,20:10,20:13,20:15,20:20,20:23,20:28,20:33,20:38,20:43,,,,,,,,,
93001,,19:25,19:28,19:30,19:33,,19:38,19:41,19:44,19:46,19:48,19:51,19:55,19:59,20:02,20:05,20:10,20:13,20:16,20:18,20:23,20:26,20:33,,,,,,,,,,,,
90001,,19:25,19:28,19:30,19:33,,,,,19:42,,,19:48,,,,19:57,20:01,,20:06,20:10,20:13,20:19,,,,,,,,,19:35,,,
92001,,19:28,19:31,19:33,19:36,,19:41,19:44,19:47,19:49,19:51,19:54,19:59,,,,,,,,,,,,,,,,,,,19:38,,,
92003,,19:30,19:33,19:35,19:38,,,,,19:47,,,19:52,,,,20:01,,,,,,20:15,20:18,20:23,20:28,20:34,20:39,20:44,20:51,,19:40,,,
90003,,,,,,,,,,,,,,,,,20:13,20:17,20:20,20:22,20:26,20:29,20:36,20:40,20:45,20:50,20:56,21:01,21:06,21:13,,,,,
92005,,19:31,19:34,19:36,19:39,,19:44,19:47,19:50,19:52,19:54,19:57,20:01,20:04,20:06,20:09,20:14,20:18,20:21,20:24,,,,,,,,,,,,19:41,,,
93003,,19:34,19:37,19:39,19:42,,19:47,19:50,19:53,19:55,19:57,20:00,20:04,20:07,20:09,20:12,20:17,20:20,20:23,20:25,20:30,20:33,20:40,,,,,,,,,19:44,,,
90007,,19:34,19:37,19:39,19:42,,,,,19:51,,,19:56,,,,20:05,,,,20:13,20:16,20:23,,,,,,,,,19:44,,,
94001,,19:37,19:40,19:42,19:45,,19:50,19:53,19:56,19:58,20:00,20:03,20:07,20:10,20:13,20:16,20:20,20:24,20:27,20:33,,,,,,,,,,,,19:47,,,
90009,,19:40,19:43,19:45,19:48,,,,,19:58,,,20:03,,,,20:12,,,,,,20:27,20:33,20:38,20:43,20:49,20:54,20:59,21:06,,19:50,,,
90011,,19:43,19:46,19:48,19:51,,,,,20:01,,,20:06,,,,20:15,,,,,,20:32,20:36,20:41,20:46,20:52,20:57,21:02,21:09,,19:53,,,
90013,,,,,,,,,,,,,20:09,20:14,20:16,20:19,20:25,20:29,20:32,20:34,20:38,20:41,20:47,20:51,20:56,21:01,21:07,21:12,21:17,21:24,,,,,
90015,,19:45,19:48,19:50,19:53,,19:58,20:01,20:04,20:06,20:08,20:11,20:15,20:18,20:20,20:23,20:29,20:33,20:36,20:38,20:42,20:45,20:52,,,,,,,,,19:55,,,
93001,,19:48,19:51,19:53,19:56,19:58,20:01,20:04,20:07,20:09,20:11,20:14,20:18,20:21,20:23,20:26,20:31,20:35,20:38,20:41,,,,,,,,,,,,,,,
90001,,19:49,19:52,19:54,19:57,19:59,,,,20:06,,,20:11,,,,20:20,,,,,,20:35,20:39,20:44,20:49,20:55,21:00,21:07,21:14,,,,,
92001,,,,,,,,,,,,,,,,,20:32,20:36,20:39,20:41,20:45,20:48,20:55,20:59,21:04,21:09,21:15,21:20,21:25,21:32,,,,,
92003,,19:51,19:54,19:56,19:59,20:01,20:04,20:07,20:10,20:12,20:14,20:17,20:21,20:25,20:27,20:30,20:36,20:40,20:43,20:45,20:49,20:52,20:59,,,,,,,,,,,,
90003,,,,,,,,,,,,,,,,,20:23,,,,,,20:39,20:42,20:47,20:52,20:58,21:03,,,,,,,
92005,,,,,,,,,,,,,,,,,,,,,,,20:40,20:46,20:51,20:56,21:02,21:07,21:12,21:18,,,,,
93003,,19:54,19:57,19:59,20:02,20:04,20:07,20:10,20:13,20:15,20:17,20:20,20:24,20:28,20:30,20:33,20:39,20:43,20:46,20:48,20:52,20:55,21:01,,,,,,,,,,,,
90007,,19:54,19:57,19:59,20:02,20:04,,,,20:11,,,20:17,,,,20:27,,,,,,20:42,,,,,,,,,,,,
94001,,19:57,20:00,20:02,20:05,20:07,20:10,20:13,20:16,20:19,20:21,20:24,20:28,20:32,20:34,20:37,20:42,20:46,20:49,20:52,,,,,,,,,,,,,,,
90009,,,,,,,,,,,,,,,,,,,,,,,,,,,,,,21:05,,,,,
90011,,19:58,20:01,20:03,20:06,20:08,,,,20:15,,,20:21,,,,20:31,,,,,,20:45,20:49,20:54,20:59,21:05,21:10,21:15,21:21,,,,,
90013,,20:01,20:04,20:06,20:09,20:11,20:14,20:17,20:20,20:22,20:24,20:27,20:31,20:34,20:36,20:39,20:46,20:49,20:52,20:54,20:58,21:01,21:09,,,,,,,,,,,,
90015,,20:03,20:06,20:08,20:11,20:13,,,,20:20,,,20:25,,,,20:34,,,,,,20:51,20:56,21:00,21:05,21:11,21:16,21:21,21:28,,,,,
93001,,,,,,,,,,20:23,,,20:29,,,,20:38,,,,20:46,20:49,20:56,,,,,,,,,,,,
90001,,20:04,20:07,20:09,20:12,,20:17,20:20,20:23,20:25,20:27,20:30,20:34,,,,,,,,,,,,,,,,,,20:14,,,,
92001,,20:07,20:10,20:12,20:15,,20:20,20:23,20:26,20:28,20:30,20:33,20:37,20:40,20:42,20:45,20:51,20:55,20:58,21:02,,,,,,,,,,,20:17,,,,
92003,,20:10,20:13,20:15,20:18,,,,,20:27,,,20:33,,,,20:42,20:46,,20:51,20:55,20:58,21:04,,,,,,,,20:20,,,,
90003,,20:10,20:13,20:15,20:18,,20:23,20:26,20:29,20:31,20:33,20:36,20:40,20:43,20:46,20:49,20:55,20:59,21:02,21:06,,,,,,,,,,,20:20,,,,
92005,,20:13,20:16,20:18,20:21,,20:26,20:29,20:32,20:34,20:36,20:39,20:43,20:46,20:48,20:51,20:56,20:59,21:02,21:04,21:08,21:11,21:17,,,,,,,,20:23,,,,
93003,,20:14,,,,,,,,20:30,,,20:36,,,,20:45,,,,,,20:59,21:03,21:08,21:13,21:19,21:24,21:29,21:37,20:23,,,,
90007,,,,,,,,,,,,,,,,,20:48,,,,,,21:02,21:07,21:12,21:17,21:23,21:28,21:33,21:41,,,,,
94001,,,,,,,,,,,,,20:46,20:50,20:52,20:55,21:00,21:03,21:06,21:08,21:12,21:15,21:21,21:25,21:30,21:36,,,,,,,,,
90009,,20:17,20:20,20:22,20:25,,,,,20:34,,,20:39,,,,20:48,20:52,,20:57,21:01,21:04,21:10,,,,,,,,20:27,,,,
90011,,20:20,20:23,20:25,20:28,,20:33,20:36,20:39,20:41,20:43,20:46,20:50,20:53,20:56,20:59,21:04,21:07,21:10,21:12,21:16,21:19,21:26,,,,,,,,20:30,,,,
90013,,20:20,20:23,20:25,20:28,,,,,20:37,,,20:42,,,,20:51,,,,,,21:06,,,21:17,,21:29,,21:41,20:30,,,,
90015,,,,,,,,,,,,,,,,,,,,,,,21:14,21:19,21:24,21:29,21:34,21:39,21:44,21:51,,,,,
93001,,,,,,,,,,,,,,,,,,,,,,,21:17,21:22,21:27,21:32,21:38,21:43,21:49,21:56,,,,,
90001,,20:24,20:27,20:29,20:32,,20:37,20:40,20:43,20:45,20:47,20:50,20:55,,,,,,,,,,,,,,,,,,,20:34,,,
92001,,20:24,20:27,20:29,20:32,,,,,20:41,,,20:46,,,,20:55,,,,,,21:10,21:13,21:18,21:23,21:29,21:33,21:38,21:44,,20:34,,,
92003,,20:27,20:30,20:32,20:35,,,,,20:44,,,20:49,,,,20:58,,,,,,21:14,21:19,21:24,21:29,21:34,21:39,21:45,,,20:37,,,
90003,,,,,,,,,,20:47,,,20:54,,,,21:02,,,,,,21:18,21:22,21:27,21:32,21:38,21:42,21:47,21:54,,,,,
92005,,20:27,20:30,20:32,20:35,,20:40,20:43,20:46,20:48,20:50,20:53,20:57,21:01,21:04,21:07,21:13,21:17,21:20,21:24,,,,,,,,,,,,20:37,,,
93003,,,,,,,,,,,,,,,,,21:08,21:12,21:15,21:17,21:21,21:24,21:30,21:34,21:39,21:45,,,,,,,,,
90007,,20:30,20:33,20:35,20:38,,20:43,20:46,20:49,20:51,20:53,20:56,21:00,21:04,21:06,21:09,21:15,21:18,21:21,21:23,21:27,21:30,21:36,,,,,,,,,20:40,,,
94001,,20:30,20:33,20:35,20:38,,,,,20:50,,,20:57,,,,21:05,,,,,,21:21,,,,,,,,,20:41,,,
90009,,20:33,20:36,20:38,20:41,,20:46,20:49,20:52,20:54,20:56,20:59,21:03,21:07,21:09,21:12,21:18,21:21,21:24,21:26,21:30,21:33,21:39,,,,,,,,,20:43,,,
90011,,20:37,20:40,20:42,20:45,,20:50,20:53,20:56,20:58,21:00,21:03,21:07,21:11,21:13,21:16,21:22,21:25,21:28,21:30,21:34,21:37,21:43,,,,,,,,,20:47,,,
90013,,20:38,20:41,20:43,20:46,,,,,20:55,,,21:00,,,,21:09,,,,,,21:24,21:29,21:34,21:39,21:45,21:50,21:55,22:03,,20:48,,,
90015,,,,,,,,,,,,,,,,,21:25,21:29,21:32,21:34,21:38,21:41,21:46,21:50,21:55,22:00,22:06,22:11,22:16,22:23,,,,,
93001,,20:41,20:44,20:46,20:49,20:51,,,,20:58,,,21:03,,,,21:12,,,,,,21:28,,,,,,,,,,,,
90001,,20:44,20:47,20:49,20:52,20:54,20:57,21:00,21:03,21:05,21:07,21:10,21:14,21:17,21:19,21:22,21:28,21:32,21:35,21:37,21:41,21:44,21:50,21:54,21:59,22:04,22:10,22:15,22:20,22:29,,,,,
92001,,20:47,20:50,20:52,20:55,20:57,21:00,21:03,21:06,21:08,21:10,21:13,21:17,,,,,,,,,,,,,,,,,,,,,,
92003,,20:52,20:55,20:57,21:00,21:02,21:05,21:08,21:11,21:13,21:15,21:18,21:22,21:26,21:28,21:31,21:36,21:40,21:43,21:45,21:50,21:53,21:59,,,,,,,,,,,,
90003,,20:52,20:55,20:57,21:00,21:02,,,,21:09,,,21:14,,,,21:22,,,,,,21:37,21:41,21:46,21:51,21:57,22:02,22:07,22:13,,,,,
92005,,,,,,,,,,21:08,,,21:17,,,,21:25,21:28,,21:33,21:38,21:42,21:49,,,,,,,,,,,,
93003,,20:55,20:58,21:00,21:03,21:05,21:08,21:11,21:14,21:16,21:18,21:21,21:25,21:29,21:31,21:34,21:40,21:45,21:48,21:50,21:54,21:57,22:04,,,,,,,,,,,,
90007,,,,,,,,,,,,,,,,,,,,,,,22:00,22:06,22:11,22:16,22:22,22:27,22:32,22:39,,,,,
94001,,20:58,21:01,21:03,21:06,21:08,21:11,21:14,21:17,21:20,21:22,21:25,21:29,21:33,21:36,21:39,21:45,21:49,21:52,21:56,,,,,,,,,,,,,,,
90009,,21:01,21:04,21:06,21:09,21:11,,,,,,,,,,,,,,,,,,,,,,,,,,,,,
90011,,,,,,,,,,21:19,,,21:26,,,,21:35,,,,,,21:52,21:58,22:03,22:08,22:14,22:20,22:25,22:32,,,,,
90013,,21:05,21:08,21:10,21:13,21:15,21:18,21:21,21:24,21:26,21:28,21:31,21:35,21:39,21:42,21:45,21:49,21:53,21:56,21:58,22:02,22:05,22:11,22:15,22:20,22:25,22:31,22:36,22:41,22:49,,,,,
90015,,21:05,21:08,21:10,21:13,21:15,,,,21:22,,,21:28,,,,21:38,21:41,,21:45,21:49,,,,,,,,,,,,,,
93001,,21:08,21:11,21:13,21:16,,21:21,21:24,21:27,21:30,21:32,21:35,21:39,21:43,21:46,21:49,21:53,21:57,22:00,22:02,22:06,22:09,22:14,,,,,,,,,,,,
90001,,21:12,21:15,21:17,21:20,,,,,21:29,,,21:36,,,,21:45,21:49,,21:54,21:58,22:01,22:07,,,,,,,,21:22,,,,
92001,,21:14,21:17,21:19,21:22,,21:27,21:30,21:33,21:35,21:37,21:40,21:44,21:47,21:49,21:52,21:58,22:01,22:04,22:06,22:10,22:13,22:20,,,,,,,,21:24,,,,
92003,,,,,,,,,,,,,,,,,22:01,22:06,22:09,22:11,22:15,22:18,22:23,22:29,22:34,22:39,22:45,22:50,22:55,,,,,,
90003,,21:17,21:20,21:22,21:25,,21:30,21:33,21:36,21:38,21:40,21:43,21:47,21:50,21:52,21:55,22:01,,,,,,,,,,,,,,21:27,,,,
92005,,21:20,21:23,21:25,21:28,,21:33,21:36,21:39,21:41,21:43,21:46,21:50,21:53,21:55,21:58,22:04,22:08,22:11,22:13,22:17,22:20,22:26,,,,,,,,21:30,,,,
93003,,21:22,21:25,21:27,21:30,,,,,21:39,,,21:44,,,,21:52,,,,,,22:07,22:12,22:17,22:22,22:28,22:33,22:38,22:46,21:32,,,,
90007,,21:23,21:26,21:28,21:31,,21:36,21:39,21:42,21:44,21:46,21:49,21:53,21:56,21:58,22:01,22:07,22:10,22:13,22:15,22:19,22:22,22:28,22:32,22:37,22:43,,,,,21:33,,,,
94001,,21:26,21:29,21:31,21:34,,21:39,21:42,21:45,21:47,21:49,21:52,21:56,21:59,22:01,22:04,22:10,22:13,22:16,22:18,22:22,22:25,22:34,,,,,,,,21:36,,,,
90009,,21:33,21:36,21:38,21:41,,,,,21:50,,,21:55,,,,22:03,,,,,,22:17,22:23,22:28,22:33,22:39,22:44,22:50,22:59,21:43,,,,
90011,,,,,,,,,,,,,,,,,22:10,,,,,,22:28,22:32,22:37,22:42,22:47,22:52,22:57,23:05,,,,,
90013,,21:33,21:36,21:38,21:41,,21:46,21:49,21:52,21:54,21:56,21:59,22:03,,,,,,,,,,,,,,,,,,21:43,,,,
90015,,,,,,,,,,,,,,,,,22:16,22:20,22:23,22:25,22:29,22:32,22:37,22:41,22:46,22:52,,,,,,,,,
93001,,,,,,,,,,,,,,,,,,,,,,,22:40,22:46,22:51,22:56,23:02,23:07,23:13,23:20,,,,,
90001,,21:36,21:39,21:41,21:44,21:46,21:49,21:52,21:55,21:57,21:59,22:02,22:06,22:09,22:11,22:14,22:20,22:23,22:26,22:28,22:32,22:35,22:41,,,,,,,,,,,,
92001,,21:39,21:42,21:44,21:47,21:49,21:52,21:55,21:58,22:00,22:02,22:05,22:09,22:12,22:14,22:17,22:23,22:27,22:30,22:32,22:36,22:39,22:46,,,,,,,,,,,,
92003,,21:42,21:45,21:47,21:50,21:52,21:55,21:58,22:01,22:03,22:05,22:08,22:12,22:15,22:17,22:20,22:26,22:30,22:33,22:35,22:39,22:43,22:49,,,,,,,,,,,,
90003,,21:44,21:47,21:49,21:52,21:54,,,,22:01,,,22:06,,,,22:15,,,,,,22:31,22:35,22:40,22:45,22:51,22:56,23:02,23:09,,,,,
92005,,21:45,21:48,21:50,21:53,21:55,21:58,22:01,22:04,22:06,22:08,22:11,22:15,22:18,22:20,22:23,22:29,22:33,22:36,22:38,22:42,22:46,22:52,,,,,,,,,,,,
93003,,21:48,21:51,21:53,21:56,21:58,22:01,22:04,22:07,22:09,22:11,22:14,22:18,22:21,22:23,22:26,22:32,22:36,22:39,22:41,22:45,22:49,22:55,,,,,,,,,,,,
90007,,21:48,21:51,21:53,21:56,21:58,,,,22:05,,,22:10,,,,22:19,,,,22:28,22:31,22:39,,,,,,,,,,,,
94001,,21:52,21:55,21:57,22:00,22:02,22:05,22:08,22:11,22:13,22:15,22:18,22:22,22:26,22:28,22:31,22:37,22:41,22:44,22:46,22:50,22:53,23:00,,,,,,,,,,,,
90009,,21:51,21:54,21:56,21:59,22:01,,,,22:08,,,22:14,,,,22:22,22:25,,22:29,22:34,,,,,,,,,,,,,,
90011,,21:55,21:58,22:00,22:03,22:05,22:08,22:11,22:14,22:16,22:18,22:21,22:25,,,,,,,,,,,,,,,,,,,,,,
90013,,,,,,,,,,,,,,,,,,,,,,,22:55,22:59,23:04,23:10,,,,,,,,,
90015,,,,,,,,,,,,,,,,,22:39,22:44,22:47,22:49,22:53,22:56,23:02,23:06,23:11,23:18,,,,,,,,,
93001,,,,,,,,,,,,,,,,,,,,,,,22:40,22:46,22:51,22:56,23:02,23:07,23:13,23:20,,,,,
90001,,21:36,21:39,21:41,21:44,21:46,21:49,21:52,21:55,21:57,21:59,22:02,22:06,22:09,22:11,22:14,22:20,22:23,22:26,22:28,22:32,22:35,22:41,,,,,,,,,,,,
92001,,21:39,21:42,21:44,21:47,21:49,21:52,21:55,21:58,22:00,22:02,22:05,22:09,22:12,22:14,22:17,22:23,22:27,22:30,22:32,22:36,22:39,22:46,,,,,,,,,,,,
92003,,21:42,21:45,21:47,21:50,21:52,21:55,21:58,22:01,22:03,22:05,22:08,22:12,22:15,22:17,22:20,22:26,22:30,22:33,22:35,22:39,22:43,22:49,,,,,,,,,,,,
90003,,21:44,21:47,21:49,21:52,21:54,,,,22:01,,,22:06,,,,22:15,,,,,,22:31,22:35,22:40,22:45,22:51,22:56,23:02,23:09,,,,,
92005,,21:45,21:48,21:50,21:53,21:55,21:58,22:01,22:04,22:06,22:08,22:11,22:15,22:18,22:20,22:23,22:29,22:33,22:36,22:38,22:42,22:46,22:52,,,,,,,,,,,,
93003,,21:48,21:51,21:53,21:56,21:58,22:01,22:04,22:07,22:09,22:11,22:14,22:18,22:21,22:23,22:26,22:32,22:36,22:39,22:41,22:45,22:49,22:55,,,,,,,,,,,,
90007,,21:48,21:51,21:53,21:56,21:58,,,,22:05,,,22:10,,,,22:19,,,,22:28,22:31,22:39,,,,,,,,,,,,
94001,,21:52,21:55,21:57,22:00,22:02,22:05,22:08,22:11,22:13,22:15,22:18,22:22,22:26,22:28,22:31,22:37,22:41,22:44,22:46,22:50,22:53,23:00,,,,,,,,,,,,
90009,,21:51,21:54,21:56,21:59,22:01,,,,22:08,,,22:14,,,,22:22,22:25,,22:29,22:34,,,,,,,,,,,,,,
90011,,21:55,21:58,22:00,22:03,22:05,22:08,22:11,22:14,22:16,22:18,22:21,22:25,,,,,,,,,,,,,,,,,,,,,,
90013,,,,,,,,,,,,,,,,,,,,,,,22:55,22:59,23:04,23:10,,,,,,,,,
90015,,,,,,,,,,,,,,,,,22:39,22:44,22:47,22:49,22:53,22:56,23:02,23:06,23:11,23:18,,,,,,,,,
93001,,21:57,22:00,22:02,22:05,,,,,22:14,,,22:20,,,,22:29,,,,,,22:45,22:50,22:55,23:00,23:06,23:11,23:16,23:22,,,,,
90001,,22:01,22:04,22:06,22:09,,,,,22:18,,,22:24,,,,22:33,,,,,,22:49,22:54,22:59,23:04,23:10,23:15,23:20,23:26,22:11,,,,
92001,,,,,,,,,,,,,22:31,22:36,22:38,22:41,22:47,22:50,22:53,22:55,23:00,23:03,23:09,23:13,23:18,23:24,23:30,23:35,23:40,23:47,,,,,
92003,,22:05,22:08,22:10,22:13,,,,,22:22,,,22:28,,,,22:37,,,,,,22:53,22:58,23:03,23:08,23:14,23:19,23:26,,22:15,,,,
90003,,22:05,22:08,22:10,22:13,,22:18,22:21,22:24,22:26,22:28,22:31,22:35,22:39,22:41,22:44,22:50,22:53,22:56,22:58,23:03,23:06,23:12,,,,,,,,22:15,,,,
92005,,22:09,22:12,22:14,22:17,,22:22,22:25,22:28,22:30,22:32,22:35,22:39,22:43,22:45,22:48,22:54,22:57,23:00,23:02,23:07,23:10,23:16,,,,,,,,22:19,,,,
93003,,22:12,22:15,22:17,22:20,,22:25,22:28,22:31,22:33,22:35,22:38,22:42,,,,,,,,,,,,,,,,,,22:22,,,,
90007,,22:12,22:15,22:17,22:20,,,,,22:29,,,22:35,,,,22:44,22:47,,22:52,22:57,23:00,23:06,,,,,,,,22:22,,,,
94001,,22:18,22:21,22:23,22:26,,,,,22:35,,,22:40,,,,22:48,,,,,,23:03,23:07,23:12,23:17,23:23,23:29,23:34,23:41,22:28,,,,
90009,,,,,,,,,,,,,,,,,,,,,,,23:19,23:24,23:29,23:34,23:40,23:45,23:50,23:56,,,,,
90011,,22:18,22:21,22:23,22:26,,22:31,22:34,22:37,22:39,22:41,22:44,22:48,22:51,22:53,22:56,23:02,23:06,23:09,23:11,23:15,23:18,23:25,,,,,,,,22:28,,,,
90013,,22:24,22:27,22:29,22:32,,,,,22:41,,,22:46,,,,22:54,22:57,,23:01,23:05,23:08,23:14,,,,,,,,22:34,,,,
90015,,22:23,22:26,22:28,22:31,,22:36,22:39,22:42,22:44,22:46,22:49,22:53,22:56,22:58,23:01,23:06,23:13,23:16,23:20,23:21,23:23,23:30,23:34,23:39,23:45,,,,,22:33,,,,
93001,,21:57,22:00,22:02,22:05,,,,,22:14,,,22:20,,,,22:29,,,,,,22:45,22:50,22:55,23:00,23:06,23:11,23:16,23:22,,,,,
90001,,22:01,22:04,22:06,22:09,,,,,22:18,,,22:24,,,,22:33,,,,,,22:49,22:54,22:59,23:04,23:10,23:15,23:20,23:26,22:11,,,,
92001,,,,,,,,,,,,,22:31,22:36,22:38,22:41,22:47,22:50,22:53,22:55,23:00,23:03,23:09,23:13,23:18,23:24,23:30,23:35,23:40,23:47,,,,,
92003,,22:05,22:08,22:10,22:13,,,,,22:22,,,22:28,,,,22:37,,,,,,22:53,22:58,23:03,23:08,23:14,23:19,23:26,,22:15,,,,
90003,,22:05,22:08,22:10,22:13,,22:18,22:21,22:24,22:26,22:28,22:31,22:35,22:39,22:41,22:44,22:50,22:53,22:56,22:58,23:03,23:06,23:12,,,,,,,,22:15,,,,
92005,,22:09,22:12,22:14,22:17,,22:22,22:25,22:28,22:30,22:32,22:35,22:39,22:43,22:45,22:48,22:54,22:57,23:00,23:02,23:07,23:10,23:16,,,,,,,,22:19,,,,
93003,,22:12,22:15,22:17,22:20,,22:25,22:28,22:31,22:33,22:35,22:38,22:42,,,,,,,,,,,,,,,,,,22:22,,,,
90007,,22:12,22:15,22:17,22:20,,,,,22:29,,,22:35,,,,22:44,22:47,,22:52,22:57,23:00,23:06,,,,,,,,22:22,,,,
94001,,22:18,22:21,22:23,22:26,,,,,22:35,,,22:40,,,,22:48,,,,,,23:03,23:07,23:12,23:17,23:23,23:29,23:34,23:41,22:28,,,,
90009,,,,,,,,,,,,,,,,,,,,,,,23:19,23:24,23:29,23:34,23:40,23:45,23:50,23:56,,,,,
90011,,22:18,22:21,22:23,22:26,,22:31,22:34,22:37,22:39,22:41,22:44,22:48,22:51,22:53,22:56,23:02,23:06,23:09,23:11,23:15,23:18,23:25,,,,,,,,22:28,,,,
90013,,22:24,22:27,22:29,22:32,,,,,22:41,,,22:46,,,,22:54,22:57,,23:01,23:05,23:08,23:14,,,,,,,,22:34,,,,
90015,,22:23,22:26,22:28,22:31,,22:36,22:39,22:42,22:44,22:46,22:49,22:53,22:56,22:58,23:01,23:06,23:13,23:16,23:20,23:21,23:23,23:30,23:34,23:39,23:45,,,,,22:33,,,,
93001,,22:30,22:33,22:35,22:38,22:40,,,,22:47,,,22:52,,,,23:00,,,,,,23:16,23:20,23:25,23:30,23:36,23:41,23:46,23:52,,,,,
90001,,,,,,,,,,,,,,,,,23:12,23:16,23:19,23:21,23:25,23:28,23:34,23:38,23:43,23:48,23:54,23:59,00:05,,,,,,
92001,,22:33,22:36,22:38,22:41,22:43,22:46,22:49,22:52,22:54,22:56,22:59,23:03,23:06,23:08,23:11,23:16,23:19,23:22,23:24,23:28,23:31,23:37,,,,,,,,,,,,
92003,,22:33,22:36,22:38,22:41,22:43,,,,22:50,,,22:55,,,,23:04,23:07,,23:12,23:16,23:19,23:25,,,,,,,,,,,,
90003,,22:36,22:39,22:41,22:44,22:46,22:49,22:52,22:55,22:57,22:59,23:02,23:06,23:09,23:11,23:14,23:19,23:22,23:25,23:27,23:31,23:34,23:40,23:44,23:49,23:55,,,,,,,,,
92005,,22:39,22:42,22:44,22:47,22:49,22:52,22:55,22:58,23:00,23:02,23:05,23:09,23:12,23:14,23:17,23:22,23:25,23:28,23:30,23:34,23:37,23:44,,,,,,,,,,,,
93003,,22:42,22:45,22:47,22:50,22:52,,,,22:59,,,23:04,,,,23:13,,,,,,23:26,23:30,23:35,23:40,23:46,23:51,23:56,00:02,,,,,
90007,,22:45,22:48,22:50,22:53,22:55,22:58,23:01,23:04,23:06,23:08,23:11,23:15,,,,,,,,,,,,,,,,,,,,,,
94001,,22:49,22:52,22:54,22:57,22:59,23:02,23:05,23:08,23:10,23:12,23:15,23:19,23:23,23:25,23:28,23:34,23:37,23:40,23:42,23:46,23:49,23:56,,,,,,,,,,,,
90009,,,,,,,,,,,,,,,,,23:37,23:40,23:43,23:45,23:49,23:52,23:58,00:02,00:07,00:12,00:18,00:23,00:28,00:35,,,,,
90011,,22:53,22:56,22:58,23:01,23:03,23:06,23:09,23:12,23:15,23:17,23:20,23:25,23:28,23:31,23:34,23:40,23:43,23:46,23:48,23:52,23:55,00:02,,,,,,,,,,,,
90013,,23:00,23:03,23:05,23:08,23:10,23:13,23:16,23:19,23:21,23:23,23:26,23:30,,,,,,,,,,,,,,,,,,,,,,
90015,,23:05,23:08,23:10,23:13,23:15,,,,23:23,,,23:28,,,,23:37,,,,,,23:52,23:56,00:01,00:06,00:12,00:17,00:22,00:29,,,,,
93001,,23:09,23:12,23:14,23:17,23:19,23:22,23:25,23:28,23:30,23:32,23:35,23:39,23:42,23:44,23:47,23:52,23:55,23:58,00:00,00:04,00:07,00:13,00:17,00:22,00:28,,,,,,,,,
90001,,23:12,23:15,23:17,23:20,23:22,,,,23:29,,,23:34,,,,23:43,23:47,,23:52,23:56,23:59,00:05,00:09,00:14,00:20,,,,,,,,,
92001,,23:15,23:18,23:20,23:23,23:25,23:28,23:31,23:34,23:36,23:39,23:42,23:46,23:49,23:51,23:54,23:59,00:02,00:05,00:07,00:11,00:14,00:21,,,,,,,,,,,,
92003,,,,,,,,,,,,,,,,,23:55,,,,,,00:10,00:13,00:18,00:25,,,,,,,,,
90003,,23:21,23:24,23:26,23:29,23:31,23:34,23:37,23:40,23:42,23:44,23:47,23:51,23:54,23:56,23:59,00:05,00:08,00:11,00:13,00:17,00:20,00:25,00:28,00:33,00:40,,,,,,,,,
92005,,23:23,23:26,23:28,23:31,23:33,,,,23:40,,,23:46,,,,23:56,00:00,,00:05,00:09,00:12,00:18,00:21,00:26,00:31,00:37,00:42,00:47,00:53,,,,,
93003,,23:27,23:30,23:32,23:35,23:37,23:40,23:43,23:46,23:48,23:50,23:53,23:57,00:01,00:04,00:07,00:14,00:17,00:20,00:23,00:27,00:30,00:35,00:39,00:44,00:50,,,,,,,,,
90007,,23:31,23:34,23:36,23:39,23:41,23:44,23:47,23:50,23:52,23:54,23:57,00:02,,,,,,,,,,,,,,,,,,,,,,
94001,,23:38,23:41,23:43,23:46,23:48,23:51,23:54,23:57,23:59,00:01,00:04,00:08,00:11,00:14,00:17,00:22,00:25,00:28,00:30,00:34,00:37,00:43,00:47,00:52,01:00,,,,,,,,,
90009,,23:40,23:43,23:45,23:48,23:50,,,,23:57,,,00:02,,,,00:11,00:14,,00:19,00:23,00:26,00:31,00:35,00:40,00:45,00:51,00:56,01:01,01:08,,,,,
90011,,23:46,23:49,23:51,23:54,23:56,23:59,00:02,00:05,00:07,00:09,00:12,00:16,00:19,00:21,00:24,00:30,00:33,00:36,00:38,00:42,00:45,00:51,00:55,01:00,01:05,01:11,01:16,01:20,,,,,,
90013,,23:49,23:52,23:54,23:57,23:59,00:02,00:05,00:08,00:10,00:12,00:15,00:19,00:22,00:24,00:27,00:33,00:36,00:39,00:45,,,,,,,,,,,,,,,
90015,,23:52,23:55,23:57,00:00,00:02,00:05,00:08,00:11,00:13,00:15,00:18,00:22,00:26,00:28,00:31,00:37,00:40,00:43,00:45,00:49,00:52,00:59,,,,,,,,,,,,
93001,,23:58,00:01,00:03,00:06,00:08,00:11,00:14,00:17,00:19,00:21,00:24,00:28,00:31,00:33,00:36,00:42,00:45,00:48,00:50,00:54,00:57,01:03,01:07,01:12,01:17,01:23,01:28,01:33,01:40,,,,,
90001,,,,,,,,,,,,,,,,,00:46,00:49,00:52,00:54,00:58,01:01,01:07,01:11,01:16,01:23,,,,,,,,,
92001,,00:09,00:12,00:14,00:17,00:19,00:22,00:25,00:28,00:30,00:32,00:35,00:40,00:43,00:45,00:48,00:53,00:56,00:59,01:01,01:05,01:08,01:14,01:18,01:23,01:29,,,,,,,,,
92003,,00:13,00:16,00:18,00:21,00:23,00:26,00:29,00:32,00:34,00:36,00:39,00:43,00:46,00:48,00:51,00:57,,,,,,,,,,,,,,,,,,
90003,,00:16,00:19,00:21,00:24,00:26,00:29,00:32,00:35,00:37,00:39,00:42,00:46,00:49,00:51,00:54,01:00,01:03,01:06,01:08,01:12,01:15,01:22,,,,,,,,,,,,
92005,,00:20,00:23,00:25,00:28,00:30,00:33,00:36,00:39,00:41,00:43,00:46,00:50,00:53,00:55,00:58,01:04,01:07,01:10,01:12,01:16,01:19,01:24,01:27,01:32,01:37,01:43,01:48,01:53,02:00,,,,,
93003,,00:28,00:31,00:33,00:36,00:38,00:41,00:44,00:47,00:49,00:51,00:54,00:58,01:01,01:03,01:06,01:11,01:14,01:17,01:19,01:23,01:26,01:32,01:36,01:41,01:48,,,,,,,,,
90007,,00:31,00:34,00:36,00:39,00:41,00:44,00:47,00:50,00:52,00:54,00:57,01:02,,,,,,,,,,,,,,,,,,,,,,
94001,,00:38,00:41,00:43,00:46,00:48,00:51,00:54,00:57,00:59,01:01,01:04,01:08,01:11,01:13,01:16,01:22,01:25,01:28,01:30,01:34,01:37,01:43,,,,,,,,,,,,
90009,,00:43,00:46,00:48,00:51,00:53,00:56,00:59,01:02,01:04,01:06,01:09,01:13,01:16,01:18,01:21,01:27,01:30,01:33,01:35,01:39,01:42,01:48,01:52,01:57,02:03,,,,,,,,,
90011,,00:50,00:53,00:55,00:58,01:00,01:03,01:06,01:09,01:11,01:13,01:16,01:21,01:24,01:26,01:29,01:34,01:37,01:40,01:42,01:46,01:49,01:54,01:58,02:03,02:08,02:14,02:19,02:24,02:30,,,,,
90013,,01:00,01:03,01:05,01:08,01:10,01:13,01:16,01:19,01:21,01:23,01:26,01:30,01:33,01:35,01:38,01:44,01:47,01:50,01:52,01:56,01:59,02:05,,,,,,,,,,,,
